customer_id,signup_date,age,region,kyc_tier,is_active_agent_network,churn
CUST_00001,2023-01-01 00:00:00.000000,56,Eldoret,Tier_2,0,0
CUST_00002,2023-01-01 05:15:25.385077,69,Nairobi,Tier_2,0,1
CUST_00003,2023-01-01 10:30:50.770154,46,Nakuru,Tier_3,0,1
CUST_00004,2023-01-01 15:46:16.155231,32,Nairobi,Tier_2,1,0
CUST_00005,2023-01-01 21:01:41.540308,60,Kisumu,Tier_3,1,1
CUST_00006,2023-01-02 02:17:06.925385,25,Eldoret,Tier_1,0,0
CUST_00007,2023-01-02 07:32:32.310462,38,Nairobi,Tier_1,0,0
CUST_00008,2023-01-02 12:47:57.695539,56,Nairobi,Tier_2,0,0
CUST_00009,2023-01-02 18:03:23.080616,36,Mombasa,Tier_2,0,0
CUST_00010,2023-01-02 23:18:48.465693,40,Nairobi,Tier_3,0,0
CUST_00011,2023-01-03 04:34:13.850770,28,Kisumu,Tier_3,0,0
CUST_00012,2023-01-03 09:49:39.235847,28,Eldoret,Tier_2,0,0
CUST_00013,2023-01-03 15:05:04.620924,41,Mombasa,Tier_1,1,0
CUST_00014,2023-01-03 20:20:30.006001,53,Nairobi,Tier_3,1,0
CUST_00015,2023-01-04 01:35:55.391078,57,Mombasa,Tier_2,0,0
CUST_00016,2023-01-04 06:51:20.776155,41,Kisumu,Tier_1,0,0
CUST_00017,2023-01-04 12:06:46.161232,20,Nairobi,Tier_2,1,0
CUST_00018,2023-01-04 17:22:11.546309,39,Mombasa,Tier_3,1,0
CUST_00019,2023-01-04 22:37:36.931386,19,Kisumu,Tier_3,0,1
CUST_00020,2023-01-05 03:53:02.316463,41,Kisumu,Tier_2,0,0
CUST_00021,2023-01-05 09:08:27.701540,61,Nairobi,Tier_2,0,0
CUST_00022,2023-01-05 14:23:53.086617,47,Kisumu,Tier_3,0,0
CUST_00023,2023-01-05 19:39:18.471694,55,Nairobi,Tier_2,0,0
CUST_00024,2023-01-06 00:54:43.856771,19,Nairobi,Tier_2,0,0
CUST_00025,2023-01-06 06:10:09.241848,38,Nakuru,Tier_2,0,0
CUST_00026,2023-01-06 11:25:34.626925,50,Kisumu,Tier_3,0,0
CUST_00027,2023-01-06 16:41:00.012002,29,Nairobi,Tier_2,0,0
CUST_00028,2023-01-06 21:56:25.397079,39,Nairobi,Tier_1,1,0
CUST_00029,2023-01-07 03:11:50.782156,61,Nairobi,Tier_2,0,0
CUST_00030,2023-01-07 08:27:16.167233,42,Nairobi,Tier_2,0,0
CUST_00031,2023-01-07 13:42:41.552310,66,Nairobi,Tier_2,0,0
CUST_00032,2023-01-07 18:58:06.937387,44,Nairobi,Tier_1,0,0
CUST_00033,2023-01-08 00:13:32.322464,59,Mombasa,Tier_2,0,0
CUST_00034,2023-01-08 05:28:57.707541,45,Kisumu,Tier_2,0,0
CUST_00035,2023-01-08 10:44:23.092618,33,Kisumu,Tier_1,0,0
CUST_00036,2023-01-08 15:59:48.477695,32,Kisumu,Tier_1,0,0
CUST_00037,2023-01-08 21:15:13.862772,64,Nairobi,Tier_3,0,0
CUST_00038,2023-01-09 02:30:39.247849,68,Eldoret,Tier_3,1,1
CUST_00039,2023-01-09 07:46:04.632926,61,Nakuru,Tier_2,0,0
CUST_00040,2023-01-09 13:01:30.018003,69,Nakuru,Tier_3,0,0
CUST_00041,2023-01-09 18:16:55.403080,20,Nakuru,Tier_2,0,0
CUST_00042,2023-01-09 23:32:20.788157,54,Eldoret,Tier_3,0,0
CUST_00043,2023-01-10 04:47:46.173234,68,Mombasa,Tier_2,0,0
CUST_00044,2023-01-10 10:03:11.558311,24,Nairobi,Tier_2,0,0
CUST_00045,2023-01-10 15:18:36.943388,38,Kisumu,Tier_1,1,0
CUST_00046,2023-01-10 20:34:02.328465,26,Kisumu,Tier_2,1,1
CUST_00047,2023-01-11 01:49:27.713542,56,Kisumu,Tier_3,0,1
CUST_00048,2023-01-11 07:04:53.098619,35,Mombasa,Tier_2,1,0
CUST_00049,2023-01-11 12:20:18.483696,21,Nairobi,Tier_2,0,0
CUST_00050,2023-01-11 17:35:43.868773,42,Nairobi,Tier_1,1,1
CUST_00051,2023-01-11 22:51:09.253850,31,Eldoret,Tier_3,0,0
CUST_00052,2023-01-12 04:06:34.638927,67,Mombasa,Tier_2,0,0
CUST_00053,2023-01-12 09:22:00.024004,26,Mombasa,Tier_2,0,0
CUST_00054,2023-01-12 14:37:25.409081,43,Nairobi,Tier_3,0,0
CUST_00055,2023-01-12 19:52:50.794158,19,Nairobi,Tier_1,1,0
CUST_00056,2023-01-13 01:08:16.179235,37,Nakuru,Tier_2,1,0
CUST_00057,2023-01-13 06:23:41.564312,45,Kisumu,Tier_3,0,0
CUST_00058,2023-01-13 11:39:06.949389,64,Nakuru,Tier_2,1,0
CUST_00059,2023-01-13 16:54:32.334466,24,Mombasa,Tier_2,1,0
CUST_00060,2023-01-13 22:09:57.719543,61,Kisumu,Tier_2,0,0
CUST_00061,2023-01-14 03:25:23.104620,25,Nairobi,Tier_3,0,1
CUST_00062,2023-01-14 08:40:48.489697,64,Kisumu,Tier_1,0,0
CUST_00063,2023-01-14 13:56:13.874774,52,Mombasa,Tier_3,0,0
CUST_00064,2023-01-14 19:11:39.259851,31,Mombasa,Tier_3,0,0
CUST_00065,2023-01-15 00:27:04.644928,34,Kisumu,Tier_1,0,0
CUST_00066,2023-01-15 05:42:30.030006,53,Eldoret,Tier_3,0,0
CUST_00067,2023-01-15 10:57:55.415083,67,Nairobi,Tier_2,0,0
CUST_00068,2023-01-15 16:13:20.800160,57,Nakuru,Tier_2,1,0
CUST_00069,2023-01-15 21:28:46.185237,21,Nairobi,Tier_3,0,0
CUST_00070,2023-01-16 02:44:11.570314,19,Mombasa,Tier_3,0,0
CUST_00071,2023-01-16 07:59:36.955391,23,Nairobi,Tier_1,0,0
CUST_00072,2023-01-16 13:15:02.340468,59,Nairobi,Tier_2,0,0
CUST_00073,2023-01-16 18:30:27.725545,21,Mombasa,Tier_2,0,0
CUST_00074,2023-01-16 23:45:53.110622,46,Nairobi,Tier_2,0,0
CUST_00075,2023-01-17 05:01:18.495699,35,Mombasa,Tier_2,0,1
CUST_00076,2023-01-17 10:16:43.880776,43,Eldoret,Tier_1,0,0
CUST_00077,2023-01-17 15:32:09.265853,61,Nairobi,Tier_2,0,0
CUST_00078,2023-01-17 20:47:34.650930,51,Nakuru,Tier_2,0,0
CUST_00079,2023-01-18 02:03:00.036007,27,Mombasa,Tier_1,0,0
CUST_00080,2023-01-18 07:18:25.421084,53,Kisumu,Tier_3,0,1
CUST_00081,2023-01-18 12:33:50.806161,31,Nairobi,Tier_3,0,0
CUST_00082,2023-01-18 17:49:16.191238,48,Nairobi,Tier_2,0,0
CUST_00083,2023-01-18 23:04:41.576315,65,Nairobi,Tier_2,1,0
CUST_00084,2023-01-19 04:20:06.961392,32,Nairobi,Tier_2,0,0
CUST_00085,2023-01-19 09:35:32.346469,25,Nairobi,Tier_2,1,0
CUST_00086,2023-01-19 14:50:57.731546,31,Kisumu,Tier_2,1,0
CUST_00087,2023-01-19 20:06:23.116623,40,Nakuru,Tier_3,0,0
CUST_00088,2023-01-20 01:21:48.501700,57,Nakuru,Tier_1,0,0
CUST_00089,2023-01-20 06:37:13.886777,38,Kisumu,Tier_1,0,0
CUST_00090,2023-01-20 11:52:39.271854,33,Nairobi,Tier_1,0,0
CUST_00091,2023-01-20 17:08:04.656931,62,Nairobi,Tier_1,0,0
CUST_00092,2023-01-20 22:23:30.042008,35,Nairobi,Tier_1,0,0
CUST_00093,2023-01-21 03:38:55.427085,64,Nairobi,Tier_3,0,0
CUST_00094,2023-01-21 08:54:20.812162,41,Mombasa,Tier_2,0,1
CUST_00095,2023-01-21 14:09:46.197239,43,Mombasa,Tier_1,1,1
CUST_00096,2023-01-21 19:25:11.582316,42,Nairobi,Tier_2,0,0
CUST_00097,2023-01-22 00:40:36.967393,62,Nairobi,Tier_3,1,0
CUST_00098,2023-01-22 05:56:02.352470,58,Nakuru,Tier_2,1,0
CUST_00099,2023-01-22 11:11:27.737547,46,Nakuru,Tier_2,1,0
CUST_00100,2023-01-22 16:26:53.122624,32,Nairobi,Tier_3,1,0
CUST_00101,2023-01-22 21:42:18.507701,62,Eldoret,Tier_2,0,0
CUST_00102,2023-01-23 02:57:43.892778,18,Eldoret,Tier_2,0,0
CUST_00103,2023-01-23 08:13:09.277855,42,Nairobi,Tier_2,0,0
CUST_00104,2023-01-23 13:28:34.662932,24,Nairobi,Tier_2,0,0
CUST_00105,2023-01-23 18:44:00.048009,26,Mombasa,Tier_2,1,0
CUST_00106,2023-01-23 23:59:25.433086,41,Eldoret,Tier_2,1,0
CUST_00107,2023-01-24 05:14:50.818163,18,Nakuru,Tier_2,0,0
CUST_00108,2023-01-24 10:30:16.203240,61,Nairobi,Tier_2,0,0
CUST_00109,2023-01-24 15:45:41.588317,25,Nairobi,Tier_1,0,0
CUST_00110,2023-01-24 21:01:06.973394,41,Mombasa,Tier_1,0,0
CUST_00111,2023-01-25 02:16:32.358471,28,Mombasa,Tier_2,0,0
CUST_00112,2023-01-25 07:31:57.743548,68,Nairobi,Tier_3,0,0
CUST_00113,2023-01-25 12:47:23.128625,34,Nakuru,Tier_2,1,0
CUST_00114,2023-01-25 18:02:48.513702,25,Kisumu,Tier_2,0,0
CUST_00115,2023-01-25 23:18:13.898779,52,Nakuru,Tier_2,1,0
CUST_00116,2023-01-26 04:33:39.283856,52,Nakuru,Tier_1,0,1
CUST_00117,2023-01-26 09:49:04.668933,50,Kisumu,Tier_1,1,0
CUST_00118,2023-01-26 15:04:30.054010,22,Mombasa,Tier_2,0,0
CUST_00119,2023-01-26 20:19:55.439087,59,Kisumu,Tier_1,1,0
CUST_00120,2023-01-27 01:35:20.824164,56,Nairobi,Tier_1,0,0
CUST_00121,2023-01-27 06:50:46.209241,58,Kisumu,Tier_3,0,0
CUST_00122,2023-01-27 12:06:11.594318,45,Nairobi,Tier_1,0,0
CUST_00123,2023-01-27 17:21:36.979395,24,Kisumu,Tier_2,1,1
CUST_00124,2023-01-27 22:37:02.364472,26,Nairobi,Tier_2,0,0
CUST_00125,2023-01-28 03:52:27.749549,25,Nairobi,Tier_2,0,0
CUST_00126,2023-01-28 09:07:53.134626,29,Nairobi,Tier_2,0,0
CUST_00127,2023-01-28 14:23:18.519703,51,Nairobi,Tier_2,0,0
CUST_00128,2023-01-28 19:38:43.904780,50,Kisumu,Tier_2,1,0
CUST_00129,2023-01-29 00:54:09.289857,65,Kisumu,Tier_3,0,0
CUST_00130,2023-01-29 06:09:34.674934,40,Mombasa,Tier_3,0,0
CUST_00131,2023-01-29 11:25:00.060012,41,Nairobi,Tier_1,1,0
CUST_00132,2023-01-29 16:40:25.445089,54,Nairobi,Tier_1,1,0
CUST_00133,2023-01-29 21:55:50.830166,52,Nairobi,Tier_3,1,0
CUST_00134,2023-01-30 03:11:16.215243,61,Nairobi,Tier_2,0,0
CUST_00135,2023-01-30 08:26:41.600320,57,Nakuru,Tier_2,0,0
CUST_00136,2023-01-30 13:42:06.985397,39,Nairobi,Tier_2,0,0
CUST_00137,2023-01-30 18:57:32.370474,44,Nairobi,Tier_1,1,1
CUST_00138,2023-01-31 00:12:57.755551,52,Nairobi,Tier_2,0,1
CUST_00139,2023-01-31 05:28:23.140628,18,Nairobi,Tier_2,0,0
CUST_00140,2023-01-31 10:43:48.525705,52,Mombasa,Tier_2,0,0
CUST_00141,2023-01-31 15:59:13.910782,54,Kisumu,Tier_2,0,0
CUST_00142,2023-01-31 21:14:39.295859,64,Nairobi,Tier_3,1,0
CUST_00143,2023-02-01 02:30:04.680936,31,Nairobi,Tier_2,0,0
CUST_00144,2023-02-01 07:45:30.066013,20,Nairobi,Tier_1,0,0
CUST_00145,2023-02-01 13:00:55.451090,18,Nairobi,Tier_2,1,0
CUST_00146,2023-02-01 18:16:20.836167,22,Nairobi,Tier_3,0,0
CUST_00147,2023-02-01 23:31:46.221244,43,Eldoret,Tier_3,0,0
CUST_00148,2023-02-02 04:47:11.606321,31,Kisumu,Tier_2,1,0
CUST_00149,2023-02-02 10:02:36.991398,56,Mombasa,Tier_1,1,0
CUST_00150,2023-02-02 15:18:02.376475,44,Mombasa,Tier_3,0,0
CUST_00151,2023-02-02 20:33:27.761552,26,Mombasa,Tier_2,0,0
CUST_00152,2023-02-03 01:48:53.146629,32,Mombasa,Tier_1,0,0
CUST_00153,2023-02-03 07:04:18.531706,32,Kisumu,Tier_2,1,0
CUST_00154,2023-02-03 12:19:43.916783,43,Kisumu,Tier_2,1,0
CUST_00155,2023-02-03 17:35:09.301860,59,Nairobi,Tier_2,0,0
CUST_00156,2023-02-03 22:50:34.686937,30,Mombasa,Tier_2,0,0
CUST_00157,2023-02-04 04:06:00.072014,68,Mombasa,Tier_2,0,0
CUST_00158,2023-02-04 09:21:25.457091,49,Nakuru,Tier_3,0,1
CUST_00159,2023-02-04 14:36:50.842168,56,Kisumu,Tier_3,0,0
CUST_00160,2023-02-04 19:52:16.227245,66,Mombasa,Tier_3,1,0
CUST_00161,2023-02-05 01:07:41.612322,69,Nairobi,Tier_3,0,0
CUST_00162,2023-02-05 06:23:06.997399,49,Kisumu,Tier_1,0,0
CUST_00163,2023-02-05 11:38:32.382476,21,Nairobi,Tier_2,0,0
CUST_00164,2023-02-05 16:53:57.767553,47,Nairobi,Tier_2,0,0
CUST_00165,2023-02-05 22:09:23.152630,54,Nairobi,Tier_3,0,0
CUST_00166,2023-02-06 03:24:48.537707,40,Kisumu,Tier_2,0,0
CUST_00167,2023-02-06 08:40:13.922784,56,Nairobi,Tier_3,0,0
CUST_00168,2023-02-06 13:55:39.307861,62,Nairobi,Tier_2,0,0
CUST_00169,2023-02-06 19:11:04.692938,32,Nakuru,Tier_3,0,0
CUST_00170,2023-02-07 00:26:30.078015,60,Nairobi,Tier_1,1,1
CUST_00171,2023-02-07 05:41:55.463092,46,Mombasa,Tier_1,0,0
CUST_00172,2023-02-07 10:57:20.848169,53,Mombasa,Tier_3,0,0
CUST_00173,2023-02-07 16:12:46.233246,30,Nairobi,Tier_1,1,1
CUST_00174,2023-02-07 21:28:11.618323,49,Nakuru,Tier_3,0,0
CUST_00175,2023-02-08 02:43:37.003400,24,Nairobi,Tier_1,1,0
CUST_00176,2023-02-08 07:59:02.388477,68,Mombasa,Tier_2,0,0
CUST_00177,2023-02-08 13:14:27.773554,39,Mombasa,Tier_2,1,1
CUST_00178,2023-02-08 18:29:53.158631,45,Kisumu,Tier_2,1,0
CUST_00179,2023-02-08 23:45:18.543708,19,Kisumu,Tier_2,1,0
CUST_00180,2023-02-09 05:00:43.928785,59,Nairobi,Tier_2,0,0
CUST_00181,2023-02-09 10:16:09.313862,62,Nairobi,Tier_1,0,0
CUST_00182,2023-02-09 15:31:34.698939,23,Kisumu,Tier_1,0,0
CUST_00183,2023-02-09 20:47:00.084016,45,Mombasa,Tier_2,0,0
CUST_00184,2023-02-10 02:02:25.469093,45,Nakuru,Tier_2,1,1
CUST_00185,2023-02-10 07:17:50.854170,61,Nakuru,Tier_3,0,0
CUST_00186,2023-02-10 12:33:16.239247,61,Nakuru,Tier_2,0,0
CUST_00187,2023-02-10 17:48:41.624324,37,Mombasa,Tier_2,0,0
CUST_00188,2023-02-10 23:04:07.009401,47,Nairobi,Tier_2,0,0
CUST_00189,2023-02-11 04:19:32.394478,28,Nakuru,Tier_1,1,0
CUST_00190,2023-02-11 09:34:57.779555,45,Mombasa,Tier_2,1,0
CUST_00191,2023-02-11 14:50:23.164632,42,Nairobi,Tier_3,0,0
CUST_00192,2023-02-11 20:05:48.549709,56,Nakuru,Tier_3,0,1
CUST_00193,2023-02-12 01:21:13.934786,50,Nakuru,Tier_2,0,1
CUST_00194,2023-02-12 06:36:39.319863,18,Mombasa,Tier_2,0,0
CUST_00195,2023-02-12 11:52:04.704940,44,Nairobi,Tier_3,1,0
CUST_00196,2023-02-12 17:07:30.090018,69,Nairobi,Tier_2,1,0
CUST_00197,2023-02-12 22:22:55.475095,30,Nakuru,Tier_1,0,0
CUST_00198,2023-02-13 03:38:20.860172,58,Eldoret,Tier_1,0,0
CUST_00199,2023-02-13 08:53:46.245249,20,Nairobi,Tier_2,0,0
CUST_00200,2023-02-13 14:09:11.630326,56,Nairobi,Tier_3,0,0
CUST_00201,2023-02-13 19:24:37.015403,23,Nakuru,Tier_2,0,0
CUST_00202,2023-02-14 00:40:02.400480,25,Nairobi,Tier_1,0,0
CUST_00203,2023-02-14 05:55:27.785557,44,Mombasa,Tier_1,0,0
CUST_00204,2023-02-14 11:10:53.170634,26,Eldoret,Tier_3,0,0
CUST_00205,2023-02-14 16:26:18.555711,54,Nairobi,Tier_3,0,0
CUST_00206,2023-02-14 21:41:43.940788,50,Kisumu,Tier_2,1,0
CUST_00207,2023-02-15 02:57:09.325865,68,Nairobi,Tier_2,1,0
CUST_00208,2023-02-15 08:12:34.710942,59,Nairobi,Tier_1,0,0
CUST_00209,2023-02-15 13:28:00.096019,61,Nakuru,Tier_3,0,0
CUST_00210,2023-02-15 18:43:25.481096,41,Mombasa,Tier_3,0,0
CUST_00211,2023-02-15 23:58:50.866173,32,Eldoret,Tier_2,0,0
CUST_00212,2023-02-16 05:14:16.251250,49,Mombasa,Tier_3,0,0
CUST_00213,2023-02-16 10:29:41.636327,49,Nairobi,Tier_2,1,0
CUST_00214,2023-02-16 15:45:07.021404,41,Nairobi,Tier_1,0,0
CUST_00215,2023-02-16 21:00:32.406481,58,Nairobi,Tier_2,0,0
CUST_00216,2023-02-17 02:15:57.791558,69,Nairobi,Tier_1,0,0
CUST_00217,2023-02-17 07:31:23.176635,66,Nairobi,Tier_2,1,0
CUST_00218,2023-02-17 12:46:48.561712,66,Nairobi,Tier_2,1,0
CUST_00219,2023-02-17 18:02:13.946789,69,Mombasa,Tier_2,0,0
CUST_00220,2023-02-17 23:17:39.331866,29,Kisumu,Tier_2,0,0
CUST_00221,2023-02-18 04:33:04.716943,56,Kisumu,Tier_2,0,0
CUST_00222,2023-02-18 09:48:30.102020,19,Kisumu,Tier_1,0,0
CUST_00223,2023-02-18 15:03:55.487097,20,Nairobi,Tier_2,0,0
CUST_00224,2023-02-18 20:19:20.872174,66,Nairobi,Tier_2,0,0
CUST_00225,2023-02-19 01:34:46.257251,54,Kisumu,Tier_2,0,0
CUST_00226,2023-02-19 06:50:11.642328,66,Mombasa,Tier_3,0,0
CUST_00227,2023-02-19 12:05:37.027405,34,Nairobi,Tier_3,0,0
CUST_00228,2023-02-19 17:21:02.412482,66,Nakuru,Tier_3,1,0
CUST_00229,2023-02-19 22:36:27.797559,19,Nakuru,Tier_2,0,0
CUST_00230,2023-02-20 03:51:53.182636,19,Mombasa,Tier_1,0,0
CUST_00231,2023-02-20 09:07:18.567713,45,Nairobi,Tier_2,0,0
CUST_00232,2023-02-20 14:22:43.952790,40,Nakuru,Tier_2,0,0
CUST_00233,2023-02-20 19:38:09.337867,54,Mombasa,Tier_2,0,0
CUST_00234,2023-02-21 00:53:34.722944,49,Nakuru,Tier_1,0,0
CUST_00235,2023-02-21 06:09:00.108021,50,Nakuru,Tier_3,0,0
CUST_00236,2023-02-21 11:24:25.493098,18,Nakuru,Tier_1,0,0
CUST_00237,2023-02-21 16:39:50.878175,36,Mombasa,Tier_3,0,0
CUST_00238,2023-02-21 21:55:16.263252,19,Nairobi,Tier_3,0,0
CUST_00239,2023-02-22 03:10:41.648329,61,Kisumu,Tier_2,1,0
CUST_00240,2023-02-22 08:26:07.033406,43,Kisumu,Tier_3,0,0
CUST_00241,2023-02-22 13:41:32.418483,49,Kisumu,Tier_2,0,0
CUST_00242,2023-02-22 18:56:57.803560,23,Nairobi,Tier_3,0,0
CUST_00243,2023-02-23 00:12:23.188637,49,Nairobi,Tier_2,1,0
CUST_00244,2023-02-23 05:27:48.573714,21,Nakuru,Tier_3,0,0
CUST_00245,2023-02-23 10:43:13.958791,28,Kisumu,Tier_2,1,0
CUST_00246,2023-02-23 15:58:39.343868,34,Eldoret,Tier_3,1,1
CUST_00247,2023-02-23 21:14:04.728945,55,Nakuru,Tier_2,0,0
CUST_00248,2023-02-24 02:29:30.114022,41,Mombasa,Tier_2,0,0
CUST_00249,2023-02-24 07:44:55.499099,22,Kisumu,Tier_3,0,0
CUST_00250,2023-02-24 13:00:20.884176,69,Nakuru,Tier_3,1,0
CUST_00251,2023-02-24 18:15:46.269253,51,Mombasa,Tier_2,0,0
CUST_00252,2023-02-24 23:31:11.654330,23,Kisumu,Tier_1,0,1
CUST_00253,2023-02-25 04:46:37.039407,39,Nairobi,Tier_2,0,0
CUST_00254,2023-02-25 10:02:02.424484,28,Mombasa,Tier_3,0,0
CUST_00255,2023-02-25 15:17:27.809561,65,Kisumu,Tier_3,0,0
CUST_00256,2023-02-25 20:32:53.194638,33,Nairobi,Tier_3,0,0
CUST_00257,2023-02-26 01:48:18.579715,50,Nairobi,Tier_1,0,0
CUST_00258,2023-02-26 07:03:43.964792,26,Nairobi,Tier_2,0,0
CUST_00259,2023-02-26 12:19:09.349869,23,Nairobi,Tier_2,0,0
CUST_00260,2023-02-26 17:34:34.734946,33,Nairobi,Tier_3,1,0
CUST_00261,2023-02-26 22:50:00.120024,46,Mombasa,Tier_1,0,0
CUST_00262,2023-02-27 04:05:25.505101,20,Eldoret,Tier_3,1,0
CUST_00263,2023-02-27 09:20:50.890178,37,Mombasa,Tier_2,0,0
CUST_00264,2023-02-27 14:36:16.275255,53,Nairobi,Tier_1,0,0
CUST_00265,2023-02-27 19:51:41.660332,36,Nairobi,Tier_2,1,0
CUST_00266,2023-02-28 01:07:07.045409,43,Kisumu,Tier_2,0,0
CUST_00267,2023-02-28 06:22:32.430486,20,Nairobi,Tier_2,1,0
CUST_00268,2023-02-28 11:37:57.815563,36,Nakuru,Tier_1,1,0
CUST_00269,2023-02-28 16:53:23.200640,37,Kisumu,Tier_1,0,0
CUST_00270,2023-02-28 22:08:48.585717,49,Nakuru,Tier_3,0,0
CUST_00271,2023-03-01 03:24:13.970794,24,Nairobi,Tier_1,0,0
CUST_00272,2023-03-01 08:39:39.355871,69,Kisumu,Tier_2,0,0
CUST_00273,2023-03-01 13:55:04.740948,58,Nairobi,Tier_2,0,0
CUST_00274,2023-03-01 19:10:30.126025,50,Eldoret,Tier_2,0,1
CUST_00275,2023-03-02 00:25:55.511102,57,Kisumu,Tier_3,0,0
CUST_00276,2023-03-02 05:41:20.896179,56,Nairobi,Tier_2,0,0
CUST_00277,2023-03-02 10:56:46.281256,35,Nairobi,Tier_3,1,0
CUST_00278,2023-03-02 16:12:11.666333,57,Nairobi,Tier_2,1,0
CUST_00279,2023-03-02 21:27:37.051410,18,Kisumu,Tier_1,0,0
CUST_00280,2023-03-03 02:43:02.436487,28,Nairobi,Tier_1,1,0
CUST_00281,2023-03-03 07:58:27.821564,45,Mombasa,Tier_2,0,1
CUST_00282,2023-03-03 13:13:53.206641,42,Nairobi,Tier_2,0,0
CUST_00283,2023-03-03 18:29:18.591718,67,Kisumu,Tier_3,0,0
CUST_00284,2023-03-03 23:44:43.976795,40,Nakuru,Tier_2,0,0
CUST_00285,2023-03-04 05:00:09.361872,48,Nakuru,Tier_2,0,0
CUST_00286,2023-03-04 10:15:34.746949,47,Nakuru,Tier_1,1,1
CUST_00287,2023-03-04 15:31:00.132026,59,Nairobi,Tier_2,1,1
CUST_00288,2023-03-04 20:46:25.517103,52,Nairobi,Tier_2,0,0
CUST_00289,2023-03-05 02:01:50.902180,24,Kisumu,Tier_2,1,1
CUST_00290,2023-03-05 07:17:16.287257,33,Nairobi,Tier_2,0,0
CUST_00291,2023-03-05 12:32:41.672334,43,Mombasa,Tier_1,0,0
CUST_00292,2023-03-05 17:48:07.057411,65,Nairobi,Tier_2,1,0
CUST_00293,2023-03-05 23:03:32.442488,69,Nairobi,Tier_3,0,0
CUST_00294,2023-03-06 04:18:57.827565,66,Nairobi,Tier_2,0,0
CUST_00295,2023-03-06 09:34:23.212642,19,Nakuru,Tier_2,0,1
CUST_00296,2023-03-06 14:49:48.597719,18,Nairobi,Tier_3,0,0
CUST_00297,2023-03-06 20:05:13.982796,65,Mombasa,Tier_2,0,0
CUST_00298,2023-03-07 01:20:39.367873,29,Nairobi,Tier_2,0,0
CUST_00299,2023-03-07 06:36:04.752950,22,Kisumu,Tier_1,0,0
CUST_00300,2023-03-07 11:51:30.138027,54,Nairobi,Tier_2,0,0
CUST_00301,2023-03-07 17:06:55.523104,49,Nakuru,Tier_1,0,1
CUST_00302,2023-03-07 22:22:20.908181,26,Nakuru,Tier_3,0,0
CUST_00303,2023-03-08 03:37:46.293258,58,Nairobi,Tier_3,1,1
CUST_00304,2023-03-08 08:53:11.678335,52,Eldoret,Tier_3,0,0
CUST_00305,2023-03-08 14:08:37.063412,36,Eldoret,Tier_3,0,0
CUST_00306,2023-03-08 19:24:02.448489,65,Nakuru,Tier_2,0,0
CUST_00307,2023-03-09 00:39:27.833566,33,Nakuru,Tier_2,0,0
CUST_00308,2023-03-09 05:54:53.218643,20,Nairobi,Tier_3,0,0
CUST_00309,2023-03-09 11:10:18.603720,37,Mombasa,Tier_3,0,0
CUST_00310,2023-03-09 16:25:43.988797,41,Nairobi,Tier_2,1,0
CUST_00311,2023-03-09 21:41:09.373874,50,Nairobi,Tier_3,0,0
CUST_00312,2023-03-10 02:56:34.758951,41,Eldoret,Tier_2,0,0
CUST_00313,2023-03-10 08:12:00.144028,69,Nairobi,Tier_2,0,0
CUST_00314,2023-03-10 13:27:25.529105,28,Kisumu,Tier_2,0,0
CUST_00315,2023-03-10 18:42:50.914182,66,Nakuru,Tier_2,0,1
CUST_00316,2023-03-10 23:58:16.299259,25,Nakuru,Tier_1,0,0
CUST_00317,2023-03-11 05:13:41.684336,53,Eldoret,Tier_2,1,0
CUST_00318,2023-03-11 10:29:07.069413,55,Nairobi,Tier_2,0,0
CUST_00319,2023-03-11 15:44:32.454490,57,Nairobi,Tier_2,1,0
CUST_00320,2023-03-11 20:59:57.839567,37,Mombasa,Tier_2,0,0
CUST_00321,2023-03-12 02:15:23.224644,52,Nairobi,Tier_3,0,1
CUST_00322,2023-03-12 07:30:48.609721,65,Nairobi,Tier_2,0,0
CUST_00323,2023-03-12 12:46:13.994798,42,Nairobi,Tier_2,0,1
CUST_00324,2023-03-12 18:01:39.379875,52,Nakuru,Tier_1,1,0
CUST_00325,2023-03-12 23:17:04.764952,42,Mombasa,Tier_1,0,0
CUST_00326,2023-03-13 04:32:30.150030,46,Nairobi,Tier_3,0,1
CUST_00327,2023-03-13 09:47:55.535107,35,Kisumu,Tier_2,1,0
CUST_00328,2023-03-13 15:03:20.920184,63,Nairobi,Tier_3,1,0
CUST_00329,2023-03-13 20:18:46.305261,35,Nairobi,Tier_1,1,0
CUST_00330,2023-03-14 01:34:11.690338,19,Nakuru,Tier_2,1,0
CUST_00331,2023-03-14 06:49:37.075415,52,Kisumu,Tier_2,0,0
CUST_00332,2023-03-14 12:05:02.460492,33,Nakuru,Tier_2,1,0
CUST_00333,2023-03-14 17:20:27.845569,58,Nairobi,Tier_1,0,0
CUST_00334,2023-03-14 22:35:53.230646,53,Nakuru,Tier_1,1,0
CUST_00335,2023-03-15 03:51:18.615723,50,Kisumu,Tier_2,1,0
CUST_00336,2023-03-15 09:06:44.000800,21,Mombasa,Tier_1,0,0
CUST_00337,2023-03-15 14:22:09.385877,50,Kisumu,Tier_3,1,0
CUST_00338,2023-03-15 19:37:34.770954,31,Nakuru,Tier_2,0,0
CUST_00339,2023-03-16 00:53:00.156031,38,Mombasa,Tier_1,0,1
CUST_00340,2023-03-16 06:08:25.541108,65,Mombasa,Tier_1,0,0
CUST_00341,2023-03-16 11:23:50.926185,37,Eldoret,Tier_2,1,0
CUST_00342,2023-03-16 16:39:16.311262,25,Nakuru,Tier_1,0,0
CUST_00343,2023-03-16 21:54:41.696339,24,Mombasa,Tier_3,0,0
CUST_00344,2023-03-17 03:10:07.081416,20,Kisumu,Tier_3,0,0
CUST_00345,2023-03-17 08:25:32.466493,34,Nairobi,Tier_2,1,0
CUST_00346,2023-03-17 13:40:57.851570,50,Nairobi,Tier_2,0,0
CUST_00347,2023-03-17 18:56:23.236647,65,Mombasa,Tier_1,1,0
CUST_00348,2023-03-18 00:11:48.621724,29,Eldoret,Tier_2,1,1
CUST_00349,2023-03-18 05:27:14.006801,68,Eldoret,Tier_2,0,0
CUST_00350,2023-03-18 10:42:39.391878,39,Nairobi,Tier_2,0,0
CUST_00351,2023-03-18 15:58:04.776955,39,Mombasa,Tier_2,1,0
CUST_00352,2023-03-18 21:13:30.162032,63,Nairobi,Tier_2,1,0
CUST_00353,2023-03-19 02:28:55.547109,47,Eldoret,Tier_2,1,0
CUST_00354,2023-03-19 07:44:20.932186,55,Eldoret,Tier_1,0,0
CUST_00355,2023-03-19 12:59:46.317263,55,Kisumu,Tier_2,1,0
CUST_00356,2023-03-19 18:15:11.702340,62,Nakuru,Tier_2,0,0
CUST_00357,2023-03-19 23:30:37.087417,68,Kisumu,Tier_3,0,0
CUST_00358,2023-03-20 04:46:02.472494,25,Mombasa,Tier_1,1,0
CUST_00359,2023-03-20 10:01:27.857571,44,Nairobi,Tier_3,0,0
CUST_00360,2023-03-20 15:16:53.242648,44,Mombasa,Tier_2,1,0
CUST_00361,2023-03-20 20:32:18.627725,51,Kisumu,Tier_1,0,0
CUST_00362,2023-03-21 01:47:44.012802,38,Kisumu,Tier_2,1,0
CUST_00363,2023-03-21 07:03:09.397879,47,Nairobi,Tier_2,0,0
CUST_00364,2023-03-21 12:18:34.782956,50,Eldoret,Tier_3,0,0
CUST_00365,2023-03-21 17:34:00.168033,45,Nairobi,Tier_1,1,0
CUST_00366,2023-03-21 22:49:25.553110,64,Mombasa,Tier_2,0,0
CUST_00367,2023-03-22 04:04:50.938187,50,Kisumu,Tier_2,0,0
CUST_00368,2023-03-22 09:20:16.323264,22,Kisumu,Tier_3,1,0
CUST_00369,2023-03-22 14:35:41.708341,65,Kisumu,Tier_2,0,0
CUST_00370,2023-03-22 19:51:07.093418,36,Nairobi,Tier_3,1,0
CUST_00371,2023-03-23 01:06:32.478495,21,Nairobi,Tier_3,0,0
CUST_00372,2023-03-23 06:21:57.863572,52,Kisumu,Tier_2,0,1
CUST_00373,2023-03-23 11:37:23.248649,66,Mombasa,Tier_3,1,0
CUST_00374,2023-03-23 16:52:48.633726,34,Nairobi,Tier_3,0,0
CUST_00375,2023-03-23 22:08:14.018803,61,Kisumu,Tier_2,0,1
CUST_00376,2023-03-24 03:23:39.403880,45,Mombasa,Tier_2,0,0
CUST_00377,2023-03-24 08:39:04.788957,47,Kisumu,Tier_2,1,0
CUST_00378,2023-03-24 13:54:30.174034,46,Nakuru,Tier_2,0,0
CUST_00379,2023-03-24 19:09:55.559111,63,Nairobi,Tier_1,0,0
CUST_00380,2023-03-25 00:25:20.944188,23,Nairobi,Tier_2,0,0
CUST_00381,2023-03-25 05:40:46.329265,52,Nakuru,Tier_2,0,0
CUST_00382,2023-03-25 10:56:11.714342,58,Kisumu,Tier_2,0,1
CUST_00383,2023-03-25 16:11:37.099419,54,Kisumu,Tier_1,0,0
CUST_00384,2023-03-25 21:27:02.484496,41,Nakuru,Tier_3,0,0
CUST_00385,2023-03-26 02:42:27.869573,46,Nakuru,Tier_3,0,1
CUST_00386,2023-03-26 07:57:53.254650,66,Eldoret,Tier_1,0,0
CUST_00387,2023-03-26 13:13:18.639727,63,Mombasa,Tier_2,0,0
CUST_00388,2023-03-26 18:28:44.024804,48,Mombasa,Tier_2,0,0
CUST_00389,2023-03-26 23:44:09.409881,52,Mombasa,Tier_3,1,0
CUST_00390,2023-03-27 04:59:34.794958,50,Nairobi,Tier_1,0,0
CUST_00391,2023-03-27 10:15:00.180036,69,Mombasa,Tier_2,0,0
CUST_00392,2023-03-27 15:30:25.565113,38,Nairobi,Tier_3,0,0
CUST_00393,2023-03-27 20:45:50.950190,49,Eldoret,Tier_3,0,1
CUST_00394,2023-03-28 02:01:16.335267,40,Mombasa,Tier_3,1,0
CUST_00395,2023-03-28 07:16:41.720344,50,Mombasa,Tier_3,1,0
CUST_00396,2023-03-28 12:32:07.105421,20,Nairobi,Tier_1,0,0
CUST_00397,2023-03-28 17:47:32.490498,35,Nairobi,Tier_2,0,1
CUST_00398,2023-03-28 23:02:57.875575,42,Nairobi,Tier_2,0,0
CUST_00399,2023-03-29 04:18:23.260652,59,Mombasa,Tier_1,0,0
CUST_00400,2023-03-29 09:33:48.645729,48,Nairobi,Tier_3,1,0
CUST_00401,2023-03-29 14:49:14.030806,20,Kisumu,Tier_1,0,0
CUST_00402,2023-03-29 20:04:39.415883,57,Nakuru,Tier_2,0,0
CUST_00403,2023-03-30 01:20:04.800960,63,Nakuru,Tier_3,0,0
CUST_00404,2023-03-30 06:35:30.186037,41,Kisumu,Tier_1,1,0
CUST_00405,2023-03-30 11:50:55.571114,67,Nairobi,Tier_3,0,0
CUST_00406,2023-03-30 17:06:20.956191,49,Nakuru,Tier_3,1,0
CUST_00407,2023-03-30 22:21:46.341268,64,Nakuru,Tier_2,0,1
CUST_00408,2023-03-31 03:37:11.726345,39,Nairobi,Tier_1,0,0
CUST_00409,2023-03-31 08:52:37.111422,40,Kisumu,Tier_2,1,0
CUST_00410,2023-03-31 14:08:02.496499,19,Nairobi,Tier_2,0,0
CUST_00411,2023-03-31 19:23:27.881576,44,Nakuru,Tier_2,0,0
CUST_00412,2023-04-01 00:38:53.266653,59,Eldoret,Tier_2,0,0
CUST_00413,2023-04-01 05:54:18.651730,19,Nairobi,Tier_3,0,0
CUST_00414,2023-04-01 11:09:44.036807,43,Nakuru,Tier_1,0,0
CUST_00415,2023-04-01 16:25:09.421884,34,Kisumu,Tier_3,1,0
CUST_00416,2023-04-01 21:40:34.806961,57,Eldoret,Tier_1,0,0
CUST_00417,2023-04-02 02:56:00.192038,50,Mombasa,Tier_2,1,0
CUST_00418,2023-04-02 08:11:25.577115,26,Nakuru,Tier_3,0,0
CUST_00419,2023-04-02 13:26:50.962192,60,Nairobi,Tier_2,0,0
CUST_00420,2023-04-02 18:42:16.347269,65,Nairobi,Tier_1,0,0
CUST_00421,2023-04-02 23:57:41.732346,56,Nairobi,Tier_2,1,0
CUST_00422,2023-04-03 05:13:07.117423,46,Eldoret,Tier_3,1,0
CUST_00423,2023-04-03 10:28:32.502500,59,Nakuru,Tier_2,1,0
CUST_00424,2023-04-03 15:43:57.887577,43,Nakuru,Tier_2,0,0
CUST_00425,2023-04-03 20:59:23.272654,52,Eldoret,Tier_2,0,0
CUST_00426,2023-04-04 02:14:48.657731,67,Nairobi,Tier_3,0,0
CUST_00427,2023-04-04 07:30:14.042808,42,Nairobi,Tier_3,1,1
CUST_00428,2023-04-04 12:45:39.427885,41,Nairobi,Tier_2,0,0
CUST_00429,2023-04-04 18:01:04.812962,30,Nairobi,Tier_3,0,1
CUST_00430,2023-04-04 23:16:30.198039,24,Nairobi,Tier_2,0,1
CUST_00431,2023-04-05 04:31:55.583116,53,Mombasa,Tier_2,0,1
CUST_00432,2023-04-05 09:47:20.968193,62,Nairobi,Tier_1,0,0
CUST_00433,2023-04-05 15:02:46.353270,37,Nairobi,Tier_2,1,0
CUST_00434,2023-04-05 20:18:11.738347,18,Nairobi,Tier_2,0,1
CUST_00435,2023-04-06 01:33:37.123424,25,Nairobi,Tier_1,1,0
CUST_00436,2023-04-06 06:49:02.508501,63,Eldoret,Tier_2,1,0
CUST_00437,2023-04-06 12:04:27.893578,33,Nakuru,Tier_3,0,0
CUST_00438,2023-04-06 17:19:53.278655,31,Eldoret,Tier_2,0,0
CUST_00439,2023-04-06 22:35:18.663732,29,Mombasa,Tier_2,0,0
CUST_00440,2023-04-07 03:50:44.048809,68,Nairobi,Tier_3,1,1
CUST_00441,2023-04-07 09:06:09.433886,40,Nakuru,Tier_1,0,0
CUST_00442,2023-04-07 14:21:34.818963,32,Nairobi,Tier_2,0,0
CUST_00443,2023-04-07 19:37:00.204040,45,Nairobi,Tier_3,0,0
CUST_00444,2023-04-08 00:52:25.589117,51,Nairobi,Tier_2,0,0
CUST_00445,2023-04-08 06:07:50.974194,19,Nairobi,Tier_2,0,0
CUST_00446,2023-04-08 11:23:16.359271,49,Nairobi,Tier_1,0,0
CUST_00447,2023-04-08 16:38:41.744348,40,Nairobi,Tier_3,1,0
CUST_00448,2023-04-08 21:54:07.129425,39,Kisumu,Tier_2,1,0
CUST_00449,2023-04-09 03:09:32.514502,68,Nairobi,Tier_3,0,0
CUST_00450,2023-04-09 08:24:57.899579,42,Nairobi,Tier_2,0,0
CUST_00451,2023-04-09 13:40:23.284656,39,Nakuru,Tier_2,1,0
CUST_00452,2023-04-09 18:55:48.669733,39,Nairobi,Tier_3,0,0
CUST_00453,2023-04-10 00:11:14.054810,66,Nairobi,Tier_2,1,0
CUST_00454,2023-04-10 05:26:39.439887,69,Nakuru,Tier_2,0,0
CUST_00455,2023-04-10 10:42:04.824964,59,Nairobi,Tier_2,0,1
CUST_00456,2023-04-10 15:57:30.210042,23,Nairobi,Tier_3,0,0
CUST_00457,2023-04-10 21:12:55.595119,32,Mombasa,Tier_2,0,0
CUST_00458,2023-04-11 02:28:20.980196,60,Nairobi,Tier_2,1,0
CUST_00459,2023-04-11 07:43:46.365273,54,Mombasa,Tier_1,0,0
CUST_00460,2023-04-11 12:59:11.750350,50,Nakuru,Tier_3,0,0
CUST_00461,2023-04-11 18:14:37.135427,25,Nairobi,Tier_1,0,0
CUST_00462,2023-04-11 23:30:02.520504,61,Mombasa,Tier_2,1,0
CUST_00463,2023-04-12 04:45:27.905581,61,Mombasa,Tier_2,0,1
CUST_00464,2023-04-12 10:00:53.290658,22,Nairobi,Tier_2,1,0
CUST_00465,2023-04-12 15:16:18.675735,56,Kisumu,Tier_2,0,0
CUST_00466,2023-04-12 20:31:44.060812,21,Nairobi,Tier_1,0,1
CUST_00467,2023-04-13 01:47:09.445889,23,Mombasa,Tier_2,1,0
CUST_00468,2023-04-13 07:02:34.830966,62,Nairobi,Tier_3,0,0
CUST_00469,2023-04-13 12:18:00.216043,49,Mombasa,Tier_3,0,0
CUST_00470,2023-04-13 17:33:25.601120,69,Nairobi,Tier_1,0,0
CUST_00471,2023-04-13 22:48:50.986197,47,Nakuru,Tier_3,0,0
CUST_00472,2023-04-14 04:04:16.371274,64,Nairobi,Tier_2,0,0
CUST_00473,2023-04-14 09:19:41.756351,52,Mombasa,Tier_3,0,0
CUST_00474,2023-04-14 14:35:07.141428,57,Mombasa,Tier_2,0,0
CUST_00475,2023-04-14 19:50:32.526505,69,Kisumu,Tier_2,0,0
CUST_00476,2023-04-15 01:05:57.911582,33,Mombasa,Tier_3,0,0
CUST_00477,2023-04-15 06:21:23.296659,30,Kisumu,Tier_3,0,1
CUST_00478,2023-04-15 11:36:48.681736,67,Nakuru,Tier_2,1,0
CUST_00479,2023-04-15 16:52:14.066813,59,Nakuru,Tier_2,1,0
CUST_00480,2023-04-15 22:07:39.451890,47,Nairobi,Tier_2,0,0
CUST_00481,2023-04-16 03:23:04.836967,36,Mombasa,Tier_2,0,0
CUST_00482,2023-04-16 08:38:30.222044,34,Nakuru,Tier_2,1,0
CUST_00483,2023-04-16 13:53:55.607121,36,Eldoret,Tier_2,0,0
CUST_00484,2023-04-16 19:09:20.992198,45,Nakuru,Tier_3,0,0
CUST_00485,2023-04-17 00:24:46.377275,43,Nairobi,Tier_1,1,0
CUST_00486,2023-04-17 05:40:11.762352,54,Nairobi,Tier_2,0,0
CUST_00487,2023-04-17 10:55:37.147429,43,Mombasa,Tier_1,0,1
CUST_00488,2023-04-17 16:11:02.532506,40,Kisumu,Tier_2,1,0
CUST_00489,2023-04-17 21:26:27.917583,26,Mombasa,Tier_1,0,0
CUST_00490,2023-04-18 02:41:53.302660,29,Mombasa,Tier_2,0,0
CUST_00491,2023-04-18 07:57:18.687737,18,Nakuru,Tier_3,0,0
CUST_00492,2023-04-18 13:12:44.072814,18,Nairobi,Tier_3,0,0
CUST_00493,2023-04-18 18:28:09.457891,64,Nakuru,Tier_2,1,0
CUST_00494,2023-04-18 23:43:34.842968,51,Mombasa,Tier_2,0,0
CUST_00495,2023-04-19 04:59:00.228045,49,Nairobi,Tier_2,0,0
CUST_00496,2023-04-19 10:14:25.613122,65,Mombasa,Tier_3,1,0
CUST_00497,2023-04-19 15:29:50.998199,42,Nakuru,Tier_3,0,0
CUST_00498,2023-04-19 20:45:16.383276,57,Nairobi,Tier_2,0,0
CUST_00499,2023-04-20 02:00:41.768353,62,Nairobi,Tier_2,0,0
CUST_00500,2023-04-20 07:16:07.153430,18,Eldoret,Tier_3,0,0
CUST_00501,2023-04-20 12:31:32.538507,33,Nairobi,Tier_1,0,0
CUST_00502,2023-04-20 17:46:57.923584,56,Mombasa,Tier_2,1,1
CUST_00503,2023-04-20 23:02:23.308661,22,Mombasa,Tier_3,1,0
CUST_00504,2023-04-21 04:17:48.693738,39,Mombasa,Tier_3,0,0
CUST_00505,2023-04-21 09:33:14.078815,46,Kisumu,Tier_2,0,0
CUST_00506,2023-04-21 14:48:39.463892,20,Nairobi,Tier_2,0,0
CUST_00507,2023-04-21 20:04:04.848969,29,Mombasa,Tier_2,0,0
CUST_00508,2023-04-22 01:19:30.234046,43,Nairobi,Tier_2,0,0
CUST_00509,2023-04-22 06:34:55.619123,33,Kisumu,Tier_2,1,0
CUST_00510,2023-04-22 11:50:21.004200,68,Nairobi,Tier_2,0,0
CUST_00511,2023-04-22 17:05:46.389277,54,Mombasa,Tier_3,0,0
CUST_00512,2023-04-22 22:21:11.774354,39,Nairobi,Tier_3,0,1
CUST_00513,2023-04-23 03:36:37.159431,46,Nairobi,Tier_1,0,0
CUST_00514,2023-04-23 08:52:02.544508,31,Nairobi,Tier_2,0,0
CUST_00515,2023-04-23 14:07:27.929585,45,Nairobi,Tier_2,0,0
CUST_00516,2023-04-23 19:22:53.314662,22,Nakuru,Tier_2,0,0
CUST_00517,2023-04-24 00:38:18.699739,64,Nairobi,Tier_2,0,0
CUST_00518,2023-04-24 05:53:44.084816,66,Eldoret,Tier_2,0,0
CUST_00519,2023-04-24 11:09:09.469893,47,Eldoret,Tier_3,0,0
CUST_00520,2023-04-24 16:24:34.854970,63,Mombasa,Tier_2,0,0
CUST_00521,2023-04-24 21:40:00.240048,69,Nairobi,Tier_3,1,1
CUST_00522,2023-04-25 02:55:25.625125,22,Nairobi,Tier_3,0,0
CUST_00523,2023-04-25 08:10:51.010202,29,Nakuru,Tier_1,0,0
CUST_00524,2023-04-25 13:26:16.395279,33,Nairobi,Tier_2,0,0
CUST_00525,2023-04-25 18:41:41.780356,43,Nairobi,Tier_3,1,0
CUST_00526,2023-04-25 23:57:07.165433,43,Mombasa,Tier_3,0,0
CUST_00527,2023-04-26 05:12:32.550510,65,Nakuru,Tier_1,0,1
CUST_00528,2023-04-26 10:27:57.935587,38,Nakuru,Tier_1,0,0
CUST_00529,2023-04-26 15:43:23.320664,56,Nairobi,Tier_1,0,0
CUST_00530,2023-04-26 20:58:48.705741,53,Kisumu,Tier_3,0,0
CUST_00531,2023-04-27 02:14:14.090818,50,Nairobi,Tier_1,0,0
CUST_00532,2023-04-27 07:29:39.475895,47,Nairobi,Tier_2,1,0
CUST_00533,2023-04-27 12:45:04.860972,54,Nakuru,Tier_3,0,0
CUST_00534,2023-04-27 18:00:30.246049,40,Nairobi,Tier_1,0,0
CUST_00535,2023-04-27 23:15:55.631126,27,Nairobi,Tier_2,0,0
CUST_00536,2023-04-28 04:31:21.016203,22,Nairobi,Tier_2,0,0
CUST_00537,2023-04-28 09:46:46.401280,53,Nakuru,Tier_3,0,0
CUST_00538,2023-04-28 15:02:11.786357,51,Nakuru,Tier_2,1,0
CUST_00539,2023-04-28 20:17:37.171434,69,Kisumu,Tier_2,1,0
CUST_00540,2023-04-29 01:33:02.556511,48,Nakuru,Tier_2,0,0
CUST_00541,2023-04-29 06:48:27.941588,27,Nairobi,Tier_2,0,0
CUST_00542,2023-04-29 12:03:53.326665,36,Mombasa,Tier_1,0,0
CUST_00543,2023-04-29 17:19:18.711742,49,Nairobi,Tier_2,0,0
CUST_00544,2023-04-29 22:34:44.096819,18,Nairobi,Tier_2,0,1
CUST_00545,2023-04-30 03:50:09.481896,22,Mombasa,Tier_3,1,0
CUST_00546,2023-04-30 09:05:34.866973,62,Eldoret,Tier_3,1,0
CUST_00547,2023-04-30 14:21:00.252050,21,Nairobi,Tier_2,0,0
CUST_00548,2023-04-30 19:36:25.637127,33,Nairobi,Tier_2,0,1
CUST_00549,2023-05-01 00:51:51.022204,41,Nairobi,Tier_2,0,1
CUST_00550,2023-05-01 06:07:16.407281,33,Nairobi,Tier_3,0,1
CUST_00551,2023-05-01 11:22:41.792358,19,Eldoret,Tier_2,0,0
CUST_00552,2023-05-01 16:38:07.177435,66,Mombasa,Tier_2,0,0
CUST_00553,2023-05-01 21:53:32.562512,45,Mombasa,Tier_2,0,0
CUST_00554,2023-05-02 03:08:57.947589,49,Nakuru,Tier_2,0,0
CUST_00555,2023-05-02 08:24:23.332666,44,Nairobi,Tier_2,0,0
CUST_00556,2023-05-02 13:39:48.717743,37,Mombasa,Tier_2,1,0
CUST_00557,2023-05-02 18:55:14.102820,41,Mombasa,Tier_1,0,0
CUST_00558,2023-05-03 00:10:39.487897,29,Mombasa,Tier_3,0,0
CUST_00559,2023-05-03 05:26:04.872974,67,Eldoret,Tier_2,0,0
CUST_00560,2023-05-03 10:41:30.258051,52,Nakuru,Tier_1,0,0
CUST_00561,2023-05-03 15:56:55.643128,50,Nairobi,Tier_2,0,0
CUST_00562,2023-05-03 21:12:21.028205,50,Nakuru,Tier_2,0,1
CUST_00563,2023-05-04 02:27:46.413282,68,Nairobi,Tier_2,0,0
CUST_00564,2023-05-04 07:43:11.798359,60,Nairobi,Tier_2,0,1
CUST_00565,2023-05-04 12:58:37.183436,54,Nairobi,Tier_2,1,0
CUST_00566,2023-05-04 18:14:02.568513,29,Nairobi,Tier_2,0,0
CUST_00567,2023-05-04 23:29:27.953590,20,Mombasa,Tier_2,0,1
CUST_00568,2023-05-05 04:44:53.338667,18,Kisumu,Tier_1,0,0
CUST_00569,2023-05-05 10:00:18.723744,50,Eldoret,Tier_3,0,0
CUST_00570,2023-05-05 15:15:44.108821,57,Mombasa,Tier_2,1,0
CUST_00571,2023-05-05 20:31:09.493898,27,Mombasa,Tier_2,0,0
CUST_00572,2023-05-06 01:46:34.878975,60,Nairobi,Tier_1,0,0
CUST_00573,2023-05-06 07:02:00.264052,61,Nairobi,Tier_2,0,0
CUST_00574,2023-05-06 12:17:25.649129,46,Mombasa,Tier_2,0,0
CUST_00575,2023-05-06 17:32:51.034206,30,Mombasa,Tier_2,1,0
CUST_00576,2023-05-06 22:48:16.419283,29,Nakuru,Tier_3,0,0
CUST_00577,2023-05-07 04:03:41.804360,48,Nairobi,Tier_1,0,0
CUST_00578,2023-05-07 09:19:07.189437,63,Nairobi,Tier_2,1,0
CUST_00579,2023-05-07 14:34:32.574514,19,Mombasa,Tier_3,1,0
CUST_00580,2023-05-07 19:49:57.959591,68,Nairobi,Tier_3,0,0
CUST_00581,2023-05-08 01:05:23.344668,67,Nairobi,Tier_1,0,0
CUST_00582,2023-05-08 06:20:48.729745,52,Kisumu,Tier_2,0,1
CUST_00583,2023-05-08 11:36:14.114822,40,Nairobi,Tier_2,0,0
CUST_00584,2023-05-08 16:51:39.499899,34,Kisumu,Tier_1,1,0
CUST_00585,2023-05-08 22:07:04.884976,43,Nairobi,Tier_2,0,0
CUST_00586,2023-05-09 03:22:30.270054,25,Nairobi,Tier_1,0,1
CUST_00587,2023-05-09 08:37:55.655131,46,Nairobi,Tier_3,1,0
CUST_00588,2023-05-09 13:53:21.040208,43,Nakuru,Tier_2,0,0
CUST_00589,2023-05-09 19:08:46.425285,27,Nairobi,Tier_1,0,1
CUST_00590,2023-05-10 00:24:11.810362,43,Nakuru,Tier_1,1,0
CUST_00591,2023-05-10 05:39:37.195439,51,Nairobi,Tier_3,1,0
CUST_00592,2023-05-10 10:55:02.580516,68,Nakuru,Tier_1,1,0
CUST_00593,2023-05-10 16:10:27.965593,58,Nairobi,Tier_2,0,0
CUST_00594,2023-05-10 21:25:53.350670,24,Kisumu,Tier_2,1,0
CUST_00595,2023-05-11 02:41:18.735747,21,Mombasa,Tier_2,0,0
CUST_00596,2023-05-11 07:56:44.120824,67,Eldoret,Tier_2,0,0
CUST_00597,2023-05-11 13:12:09.505901,62,Nairobi,Tier_1,1,1
CUST_00598,2023-05-11 18:27:34.890978,28,Nairobi,Tier_2,0,1
CUST_00599,2023-05-11 23:43:00.276055,46,Nairobi,Tier_1,1,0
CUST_00600,2023-05-12 04:58:25.661132,53,Nakuru,Tier_2,0,0
CUST_00601,2023-05-12 10:13:51.046209,42,Mombasa,Tier_2,0,0
CUST_00602,2023-05-12 15:29:16.431286,38,Nakuru,Tier_2,1,0
CUST_00603,2023-05-12 20:44:41.816363,53,Nairobi,Tier_1,0,0
CUST_00604,2023-05-13 02:00:07.201440,27,Nairobi,Tier_2,0,0
CUST_00605,2023-05-13 07:15:32.586517,54,Nairobi,Tier_2,0,0
CUST_00606,2023-05-13 12:30:57.971594,26,Eldoret,Tier_3,1,0
CUST_00607,2023-05-13 17:46:23.356671,41,Kisumu,Tier_2,0,1
CUST_00608,2023-05-13 23:01:48.741748,52,Eldoret,Tier_2,0,0
CUST_00609,2023-05-14 04:17:14.126825,66,Nairobi,Tier_2,0,0
CUST_00610,2023-05-14 09:32:39.511902,52,Kisumu,Tier_3,1,0
CUST_00611,2023-05-14 14:48:04.896979,65,Kisumu,Tier_3,1,0
CUST_00612,2023-05-14 20:03:30.282056,53,Nairobi,Tier_2,1,0
CUST_00613,2023-05-15 01:18:55.667133,35,Nakuru,Tier_2,0,0
CUST_00614,2023-05-15 06:34:21.052210,66,Eldoret,Tier_2,0,0
CUST_00615,2023-05-15 11:49:46.437287,56,Nakuru,Tier_2,0,0
CUST_00616,2023-05-15 17:05:11.822364,49,Kisumu,Tier_3,0,0
CUST_00617,2023-05-15 22:20:37.207441,41,Nairobi,Tier_2,0,0
CUST_00618,2023-05-16 03:36:02.592518,40,Nairobi,Tier_1,1,0
CUST_00619,2023-05-16 08:51:27.977595,49,Eldoret,Tier_3,1,0
CUST_00620,2023-05-16 14:06:53.362672,54,Nairobi,Tier_3,0,0
CUST_00621,2023-05-16 19:22:18.747749,29,Kisumu,Tier_2,0,0
CUST_00622,2023-05-17 00:37:44.132826,66,Kisumu,Tier_2,1,0
CUST_00623,2023-05-17 05:53:09.517903,30,Kisumu,Tier_2,0,0
CUST_00624,2023-05-17 11:08:34.902980,40,Eldoret,Tier_3,0,0
CUST_00625,2023-05-17 16:24:00.288057,42,Nairobi,Tier_3,0,1
CUST_00626,2023-05-17 21:39:25.673134,52,Nairobi,Tier_2,0,1
CUST_00627,2023-05-18 02:54:51.058211,58,Nairobi,Tier_2,1,0
CUST_00628,2023-05-18 08:10:16.443288,47,Mombasa,Tier_3,0,0
CUST_00629,2023-05-18 13:25:41.828365,34,Nairobi,Tier_2,0,0
CUST_00630,2023-05-18 18:41:07.213442,66,Nairobi,Tier_2,0,0
CUST_00631,2023-05-18 23:56:32.598519,37,Nakuru,Tier_3,1,0
CUST_00632,2023-05-19 05:11:57.983596,65,Eldoret,Tier_2,0,0
CUST_00633,2023-05-19 10:27:23.368673,42,Nairobi,Tier_2,0,0
CUST_00634,2023-05-19 15:42:48.753750,39,Nairobi,Tier_3,1,0
CUST_00635,2023-05-19 20:58:14.138827,30,Eldoret,Tier_3,1,0
CUST_00636,2023-05-20 02:13:39.523904,36,Nairobi,Tier_2,1,0
CUST_00637,2023-05-20 07:29:04.908981,66,Nairobi,Tier_2,1,0
CUST_00638,2023-05-20 12:44:30.294058,53,Nairobi,Tier_2,0,0
CUST_00639,2023-05-20 17:59:55.679135,29,Mombasa,Tier_2,0,0
CUST_00640,2023-05-20 23:15:21.064212,58,Nairobi,Tier_1,0,0
CUST_00641,2023-05-21 04:30:46.449289,36,Eldoret,Tier_3,0,0
CUST_00642,2023-05-21 09:46:11.834366,29,Mombasa,Tier_2,1,0
CUST_00643,2023-05-21 15:01:37.219443,26,Mombasa,Tier_2,1,1
CUST_00644,2023-05-21 20:17:02.604520,24,Nairobi,Tier_2,1,0
CUST_00645,2023-05-22 01:32:27.989597,45,Mombasa,Tier_3,0,0
CUST_00646,2023-05-22 06:47:53.374674,31,Kisumu,Tier_2,1,0
CUST_00647,2023-05-22 12:03:18.759751,48,Nakuru,Tier_1,1,0
CUST_00648,2023-05-22 17:18:44.144828,69,Nakuru,Tier_1,0,0
CUST_00649,2023-05-22 22:34:09.529905,36,Mombasa,Tier_2,1,0
CUST_00650,2023-05-23 03:49:34.914982,64,Eldoret,Tier_2,0,0
CUST_00651,2023-05-23 09:05:00.300060,33,Nakuru,Tier_2,0,0
CUST_00652,2023-05-23 14:20:25.685137,22,Nakuru,Tier_2,0,0
CUST_00653,2023-05-23 19:35:51.070214,52,Nairobi,Tier_1,0,0
CUST_00654,2023-05-24 00:51:16.455291,29,Nairobi,Tier_2,0,0
CUST_00655,2023-05-24 06:06:41.840368,42,Nairobi,Tier_2,0,0
CUST_00656,2023-05-24 11:22:07.225445,69,Kisumu,Tier_1,1,0
CUST_00657,2023-05-24 16:37:32.610522,38,Mombasa,Tier_1,0,0
CUST_00658,2023-05-24 21:52:57.995599,53,Mombasa,Tier_1,1,0
CUST_00659,2023-05-25 03:08:23.380676,40,Nakuru,Tier_1,0,0
CUST_00660,2023-05-25 08:23:48.765753,33,Nakuru,Tier_2,0,0
CUST_00661,2023-05-25 13:39:14.150830,56,Eldoret,Tier_1,0,0
CUST_00662,2023-05-25 18:54:39.535907,62,Nairobi,Tier_2,0,0
CUST_00663,2023-05-26 00:10:04.920984,59,Kisumu,Tier_1,0,1
CUST_00664,2023-05-26 05:25:30.306061,56,Nairobi,Tier_3,0,0
CUST_00665,2023-05-26 10:40:55.691138,31,Nairobi,Tier_3,0,0
CUST_00666,2023-05-26 15:56:21.076215,48,Nairobi,Tier_2,0,0
CUST_00667,2023-05-26 21:11:46.461292,22,Nairobi,Tier_2,1,0
CUST_00668,2023-05-27 02:27:11.846369,52,Mombasa,Tier_2,0,1
CUST_00669,2023-05-27 07:42:37.231446,40,Nakuru,Tier_2,0,0
CUST_00670,2023-05-27 12:58:02.616523,46,Nairobi,Tier_1,0,0
CUST_00671,2023-05-27 18:13:28.001600,60,Kisumu,Tier_2,0,0
CUST_00672,2023-05-27 23:28:53.386677,28,Mombasa,Tier_2,0,0
CUST_00673,2023-05-28 04:44:18.771754,35,Nairobi,Tier_3,1,1
CUST_00674,2023-05-28 09:59:44.156831,64,Mombasa,Tier_1,1,0
CUST_00675,2023-05-28 15:15:09.541908,29,Nairobi,Tier_3,0,0
CUST_00676,2023-05-28 20:30:34.926985,26,Mombasa,Tier_3,0,0
CUST_00677,2023-05-29 01:46:00.312062,27,Mombasa,Tier_1,0,0
CUST_00678,2023-05-29 07:01:25.697139,61,Nairobi,Tier_2,1,0
CUST_00679,2023-05-29 12:16:51.082216,34,Nairobi,Tier_1,0,0
CUST_00680,2023-05-29 17:32:16.467293,55,Mombasa,Tier_2,0,0
CUST_00681,2023-05-29 22:47:41.852370,24,Eldoret,Tier_2,1,1
CUST_00682,2023-05-30 04:03:07.237447,63,Nairobi,Tier_2,1,1
CUST_00683,2023-05-30 09:18:32.622524,30,Kisumu,Tier_2,1,0
CUST_00684,2023-05-30 14:33:58.007601,57,Kisumu,Tier_3,1,0
CUST_00685,2023-05-30 19:49:23.392678,59,Eldoret,Tier_1,1,0
CUST_00686,2023-05-31 01:04:48.777755,26,Nakuru,Tier_3,0,0
CUST_00687,2023-05-31 06:20:14.162832,67,Mombasa,Tier_2,0,0
CUST_00688,2023-05-31 11:35:39.547909,44,Kisumu,Tier_3,1,0
CUST_00689,2023-05-31 16:51:04.932986,19,Nakuru,Tier_2,0,0
CUST_00690,2023-05-31 22:06:30.318063,22,Nairobi,Tier_1,1,0
CUST_00691,2023-06-01 03:21:55.703140,46,Nairobi,Tier_3,0,0
CUST_00692,2023-06-01 08:37:21.088217,54,Nairobi,Tier_2,0,0
CUST_00693,2023-06-01 13:52:46.473294,55,Nakuru,Tier_2,0,0
CUST_00694,2023-06-01 19:08:11.858371,36,Nakuru,Tier_2,0,0
CUST_00695,2023-06-02 00:23:37.243448,25,Nairobi,Tier_2,0,0
CUST_00696,2023-06-02 05:39:02.628525,65,Mombasa,Tier_2,1,0
CUST_00697,2023-06-02 10:54:28.013602,62,Mombasa,Tier_3,0,1
CUST_00698,2023-06-02 16:09:53.398679,18,Nairobi,Tier_1,1,0
CUST_00699,2023-06-02 21:25:18.783756,39,Eldoret,Tier_2,0,0
CUST_00700,2023-06-03 02:40:44.168833,69,Nairobi,Tier_3,0,0
CUST_00701,2023-06-03 07:56:09.553910,34,Nairobi,Tier_1,0,0
CUST_00702,2023-06-03 13:11:34.938987,24,Mombasa,Tier_1,0,0
CUST_00703,2023-06-03 18:27:00.324064,42,Kisumu,Tier_3,1,0
CUST_00704,2023-06-03 23:42:25.709141,62,Nairobi,Tier_2,1,0
CUST_00705,2023-06-04 04:57:51.094218,21,Kisumu,Tier_2,1,0
CUST_00706,2023-06-04 10:13:16.479295,53,Mombasa,Tier_1,1,0
CUST_00707,2023-06-04 15:28:41.864372,23,Nairobi,Tier_2,0,0
CUST_00708,2023-06-04 20:44:07.249449,48,Nairobi,Tier_1,1,0
CUST_00709,2023-06-05 01:59:32.634526,36,Mombasa,Tier_2,1,1
CUST_00710,2023-06-05 07:14:58.019603,61,Nairobi,Tier_3,1,1
CUST_00711,2023-06-05 12:30:23.404680,56,Eldoret,Tier_2,0,0
CUST_00712,2023-06-05 17:45:48.789757,44,Nakuru,Tier_2,1,0
CUST_00713,2023-06-05 23:01:14.174834,27,Eldoret,Tier_3,0,0
CUST_00714,2023-06-06 04:16:39.559911,43,Nairobi,Tier_2,1,0
CUST_00715,2023-06-06 09:32:04.944988,36,Eldoret,Tier_3,0,0
CUST_00716,2023-06-06 14:47:30.330066,56,Mombasa,Tier_2,0,0
CUST_00717,2023-06-06 20:02:55.715143,20,Nairobi,Tier_3,0,0
CUST_00718,2023-06-07 01:18:21.100220,62,Nairobi,Tier_1,0,0
CUST_00719,2023-06-07 06:33:46.485297,30,Nairobi,Tier_1,0,0
CUST_00720,2023-06-07 11:49:11.870374,67,Kisumu,Tier_2,1,0
CUST_00721,2023-06-07 17:04:37.255451,45,Mombasa,Tier_2,0,1
CUST_00722,2023-06-07 22:20:02.640528,37,Nairobi,Tier_3,0,0
CUST_00723,2023-06-08 03:35:28.025605,45,Kisumu,Tier_2,0,0
CUST_00724,2023-06-08 08:50:53.410682,25,Nairobi,Tier_2,0,0
CUST_00725,2023-06-08 14:06:18.795759,58,Mombasa,Tier_3,0,0
CUST_00726,2023-06-08 19:21:44.180836,56,Nairobi,Tier_2,0,1
CUST_00727,2023-06-09 00:37:09.565913,18,Nakuru,Tier_2,0,0
CUST_00728,2023-06-09 05:52:34.950990,20,Nakuru,Tier_2,0,1
CUST_00729,2023-06-09 11:08:00.336067,30,Mombasa,Tier_2,0,0
CUST_00730,2023-06-09 16:23:25.721144,45,Nairobi,Tier_1,0,0
CUST_00731,2023-06-09 21:38:51.106221,66,Nairobi,Tier_3,0,0
CUST_00732,2023-06-10 02:54:16.491298,42,Nakuru,Tier_1,1,0
CUST_00733,2023-06-10 08:09:41.876375,50,Nairobi,Tier_1,0,0
CUST_00734,2023-06-10 13:25:07.261452,55,Nairobi,Tier_3,0,0
CUST_00735,2023-06-10 18:40:32.646529,23,Nairobi,Tier_2,0,0
CUST_00736,2023-06-10 23:55:58.031606,61,Mombasa,Tier_2,0,0
CUST_00737,2023-06-11 05:11:23.416683,62,Mombasa,Tier_2,0,0
CUST_00738,2023-06-11 10:26:48.801760,49,Nakuru,Tier_2,0,0
CUST_00739,2023-06-11 15:42:14.186837,62,Nairobi,Tier_2,0,0
CUST_00740,2023-06-11 20:57:39.571914,64,Nairobi,Tier_2,0,0
CUST_00741,2023-06-12 02:13:04.956991,38,Nakuru,Tier_2,0,0
CUST_00742,2023-06-12 07:28:30.342068,33,Nakuru,Tier_3,0,0
CUST_00743,2023-06-12 12:43:55.727145,38,Nairobi,Tier_2,1,0
CUST_00744,2023-06-12 17:59:21.112222,28,Mombasa,Tier_3,0,0
CUST_00745,2023-06-12 23:14:46.497299,54,Nairobi,Tier_1,0,0
CUST_00746,2023-06-13 04:30:11.882376,53,Eldoret,Tier_2,1,0
CUST_00747,2023-06-13 09:45:37.267453,52,Nairobi,Tier_2,1,0
CUST_00748,2023-06-13 15:01:02.652530,36,Eldoret,Tier_3,0,0
CUST_00749,2023-06-13 20:16:28.037607,37,Kisumu,Tier_1,1,0
CUST_00750,2023-06-14 01:31:53.422684,35,Mombasa,Tier_2,0,0
CUST_00751,2023-06-14 06:47:18.807761,64,Nairobi,Tier_3,0,0
CUST_00752,2023-06-14 12:02:44.192838,58,Mombasa,Tier_2,0,0
CUST_00753,2023-06-14 17:18:09.577915,66,Mombasa,Tier_3,0,0
CUST_00754,2023-06-14 22:33:34.962992,31,Nairobi,Tier_1,0,0
CUST_00755,2023-06-15 03:49:00.348069,32,Kisumu,Tier_3,0,0
CUST_00756,2023-06-15 09:04:25.733146,48,Eldoret,Tier_3,0,0
CUST_00757,2023-06-15 14:19:51.118223,18,Mombasa,Tier_2,0,0
CUST_00758,2023-06-15 19:35:16.503300,20,Kisumu,Tier_2,0,1
CUST_00759,2023-06-16 00:50:41.888377,33,Nairobi,Tier_1,0,0
CUST_00760,2023-06-16 06:06:07.273454,40,Mombasa,Tier_3,0,0
CUST_00761,2023-06-16 11:21:32.658531,28,Nairobi,Tier_2,0,0
CUST_00762,2023-06-16 16:36:58.043608,29,Kisumu,Tier_1,1,0
CUST_00763,2023-06-16 21:52:23.428685,27,Eldoret,Tier_2,0,0
CUST_00764,2023-06-17 03:07:48.813762,49,Kisumu,Tier_2,0,0
CUST_00765,2023-06-17 08:23:14.198839,33,Nairobi,Tier_1,1,1
CUST_00766,2023-06-17 13:38:39.583916,25,Nairobi,Tier_2,0,0
CUST_00767,2023-06-17 18:54:04.968993,55,Mombasa,Tier_1,1,1
CUST_00768,2023-06-18 00:09:30.354070,29,Mombasa,Tier_2,0,0
CUST_00769,2023-06-18 05:24:55.739147,41,Nakuru,Tier_2,0,0
CUST_00770,2023-06-18 10:40:21.124224,45,Nakuru,Tier_2,0,1
CUST_00771,2023-06-18 15:55:46.509301,25,Kisumu,Tier_3,0,0
CUST_00772,2023-06-18 21:11:11.894378,45,Nairobi,Tier_3,0,0
CUST_00773,2023-06-19 02:26:37.279455,53,Nairobi,Tier_2,1,0
CUST_00774,2023-06-19 07:42:02.664532,43,Nairobi,Tier_1,1,0
CUST_00775,2023-06-19 12:57:28.049609,25,Nairobi,Tier_2,0,0
CUST_00776,2023-06-19 18:12:53.434686,67,Mombasa,Tier_2,1,0
CUST_00777,2023-06-19 23:28:18.819763,45,Kisumu,Tier_2,0,1
CUST_00778,2023-06-20 04:43:44.204840,45,Kisumu,Tier_2,0,0
CUST_00779,2023-06-20 09:59:09.589917,54,Nairobi,Tier_2,0,0
CUST_00780,2023-06-20 15:14:34.974995,58,Nairobi,Tier_3,1,0
CUST_00781,2023-06-20 20:30:00.360072,53,Nairobi,Tier_1,0,1
CUST_00782,2023-06-21 01:45:25.745149,44,Nairobi,Tier_2,0,0
CUST_00783,2023-06-21 07:00:51.130226,34,Nakuru,Tier_1,1,0
CUST_00784,2023-06-21 12:16:16.515303,26,Nairobi,Tier_3,0,0
CUST_00785,2023-06-21 17:31:41.900380,50,Mombasa,Tier_1,0,0
CUST_00786,2023-06-21 22:47:07.285457,37,Nairobi,Tier_1,0,0
CUST_00787,2023-06-22 04:02:32.670534,30,Nakuru,Tier_2,0,0
CUST_00788,2023-06-22 09:17:58.055611,45,Mombasa,Tier_2,0,0
CUST_00789,2023-06-22 14:33:23.440688,65,Nairobi,Tier_2,1,0
CUST_00790,2023-06-22 19:48:48.825765,46,Mombasa,Tier_2,0,0
CUST_00791,2023-06-23 01:04:14.210842,30,Kisumu,Tier_2,0,0
CUST_00792,2023-06-23 06:19:39.595919,63,Eldoret,Tier_1,0,0
CUST_00793,2023-06-23 11:35:04.980996,52,Nairobi,Tier_2,0,0
CUST_00794,2023-06-23 16:50:30.366073,23,Nakuru,Tier_3,0,0
CUST_00795,2023-06-23 22:05:55.751150,35,Eldoret,Tier_2,1,0
CUST_00796,2023-06-24 03:21:21.136227,68,Eldoret,Tier_3,0,0
CUST_00797,2023-06-24 08:36:46.521304,22,Kisumu,Tier_2,0,1
CUST_00798,2023-06-24 13:52:11.906381,64,Kisumu,Tier_2,0,0
CUST_00799,2023-06-24 19:07:37.291458,42,Mombasa,Tier_1,0,0
CUST_00800,2023-06-25 00:23:02.676535,19,Nakuru,Tier_2,1,1
CUST_00801,2023-06-25 05:38:28.061612,27,Mombasa,Tier_3,1,0
CUST_00802,2023-06-25 10:53:53.446689,47,Kisumu,Tier_3,0,0
CUST_00803,2023-06-25 16:09:18.831766,67,Mombasa,Tier_2,1,0
CUST_00804,2023-06-25 21:24:44.216843,62,Kisumu,Tier_1,0,0
CUST_00805,2023-06-26 02:40:09.601920,22,Nakuru,Tier_1,0,0
CUST_00806,2023-06-26 07:55:34.986997,50,Nairobi,Tier_2,0,0
CUST_00807,2023-06-26 13:11:00.372074,18,Nakuru,Tier_2,0,0
CUST_00808,2023-06-26 18:26:25.757151,35,Mombasa,Tier_1,1,0
CUST_00809,2023-06-26 23:41:51.142228,49,Nakuru,Tier_3,0,0
CUST_00810,2023-06-27 04:57:16.527305,64,Mombasa,Tier_2,0,0
CUST_00811,2023-06-27 10:12:41.912382,66,Nairobi,Tier_3,1,0
CUST_00812,2023-06-27 15:28:07.297459,28,Eldoret,Tier_3,0,0
CUST_00813,2023-06-27 20:43:32.682536,38,Nairobi,Tier_3,1,1
CUST_00814,2023-06-28 01:58:58.067613,43,Nakuru,Tier_2,0,0
CUST_00815,2023-06-28 07:14:23.452690,42,Mombasa,Tier_2,0,0
CUST_00816,2023-06-28 12:29:48.837767,39,Mombasa,Tier_2,1,0
CUST_00817,2023-06-28 17:45:14.222844,44,Nairobi,Tier_2,0,0
CUST_00818,2023-06-28 23:00:39.607921,66,Mombasa,Tier_2,1,0
CUST_00819,2023-06-29 04:16:04.992998,30,Nairobi,Tier_3,0,0
CUST_00820,2023-06-29 09:31:30.378075,50,Nairobi,Tier_3,1,0
CUST_00821,2023-06-29 14:46:55.763152,51,Nairobi,Tier_3,0,0
CUST_00822,2023-06-29 20:02:21.148229,58,Nairobi,Tier_3,0,0
CUST_00823,2023-06-30 01:17:46.533306,52,Eldoret,Tier_2,1,0
CUST_00824,2023-06-30 06:33:11.918383,18,Eldoret,Tier_1,0,0
CUST_00825,2023-06-30 11:48:37.303460,38,Nairobi,Tier_2,1,0
CUST_00826,2023-06-30 17:04:02.688537,65,Kisumu,Tier_2,1,0
CUST_00827,2023-06-30 22:19:28.073614,23,Nairobi,Tier_3,1,1
CUST_00828,2023-07-01 03:34:53.458691,45,Kisumu,Tier_2,1,0
CUST_00829,2023-07-01 08:50:18.843768,34,Nakuru,Tier_2,0,1
CUST_00830,2023-07-01 14:05:44.228845,22,Eldoret,Tier_2,0,0
CUST_00831,2023-07-01 19:21:09.613922,48,Mombasa,Tier_1,0,0
CUST_00832,2023-07-02 00:36:34.998999,22,Nakuru,Tier_2,0,1
CUST_00833,2023-07-02 05:52:00.384076,55,Nairobi,Tier_3,0,1
CUST_00834,2023-07-02 11:07:25.769153,20,Eldoret,Tier_1,0,0
CUST_00835,2023-07-02 16:22:51.154230,40,Nairobi,Tier_2,0,0
CUST_00836,2023-07-02 21:38:16.539307,54,Kisumu,Tier_2,0,0
CUST_00837,2023-07-03 02:53:41.924384,54,Kisumu,Tier_1,0,0
CUST_00838,2023-07-03 08:09:07.309461,27,Kisumu,Tier_1,1,0
CUST_00839,2023-07-03 13:24:32.694538,27,Nairobi,Tier_3,0,0
CUST_00840,2023-07-03 18:39:58.079615,36,Eldoret,Tier_2,0,1
CUST_00841,2023-07-03 23:55:23.464692,34,Nairobi,Tier_2,1,0
CUST_00842,2023-07-04 05:10:48.849769,38,Kisumu,Tier_1,0,0
CUST_00843,2023-07-04 10:26:14.234846,31,Nairobi,Tier_2,1,0
CUST_00844,2023-07-04 15:41:39.619923,26,Nairobi,Tier_2,0,0
CUST_00845,2023-07-04 20:57:05.005001,63,Mombasa,Tier_2,0,0
CUST_00846,2023-07-05 02:12:30.390078,18,Mombasa,Tier_1,0,0
CUST_00847,2023-07-05 07:27:55.775155,68,Nairobi,Tier_3,1,1
CUST_00848,2023-07-05 12:43:21.160232,62,Nairobi,Tier_2,0,0
CUST_00849,2023-07-05 17:58:46.545309,30,Mombasa,Tier_2,1,0
CUST_00850,2023-07-05 23:14:11.930386,21,Nakuru,Tier_2,0,0
CUST_00851,2023-07-06 04:29:37.315463,18,Nakuru,Tier_2,0,0
CUST_00852,2023-07-06 09:45:02.700540,66,Nairobi,Tier_3,0,0
CUST_00853,2023-07-06 15:00:28.085617,57,Nairobi,Tier_3,0,0
CUST_00854,2023-07-06 20:15:53.470694,49,Nairobi,Tier_2,0,0
CUST_00855,2023-07-07 01:31:18.855771,51,Nairobi,Tier_3,1,0
CUST_00856,2023-07-07 06:46:44.240848,45,Kisumu,Tier_3,0,0
CUST_00857,2023-07-07 12:02:09.625925,48,Kisumu,Tier_3,0,0
CUST_00858,2023-07-07 17:17:35.011002,25,Nairobi,Tier_2,0,0
CUST_00859,2023-07-07 22:33:00.396079,56,Nairobi,Tier_2,1,1
CUST_00860,2023-07-08 03:48:25.781156,43,Nairobi,Tier_2,1,0
CUST_00861,2023-07-08 09:03:51.166233,51,Nakuru,Tier_3,1,0
CUST_00862,2023-07-08 14:19:16.551310,20,Eldoret,Tier_1,1,0
CUST_00863,2023-07-08 19:34:41.936387,67,Nairobi,Tier_2,1,0
CUST_00864,2023-07-09 00:50:07.321464,29,Nairobi,Tier_2,1,0
CUST_00865,2023-07-09 06:05:32.706541,18,Nakuru,Tier_2,1,0
CUST_00866,2023-07-09 11:20:58.091618,61,Eldoret,Tier_2,0,1
CUST_00867,2023-07-09 16:36:23.476695,22,Mombasa,Tier_3,0,0
CUST_00868,2023-07-09 21:51:48.861772,47,Nairobi,Tier_2,0,0
CUST_00869,2023-07-10 03:07:14.246849,47,Nairobi,Tier_3,0,1
CUST_00870,2023-07-10 08:22:39.631926,34,Mombasa,Tier_2,0,0
CUST_00871,2023-07-10 13:38:05.017003,65,Nairobi,Tier_2,0,1
CUST_00872,2023-07-10 18:53:30.402080,64,Nairobi,Tier_2,1,0
CUST_00873,2023-07-11 00:08:55.787157,40,Mombasa,Tier_1,0,0
CUST_00874,2023-07-11 05:24:21.172234,32,Nairobi,Tier_2,1,0
CUST_00875,2023-07-11 10:39:46.557311,54,Nakuru,Tier_2,1,0
CUST_00876,2023-07-11 15:55:11.942388,38,Nairobi,Tier_2,1,0
CUST_00877,2023-07-11 21:10:37.327465,31,Nairobi,Tier_3,1,0
CUST_00878,2023-07-12 02:26:02.712542,19,Mombasa,Tier_2,1,0
CUST_00879,2023-07-12 07:41:28.097619,28,Nairobi,Tier_1,0,0
CUST_00880,2023-07-12 12:56:53.482696,68,Eldoret,Tier_1,0,0
CUST_00881,2023-07-12 18:12:18.867773,56,Mombasa,Tier_2,0,0
CUST_00882,2023-07-12 23:27:44.252850,55,Nairobi,Tier_2,1,0
CUST_00883,2023-07-13 04:43:09.637927,51,Kisumu,Tier_1,1,0
CUST_00884,2023-07-13 09:58:35.023004,55,Nairobi,Tier_2,1,0
CUST_00885,2023-07-13 15:14:00.408081,67,Eldoret,Tier_2,0,1
CUST_00886,2023-07-13 20:29:25.793158,51,Nairobi,Tier_2,0,0
CUST_00887,2023-07-14 01:44:51.178235,35,Mombasa,Tier_3,0,0
CUST_00888,2023-07-14 07:00:16.563312,47,Nairobi,Tier_2,0,0
CUST_00889,2023-07-14 12:15:41.948389,32,Mombasa,Tier_2,0,0
CUST_00890,2023-07-14 17:31:07.333466,44,Nakuru,Tier_3,0,0
CUST_00891,2023-07-14 22:46:32.718543,68,Nakuru,Tier_2,1,1
CUST_00892,2023-07-15 04:01:58.103620,51,Nairobi,Tier_2,0,0
CUST_00893,2023-07-15 09:17:23.488697,69,Nairobi,Tier_2,0,0
CUST_00894,2023-07-15 14:32:48.873774,55,Nakuru,Tier_1,1,0
CUST_00895,2023-07-15 19:48:14.258851,50,Eldoret,Tier_2,0,0
CUST_00896,2023-07-16 01:03:39.643928,41,Nairobi,Tier_2,0,0
CUST_00897,2023-07-16 06:19:05.029005,32,Mombasa,Tier_3,0,1
CUST_00898,2023-07-16 11:34:30.414082,47,Nairobi,Tier_3,0,0
CUST_00899,2023-07-16 16:49:55.799159,59,Nakuru,Tier_2,0,0
CUST_00900,2023-07-16 22:05:21.184236,68,Nairobi,Tier_2,0,0
CUST_00901,2023-07-17 03:20:46.569313,34,Nairobi,Tier_2,0,0
CUST_00902,2023-07-17 08:36:11.954390,22,Nakuru,Tier_2,0,0
CUST_00903,2023-07-17 13:51:37.339467,46,Nairobi,Tier_2,0,0
CUST_00904,2023-07-17 19:07:02.724544,21,Mombasa,Tier_2,1,0
CUST_00905,2023-07-18 00:22:28.109621,27,Mombasa,Tier_2,0,0
CUST_00906,2023-07-18 05:37:53.494698,34,Nairobi,Tier_1,1,0
CUST_00907,2023-07-18 10:53:18.879775,27,Nairobi,Tier_3,0,0
CUST_00908,2023-07-18 16:08:44.264852,34,Mombasa,Tier_1,0,0
CUST_00909,2023-07-18 21:24:09.649929,37,Nairobi,Tier_3,1,1
CUST_00910,2023-07-19 02:39:35.035007,41,Mombasa,Tier_3,0,0
CUST_00911,2023-07-19 07:55:00.420084,22,Nakuru,Tier_2,0,0
CUST_00912,2023-07-19 13:10:25.805161,51,Nakuru,Tier_3,0,0
CUST_00913,2023-07-19 18:25:51.190238,23,Nairobi,Tier_2,0,0
CUST_00914,2023-07-19 23:41:16.575315,19,Nairobi,Tier_2,1,0
CUST_00915,2023-07-20 04:56:41.960392,30,Nairobi,Tier_2,1,1
CUST_00916,2023-07-20 10:12:07.345469,60,Nairobi,Tier_2,0,0
CUST_00917,2023-07-20 15:27:32.730546,60,Mombasa,Tier_2,0,0
CUST_00918,2023-07-20 20:42:58.115623,65,Kisumu,Tier_2,0,0
CUST_00919,2023-07-21 01:58:23.500700,28,Nairobi,Tier_2,1,0
CUST_00920,2023-07-21 07:13:48.885777,68,Nairobi,Tier_2,1,0
CUST_00921,2023-07-21 12:29:14.270854,64,Nairobi,Tier_2,1,0
CUST_00922,2023-07-21 17:44:39.655931,40,Kisumu,Tier_1,0,0
CUST_00923,2023-07-21 23:00:05.041008,33,Nairobi,Tier_1,1,0
CUST_00924,2023-07-22 04:15:30.426085,48,Kisumu,Tier_2,0,0
CUST_00925,2023-07-22 09:30:55.811162,28,Nairobi,Tier_1,0,0
CUST_00926,2023-07-22 14:46:21.196239,33,Nakuru,Tier_1,1,0
CUST_00927,2023-07-22 20:01:46.581316,25,Nakuru,Tier_3,0,1
CUST_00928,2023-07-23 01:17:11.966393,21,Nairobi,Tier_1,1,0
CUST_00929,2023-07-23 06:32:37.351470,57,Nairobi,Tier_2,0,1
CUST_00930,2023-07-23 11:48:02.736547,21,Mombasa,Tier_2,1,0
CUST_00931,2023-07-23 17:03:28.121624,42,Nairobi,Tier_3,0,0
CUST_00932,2023-07-23 22:18:53.506701,20,Kisumu,Tier_2,0,0
CUST_00933,2023-07-24 03:34:18.891778,49,Nakuru,Tier_2,0,0
CUST_00934,2023-07-24 08:49:44.276855,20,Kisumu,Tier_2,0,0
CUST_00935,2023-07-24 14:05:09.661932,44,Nakuru,Tier_2,0,1
CUST_00936,2023-07-24 19:20:35.047009,46,Nairobi,Tier_2,0,0
CUST_00937,2023-07-25 00:36:00.432086,49,Nairobi,Tier_1,0,1
CUST_00938,2023-07-25 05:51:25.817163,67,Kisumu,Tier_3,0,0
CUST_00939,2023-07-25 11:06:51.202240,68,Nairobi,Tier_2,0,0
CUST_00940,2023-07-25 16:22:16.587317,36,Kisumu,Tier_2,0,0
CUST_00941,2023-07-25 21:37:41.972394,38,Nairobi,Tier_3,1,0
CUST_00942,2023-07-26 02:53:07.357471,22,Nairobi,Tier_2,1,0
CUST_00943,2023-07-26 08:08:32.742548,35,Eldoret,Tier_3,0,0
CUST_00944,2023-07-26 13:23:58.127625,45,Nairobi,Tier_2,0,0
CUST_00945,2023-07-26 18:39:23.512702,59,Eldoret,Tier_3,1,0
CUST_00946,2023-07-26 23:54:48.897779,39,Eldoret,Tier_1,0,0
CUST_00947,2023-07-27 05:10:14.282856,38,Nakuru,Tier_3,0,0
CUST_00948,2023-07-27 10:25:39.667933,23,Kisumu,Tier_3,0,0
CUST_00949,2023-07-27 15:41:05.053010,18,Mombasa,Tier_2,0,0
CUST_00950,2023-07-27 20:56:30.438087,22,Nakuru,Tier_1,0,1
CUST_00951,2023-07-28 02:11:55.823164,58,Nairobi,Tier_2,0,0
CUST_00952,2023-07-28 07:27:21.208241,29,Mombasa,Tier_3,0,0
CUST_00953,2023-07-28 12:42:46.593318,43,Kisumu,Tier_2,0,1
CUST_00954,2023-07-28 17:58:11.978395,63,Mombasa,Tier_2,0,0
CUST_00955,2023-07-28 23:13:37.363472,51,Mombasa,Tier_1,0,0
CUST_00956,2023-07-29 04:29:02.748549,66,Nairobi,Tier_2,0,0
CUST_00957,2023-07-29 09:44:28.133626,31,Mombasa,Tier_2,0,0
CUST_00958,2023-07-29 14:59:53.518703,43,Nakuru,Tier_3,1,0
CUST_00959,2023-07-29 20:15:18.903780,62,Nairobi,Tier_2,0,0
CUST_00960,2023-07-30 01:30:44.288857,44,Eldoret,Tier_3,0,0
CUST_00961,2023-07-30 06:46:09.673934,26,Kisumu,Tier_2,0,0
CUST_00962,2023-07-30 12:01:35.059011,43,Nakuru,Tier_1,0,0
CUST_00963,2023-07-30 17:17:00.444088,64,Mombasa,Tier_2,0,0
CUST_00964,2023-07-30 22:32:25.829165,39,Nakuru,Tier_2,0,0
CUST_00965,2023-07-31 03:47:51.214242,64,Nairobi,Tier_3,1,0
CUST_00966,2023-07-31 09:03:16.599319,47,Nakuru,Tier_3,0,1
CUST_00967,2023-07-31 14:18:41.984396,60,Nairobi,Tier_2,1,0
CUST_00968,2023-07-31 19:34:07.369473,65,Nakuru,Tier_2,0,0
CUST_00969,2023-08-01 00:49:32.754550,34,Eldoret,Tier_2,1,0
CUST_00970,2023-08-01 06:04:58.139627,43,Nairobi,Tier_3,1,0
CUST_00971,2023-08-01 11:20:23.524704,53,Nairobi,Tier_3,1,0
CUST_00972,2023-08-01 16:35:48.909781,18,Nakuru,Tier_3,0,0
CUST_00973,2023-08-01 21:51:14.294858,25,Nairobi,Tier_2,0,0
CUST_00974,2023-08-02 03:06:39.679935,66,Nakuru,Tier_2,1,0
CUST_00975,2023-08-02 08:22:05.065013,52,Nairobi,Tier_2,1,0
CUST_00976,2023-08-02 13:37:30.450090,69,Nairobi,Tier_2,1,0
CUST_00977,2023-08-02 18:52:55.835167,32,Eldoret,Tier_2,0,0
CUST_00978,2023-08-03 00:08:21.220244,64,Kisumu,Tier_1,1,0
CUST_00979,2023-08-03 05:23:46.605321,39,Nakuru,Tier_1,0,0
CUST_00980,2023-08-03 10:39:11.990398,31,Nairobi,Tier_3,0,0
CUST_00981,2023-08-03 15:54:37.375475,43,Kisumu,Tier_3,0,0
CUST_00982,2023-08-03 21:10:02.760552,45,Mombasa,Tier_2,0,0
CUST_00983,2023-08-04 02:25:28.145629,40,Kisumu,Tier_2,1,0
CUST_00984,2023-08-04 07:40:53.530706,31,Kisumu,Tier_2,0,0
CUST_00985,2023-08-04 12:56:18.915783,41,Mombasa,Tier_3,0,0
CUST_00986,2023-08-04 18:11:44.300860,19,Mombasa,Tier_3,0,0
CUST_00987,2023-08-04 23:27:09.685937,62,Nairobi,Tier_3,0,0
CUST_00988,2023-08-05 04:42:35.071014,43,Nakuru,Tier_3,0,0
CUST_00989,2023-08-05 09:58:00.456091,31,Nairobi,Tier_2,0,0
CUST_00990,2023-08-05 15:13:25.841168,68,Kisumu,Tier_2,0,0
CUST_00991,2023-08-05 20:28:51.226245,24,Nairobi,Tier_2,1,0
CUST_00992,2023-08-06 01:44:16.611322,20,Kisumu,Tier_2,1,0
CUST_00993,2023-08-06 06:59:41.996399,64,Kisumu,Tier_3,0,0
CUST_00994,2023-08-06 12:15:07.381476,40,Nairobi,Tier_2,0,0
CUST_00995,2023-08-06 17:30:32.766553,63,Nairobi,Tier_1,0,1
CUST_00996,2023-08-06 22:45:58.151630,60,Nairobi,Tier_2,1,0
CUST_00997,2023-08-07 04:01:23.536707,64,Kisumu,Tier_3,0,0
CUST_00998,2023-08-07 09:16:48.921784,62,Nakuru,Tier_2,0,0
CUST_00999,2023-08-07 14:32:14.306861,35,Nairobi,Tier_2,0,0
CUST_01000,2023-08-07 19:47:39.691938,55,Kisumu,Tier_2,1,1
CUST_01001,2023-08-08 01:03:05.077015,52,Nairobi,Tier_1,0,1
CUST_01002,2023-08-08 06:18:30.462092,68,Mombasa,Tier_2,0,0
CUST_01003,2023-08-08 11:33:55.847169,32,Eldoret,Tier_3,1,0
CUST_01004,2023-08-08 16:49:21.232246,42,Nairobi,Tier_2,0,1
CUST_01005,2023-08-08 22:04:46.617323,54,Mombasa,Tier_3,1,1
CUST_01006,2023-08-09 03:20:12.002400,45,Nairobi,Tier_2,0,1
CUST_01007,2023-08-09 08:35:37.387477,27,Nairobi,Tier_1,1,0
CUST_01008,2023-08-09 13:51:02.772554,56,Nairobi,Tier_3,0,0
CUST_01009,2023-08-09 19:06:28.157631,34,Nairobi,Tier_2,1,0
CUST_01010,2023-08-10 00:21:53.542708,56,Kisumu,Tier_2,0,0
CUST_01011,2023-08-10 05:37:18.927785,39,Mombasa,Tier_3,1,0
CUST_01012,2023-08-10 10:52:44.312862,43,Mombasa,Tier_2,0,0
CUST_01013,2023-08-10 16:08:09.697939,61,Nairobi,Tier_3,0,0
CUST_01014,2023-08-10 21:23:35.083016,42,Nairobi,Tier_1,1,0
CUST_01015,2023-08-11 02:39:00.468093,34,Kisumu,Tier_2,0,0
CUST_01016,2023-08-11 07:54:25.853170,30,Eldoret,Tier_1,0,0
CUST_01017,2023-08-11 13:09:51.238247,37,Nairobi,Tier_3,0,0
CUST_01018,2023-08-11 18:25:16.623324,42,Nakuru,Tier_2,1,1
CUST_01019,2023-08-11 23:40:42.008401,21,Mombasa,Tier_3,0,0
CUST_01020,2023-08-12 04:56:07.393478,27,Mombasa,Tier_3,1,0
CUST_01021,2023-08-12 10:11:32.778555,20,Mombasa,Tier_2,0,0
CUST_01022,2023-08-12 15:26:58.163632,58,Nairobi,Tier_2,0,1
CUST_01023,2023-08-12 20:42:23.548709,62,Nairobi,Tier_2,0,0
CUST_01024,2023-08-13 01:57:48.933786,35,Kisumu,Tier_2,0,0
CUST_01025,2023-08-13 07:13:14.318863,64,Nairobi,Tier_2,0,0
CUST_01026,2023-08-13 12:28:39.703940,53,Eldoret,Tier_2,0,0
CUST_01027,2023-08-13 17:44:05.089017,64,Mombasa,Tier_3,0,0
CUST_01028,2023-08-13 22:59:30.474094,39,Nairobi,Tier_3,1,1
CUST_01029,2023-08-14 04:14:55.859171,51,Kisumu,Tier_3,0,0
CUST_01030,2023-08-14 09:30:21.244248,64,Nairobi,Tier_3,0,0
CUST_01031,2023-08-14 14:45:46.629325,25,Mombasa,Tier_2,0,0
CUST_01032,2023-08-14 20:01:12.014402,57,Kisumu,Tier_2,0,1
CUST_01033,2023-08-15 01:16:37.399479,66,Eldoret,Tier_3,0,0
CUST_01034,2023-08-15 06:32:02.784556,61,Nakuru,Tier_2,0,0
CUST_01035,2023-08-15 11:47:28.169633,36,Kisumu,Tier_3,1,1
CUST_01036,2023-08-15 17:02:53.554710,59,Kisumu,Tier_2,0,0
CUST_01037,2023-08-15 22:18:18.939787,58,Eldoret,Tier_2,0,0
CUST_01038,2023-08-16 03:33:44.324864,54,Nairobi,Tier_3,0,0
CUST_01039,2023-08-16 08:49:09.709941,23,Nairobi,Tier_3,0,1
CUST_01040,2023-08-16 14:04:35.095019,69,Nairobi,Tier_2,0,0
CUST_01041,2023-08-16 19:20:00.480096,43,Nairobi,Tier_3,0,1
CUST_01042,2023-08-17 00:35:25.865173,51,Kisumu,Tier_2,0,0
CUST_01043,2023-08-17 05:50:51.250250,62,Kisumu,Tier_2,0,0
CUST_01044,2023-08-17 11:06:16.635327,23,Mombasa,Tier_3,1,0
CUST_01045,2023-08-17 16:21:42.020404,54,Nairobi,Tier_2,0,0
CUST_01046,2023-08-17 21:37:07.405481,50,Kisumu,Tier_2,0,0
CUST_01047,2023-08-18 02:52:32.790558,39,Nairobi,Tier_2,0,0
CUST_01048,2023-08-18 08:07:58.175635,38,Kisumu,Tier_2,0,0
CUST_01049,2023-08-18 13:23:23.560712,23,Mombasa,Tier_2,0,0
CUST_01050,2023-08-18 18:38:48.945789,23,Nairobi,Tier_2,0,0
CUST_01051,2023-08-18 23:54:14.330866,65,Nairobi,Tier_1,1,0
CUST_01052,2023-08-19 05:09:39.715943,21,Nairobi,Tier_3,0,0
CUST_01053,2023-08-19 10:25:05.101020,47,Nakuru,Tier_2,0,0
CUST_01054,2023-08-19 15:40:30.486097,28,Eldoret,Tier_3,0,0
CUST_01055,2023-08-19 20:55:55.871174,47,Kisumu,Tier_2,0,1
CUST_01056,2023-08-20 02:11:21.256251,48,Nairobi,Tier_2,0,0
CUST_01057,2023-08-20 07:26:46.641328,41,Mombasa,Tier_2,0,0
CUST_01058,2023-08-20 12:42:12.026405,26,Kisumu,Tier_2,0,0
CUST_01059,2023-08-20 17:57:37.411482,20,Nakuru,Tier_2,0,0
CUST_01060,2023-08-20 23:13:02.796559,68,Nairobi,Tier_2,0,0
CUST_01061,2023-08-21 04:28:28.181636,48,Nairobi,Tier_2,1,0
CUST_01062,2023-08-21 09:43:53.566713,57,Kisumu,Tier_1,0,0
CUST_01063,2023-08-21 14:59:18.951790,54,Nairobi,Tier_2,0,0
CUST_01064,2023-08-21 20:14:44.336867,53,Nairobi,Tier_1,1,0
CUST_01065,2023-08-22 01:30:09.721944,41,Nairobi,Tier_1,1,0
CUST_01066,2023-08-22 06:45:35.107021,48,Mombasa,Tier_3,1,1
CUST_01067,2023-08-22 12:01:00.492098,23,Nakuru,Tier_2,0,0
CUST_01068,2023-08-22 17:16:25.877175,19,Eldoret,Tier_2,1,0
CUST_01069,2023-08-22 22:31:51.262252,37,Mombasa,Tier_2,0,0
CUST_01070,2023-08-23 03:47:16.647329,45,Mombasa,Tier_3,0,0
CUST_01071,2023-08-23 09:02:42.032406,28,Nairobi,Tier_2,0,0
CUST_01072,2023-08-23 14:18:07.417483,21,Mombasa,Tier_3,1,0
CUST_01073,2023-08-23 19:33:32.802560,32,Nairobi,Tier_2,0,0
CUST_01074,2023-08-24 00:48:58.187637,23,Kisumu,Tier_3,0,1
CUST_01075,2023-08-24 06:04:23.572714,66,Nairobi,Tier_3,0,0
CUST_01076,2023-08-24 11:19:48.957791,47,Nairobi,Tier_3,0,0
CUST_01077,2023-08-24 16:35:14.342868,55,Nairobi,Tier_1,1,0
CUST_01078,2023-08-24 21:50:39.727945,68,Nairobi,Tier_2,0,0
CUST_01079,2023-08-25 03:06:05.113022,19,Nairobi,Tier_2,0,0
CUST_01080,2023-08-25 08:21:30.498099,32,Nairobi,Tier_2,1,1
CUST_01081,2023-08-25 13:36:55.883176,28,Eldoret,Tier_3,0,0
CUST_01082,2023-08-25 18:52:21.268253,25,Mombasa,Tier_1,0,0
CUST_01083,2023-08-26 00:07:46.653330,43,Mombasa,Tier_1,1,0
CUST_01084,2023-08-26 05:23:12.038407,68,Nakuru,Tier_2,1,0
CUST_01085,2023-08-26 10:38:37.423484,62,Eldoret,Tier_1,1,1
CUST_01086,2023-08-26 15:54:02.808561,61,Mombasa,Tier_2,0,0
CUST_01087,2023-08-26 21:09:28.193638,22,Nakuru,Tier_3,0,0
CUST_01088,2023-08-27 02:24:53.578715,23,Nairobi,Tier_2,0,0
CUST_01089,2023-08-27 07:40:18.963792,43,Nairobi,Tier_1,0,0
CUST_01090,2023-08-27 12:55:44.348869,21,Mombasa,Tier_2,0,0
CUST_01091,2023-08-27 18:11:09.733946,36,Kisumu,Tier_2,0,1
CUST_01092,2023-08-27 23:26:35.119023,37,Kisumu,Tier_1,1,1
CUST_01093,2023-08-28 04:42:00.504100,50,Nairobi,Tier_2,0,1
CUST_01094,2023-08-28 09:57:25.889177,37,Nairobi,Tier_3,0,0
CUST_01095,2023-08-28 15:12:51.274254,66,Kisumu,Tier_3,0,0
CUST_01096,2023-08-28 20:28:16.659331,29,Nairobi,Tier_3,0,0
CUST_01097,2023-08-29 01:43:42.044408,64,Mombasa,Tier_1,1,0
CUST_01098,2023-08-29 06:59:07.429485,18,Kisumu,Tier_3,0,0
CUST_01099,2023-08-29 12:14:32.814562,43,Kisumu,Tier_3,0,0
CUST_01100,2023-08-29 17:29:58.199639,31,Nakuru,Tier_3,0,1
CUST_01101,2023-08-29 22:45:23.584716,55,Nakuru,Tier_1,0,0
CUST_01102,2023-08-30 04:00:48.969793,54,Mombasa,Tier_3,0,0
CUST_01103,2023-08-30 09:16:14.354870,28,Kisumu,Tier_3,1,1
CUST_01104,2023-08-30 14:31:39.739947,53,Kisumu,Tier_3,0,0
CUST_01105,2023-08-30 19:47:05.125025,30,Nairobi,Tier_1,0,0
CUST_01106,2023-08-31 01:02:30.510102,60,Nairobi,Tier_3,0,0
CUST_01107,2023-08-31 06:17:55.895179,20,Nairobi,Tier_3,1,0
CUST_01108,2023-08-31 11:33:21.280256,50,Mombasa,Tier_2,1,0
CUST_01109,2023-08-31 16:48:46.665333,23,Kisumu,Tier_2,0,0
CUST_01110,2023-08-31 22:04:12.050410,67,Nakuru,Tier_3,0,0
CUST_01111,2023-09-01 03:19:37.435487,27,Nairobi,Tier_2,1,0
CUST_01112,2023-09-01 08:35:02.820564,22,Nairobi,Tier_2,1,0
CUST_01113,2023-09-01 13:50:28.205641,40,Eldoret,Tier_2,1,0
CUST_01114,2023-09-01 19:05:53.590718,27,Nairobi,Tier_3,1,0
CUST_01115,2023-09-02 00:21:18.975795,61,Mombasa,Tier_1,0,0
CUST_01116,2023-09-02 05:36:44.360872,19,Mombasa,Tier_2,0,0
CUST_01117,2023-09-02 10:52:09.745949,30,Mombasa,Tier_2,1,0
CUST_01118,2023-09-02 16:07:35.131026,57,Nairobi,Tier_3,1,0
CUST_01119,2023-09-02 21:23:00.516103,19,Nairobi,Tier_2,0,0
CUST_01120,2023-09-03 02:38:25.901180,37,Nairobi,Tier_3,0,0
CUST_01121,2023-09-03 07:53:51.286257,18,Mombasa,Tier_3,1,0
CUST_01122,2023-09-03 13:09:16.671334,54,Mombasa,Tier_1,0,0
CUST_01123,2023-09-03 18:24:42.056411,26,Nairobi,Tier_2,1,0
CUST_01124,2023-09-03 23:40:07.441488,34,Kisumu,Tier_1,0,0
CUST_01125,2023-09-04 04:55:32.826565,26,Nakuru,Tier_2,0,0
CUST_01126,2023-09-04 10:10:58.211642,28,Nairobi,Tier_2,0,0
CUST_01127,2023-09-04 15:26:23.596719,32,Mombasa,Tier_3,0,1
CUST_01128,2023-09-04 20:41:48.981796,41,Kisumu,Tier_3,0,0
CUST_01129,2023-09-05 01:57:14.366873,55,Nairobi,Tier_1,0,0
CUST_01130,2023-09-05 07:12:39.751950,52,Nairobi,Tier_1,1,0
CUST_01131,2023-09-05 12:28:05.137027,47,Kisumu,Tier_2,1,0
CUST_01132,2023-09-05 17:43:30.522104,48,Nakuru,Tier_2,0,0
CUST_01133,2023-09-05 22:58:55.907181,66,Nakuru,Tier_2,0,0
CUST_01134,2023-09-06 04:14:21.292258,22,Mombasa,Tier_3,0,0
CUST_01135,2023-09-06 09:29:46.677335,61,Kisumu,Tier_3,0,1
CUST_01136,2023-09-06 14:45:12.062412,67,Nairobi,Tier_2,0,0
CUST_01137,2023-09-06 20:00:37.447489,31,Kisumu,Tier_3,0,0
CUST_01138,2023-09-07 01:16:02.832566,28,Mombasa,Tier_2,0,1
CUST_01139,2023-09-07 06:31:28.217643,26,Nairobi,Tier_3,0,0
CUST_01140,2023-09-07 11:46:53.602720,51,Kisumu,Tier_2,0,0
CUST_01141,2023-09-07 17:02:18.987797,29,Mombasa,Tier_1,1,0
CUST_01142,2023-09-07 22:17:44.372874,52,Nairobi,Tier_3,0,0
CUST_01143,2023-09-08 03:33:09.757951,52,Eldoret,Tier_2,1,0
CUST_01144,2023-09-08 08:48:35.143028,18,Nairobi,Tier_3,1,0
CUST_01145,2023-09-08 14:04:00.528105,57,Nairobi,Tier_2,1,0
CUST_01146,2023-09-08 19:19:25.913182,39,Nairobi,Tier_1,1,0
CUST_01147,2023-09-09 00:34:51.298259,46,Nakuru,Tier_1,0,0
CUST_01148,2023-09-09 05:50:16.683336,25,Kisumu,Tier_2,0,0
CUST_01149,2023-09-09 11:05:42.068413,28,Nairobi,Tier_2,0,0
CUST_01150,2023-09-09 16:21:07.453490,58,Kisumu,Tier_2,1,0
CUST_01151,2023-09-09 21:36:32.838567,54,Nairobi,Tier_2,1,1
CUST_01152,2023-09-10 02:51:58.223644,31,Nakuru,Tier_2,1,0
CUST_01153,2023-09-10 08:07:23.608721,47,Mombasa,Tier_3,0,0
CUST_01154,2023-09-10 13:22:48.993798,52,Mombasa,Tier_2,1,0
CUST_01155,2023-09-10 18:38:14.378875,38,Eldoret,Tier_3,0,0
CUST_01156,2023-09-10 23:53:39.763952,54,Nairobi,Tier_2,0,0
CUST_01157,2023-09-11 05:09:05.149029,22,Nairobi,Tier_2,1,1
CUST_01158,2023-09-11 10:24:30.534106,36,Mombasa,Tier_1,0,0
CUST_01159,2023-09-11 15:39:55.919183,31,Eldoret,Tier_2,1,0
CUST_01160,2023-09-11 20:55:21.304260,43,Nairobi,Tier_1,0,0
CUST_01161,2023-09-12 02:10:46.689337,21,Nairobi,Tier_2,1,0
CUST_01162,2023-09-12 07:26:12.074414,42,Nairobi,Tier_2,0,1
CUST_01163,2023-09-12 12:41:37.459491,62,Mombasa,Tier_2,1,1
CUST_01164,2023-09-12 17:57:02.844568,59,Nairobi,Tier_3,1,0
CUST_01165,2023-09-12 23:12:28.229645,42,Kisumu,Tier_2,1,0
CUST_01166,2023-09-13 04:27:53.614722,35,Eldoret,Tier_2,0,0
CUST_01167,2023-09-13 09:43:18.999799,57,Mombasa,Tier_1,1,0
CUST_01168,2023-09-13 14:58:44.384876,25,Nairobi,Tier_3,0,1
CUST_01169,2023-09-13 20:14:09.769953,56,Mombasa,Tier_1,0,1
CUST_01170,2023-09-14 01:29:35.155031,57,Nairobi,Tier_2,0,0
CUST_01171,2023-09-14 06:45:00.540108,31,Nakuru,Tier_2,1,0
CUST_01172,2023-09-14 12:00:25.925185,49,Mombasa,Tier_2,0,0
CUST_01173,2023-09-14 17:15:51.310262,68,Nairobi,Tier_2,1,0
CUST_01174,2023-09-14 22:31:16.695339,55,Kisumu,Tier_3,1,0
CUST_01175,2023-09-15 03:46:42.080416,50,Mombasa,Tier_1,0,1
CUST_01176,2023-09-15 09:02:07.465493,40,Kisumu,Tier_2,1,1
CUST_01177,2023-09-15 14:17:32.850570,32,Nairobi,Tier_2,0,0
CUST_01178,2023-09-15 19:32:58.235647,50,Nakuru,Tier_1,1,0
CUST_01179,2023-09-16 00:48:23.620724,42,Eldoret,Tier_2,0,0
CUST_01180,2023-09-16 06:03:49.005801,34,Kisumu,Tier_2,0,0
CUST_01181,2023-09-16 11:19:14.390878,50,Eldoret,Tier_2,0,0
CUST_01182,2023-09-16 16:34:39.775955,64,Nairobi,Tier_2,0,0
CUST_01183,2023-09-16 21:50:05.161032,19,Mombasa,Tier_2,0,0
CUST_01184,2023-09-17 03:05:30.546109,31,Kisumu,Tier_3,0,0
CUST_01185,2023-09-17 08:20:55.931186,57,Mombasa,Tier_2,0,1
CUST_01186,2023-09-17 13:36:21.316263,57,Mombasa,Tier_2,0,0
CUST_01187,2023-09-17 18:51:46.701340,68,Nairobi,Tier_2,0,0
CUST_01188,2023-09-18 00:07:12.086417,56,Nairobi,Tier_1,1,1
CUST_01189,2023-09-18 05:22:37.471494,68,Nairobi,Tier_1,0,0
CUST_01190,2023-09-18 10:38:02.856571,23,Nairobi,Tier_2,1,0
CUST_01191,2023-09-18 15:53:28.241648,23,Kisumu,Tier_3,0,0
CUST_01192,2023-09-18 21:08:53.626725,20,Nairobi,Tier_3,0,0
CUST_01193,2023-09-19 02:24:19.011802,24,Nairobi,Tier_1,0,0
CUST_01194,2023-09-19 07:39:44.396879,68,Mombasa,Tier_3,0,0
CUST_01195,2023-09-19 12:55:09.781956,25,Mombasa,Tier_3,0,0
CUST_01196,2023-09-19 18:10:35.167033,59,Nakuru,Tier_2,0,0
CUST_01197,2023-09-19 23:26:00.552110,69,Mombasa,Tier_3,1,0
CUST_01198,2023-09-20 04:41:25.937187,32,Nairobi,Tier_2,1,0
CUST_01199,2023-09-20 09:56:51.322264,64,Nakuru,Tier_2,0,0
CUST_01200,2023-09-20 15:12:16.707341,46,Mombasa,Tier_2,1,1
CUST_01201,2023-09-20 20:27:42.092418,50,Nairobi,Tier_2,0,0
CUST_01202,2023-09-21 01:43:07.477495,69,Mombasa,Tier_2,0,0
CUST_01203,2023-09-21 06:58:32.862572,47,Eldoret,Tier_2,0,0
CUST_01204,2023-09-21 12:13:58.247649,56,Nairobi,Tier_3,1,0
CUST_01205,2023-09-21 17:29:23.632726,44,Nairobi,Tier_3,1,0
CUST_01206,2023-09-21 22:44:49.017803,53,Nairobi,Tier_3,1,0
CUST_01207,2023-09-22 04:00:14.402880,46,Nairobi,Tier_3,0,0
CUST_01208,2023-09-22 09:15:39.787957,55,Mombasa,Tier_3,0,0
CUST_01209,2023-09-22 14:31:05.173034,50,Mombasa,Tier_1,1,0
CUST_01210,2023-09-22 19:46:30.558111,54,Nairobi,Tier_2,0,0
CUST_01211,2023-09-23 01:01:55.943188,44,Eldoret,Tier_2,0,0
CUST_01212,2023-09-23 06:17:21.328265,50,Nakuru,Tier_3,0,1
CUST_01213,2023-09-23 11:32:46.713342,21,Mombasa,Tier_2,0,0
CUST_01214,2023-09-23 16:48:12.098419,39,Nakuru,Tier_3,0,0
CUST_01215,2023-09-23 22:03:37.483496,19,Nairobi,Tier_1,0,0
CUST_01216,2023-09-24 03:19:02.868573,27,Mombasa,Tier_2,0,0
CUST_01217,2023-09-24 08:34:28.253650,22,Kisumu,Tier_3,0,0
CUST_01218,2023-09-24 13:49:53.638727,27,Nakuru,Tier_1,0,0
CUST_01219,2023-09-24 19:05:19.023804,50,Nakuru,Tier_2,0,0
CUST_01220,2023-09-25 00:20:44.408881,55,Nairobi,Tier_2,0,1
CUST_01221,2023-09-25 05:36:09.793958,30,Eldoret,Tier_2,0,0
CUST_01222,2023-09-25 10:51:35.179035,48,Nairobi,Tier_3,0,0
CUST_01223,2023-09-25 16:07:00.564112,64,Nakuru,Tier_2,0,0
CUST_01224,2023-09-25 21:22:25.949189,53,Eldoret,Tier_2,1,0
CUST_01225,2023-09-26 02:37:51.334266,62,Nairobi,Tier_1,1,0
CUST_01226,2023-09-26 07:53:16.719343,41,Kisumu,Tier_3,0,0
CUST_01227,2023-09-26 13:08:42.104420,69,Nairobi,Tier_2,0,0
CUST_01228,2023-09-26 18:24:07.489497,32,Mombasa,Tier_2,1,0
CUST_01229,2023-09-26 23:39:32.874574,46,Mombasa,Tier_3,0,0
CUST_01230,2023-09-27 04:54:58.259651,25,Mombasa,Tier_2,0,0
CUST_01231,2023-09-27 10:10:23.644728,22,Eldoret,Tier_3,0,0
CUST_01232,2023-09-27 15:25:49.029805,46,Kisumu,Tier_2,0,0
CUST_01233,2023-09-27 20:41:14.414882,64,Mombasa,Tier_2,0,0
CUST_01234,2023-09-28 01:56:39.799959,21,Nakuru,Tier_1,1,0
CUST_01235,2023-09-28 07:12:05.185037,29,Eldoret,Tier_3,1,0
CUST_01236,2023-09-28 12:27:30.570114,62,Nairobi,Tier_3,0,0
CUST_01237,2023-09-28 17:42:55.955191,19,Eldoret,Tier_2,0,0
CUST_01238,2023-09-28 22:58:21.340268,44,Nairobi,Tier_2,0,0
CUST_01239,2023-09-29 04:13:46.725345,48,Nakuru,Tier_3,0,0
CUST_01240,2023-09-29 09:29:12.110422,68,Nairobi,Tier_2,0,0
CUST_01241,2023-09-29 14:44:37.495499,68,Nairobi,Tier_3,0,1
CUST_01242,2023-09-29 20:00:02.880576,53,Mombasa,Tier_2,0,0
CUST_01243,2023-09-30 01:15:28.265653,53,Kisumu,Tier_3,0,0
CUST_01244,2023-09-30 06:30:53.650730,43,Nairobi,Tier_2,0,0
CUST_01245,2023-09-30 11:46:19.035807,60,Nairobi,Tier_2,1,0
CUST_01246,2023-09-30 17:01:44.420884,44,Mombasa,Tier_2,0,0
CUST_01247,2023-09-30 22:17:09.805961,22,Eldoret,Tier_3,1,0
CUST_01248,2023-10-01 03:32:35.191038,37,Nairobi,Tier_2,0,0
CUST_01249,2023-10-01 08:48:00.576115,28,Nairobi,Tier_2,0,0
CUST_01250,2023-10-01 14:03:25.961192,27,Mombasa,Tier_2,0,0
CUST_01251,2023-10-01 19:18:51.346269,57,Nairobi,Tier_2,0,0
CUST_01252,2023-10-02 00:34:16.731346,55,Nakuru,Tier_3,0,0
CUST_01253,2023-10-02 05:49:42.116423,23,Nakuru,Tier_3,1,0
CUST_01254,2023-10-02 11:05:07.501500,25,Mombasa,Tier_1,1,1
CUST_01255,2023-10-02 16:20:32.886577,40,Nairobi,Tier_3,0,0
CUST_01256,2023-10-02 21:35:58.271654,64,Nakuru,Tier_3,0,0
CUST_01257,2023-10-03 02:51:23.656731,43,Mombasa,Tier_3,0,0
CUST_01258,2023-10-03 08:06:49.041808,63,Nakuru,Tier_2,0,0
CUST_01259,2023-10-03 13:22:14.426885,60,Kisumu,Tier_3,0,0
CUST_01260,2023-10-03 18:37:39.811962,29,Nakuru,Tier_1,0,0
CUST_01261,2023-10-03 23:53:05.197039,43,Mombasa,Tier_2,0,0
CUST_01262,2023-10-04 05:08:30.582116,30,Mombasa,Tier_3,0,0
CUST_01263,2023-10-04 10:23:55.967193,57,Eldoret,Tier_2,0,0
CUST_01264,2023-10-04 15:39:21.352270,35,Mombasa,Tier_1,0,0
CUST_01265,2023-10-04 20:54:46.737347,42,Kisumu,Tier_3,0,0
CUST_01266,2023-10-05 02:10:12.122424,50,Nairobi,Tier_3,1,0
CUST_01267,2023-10-05 07:25:37.507501,64,Kisumu,Tier_1,0,0
CUST_01268,2023-10-05 12:41:02.892578,57,Mombasa,Tier_3,1,1
CUST_01269,2023-10-05 17:56:28.277655,60,Nairobi,Tier_2,1,0
CUST_01270,2023-10-05 23:11:53.662732,29,Nairobi,Tier_2,1,0
CUST_01271,2023-10-06 04:27:19.047809,61,Kisumu,Tier_3,1,1
CUST_01272,2023-10-06 09:42:44.432886,53,Nakuru,Tier_2,0,0
CUST_01273,2023-10-06 14:58:09.817963,65,Mombasa,Tier_1,1,0
CUST_01274,2023-10-06 20:13:35.203040,21,Nairobi,Tier_2,0,1
CUST_01275,2023-10-07 01:29:00.588117,22,Kisumu,Tier_2,0,0
CUST_01276,2023-10-07 06:44:25.973194,54,Nairobi,Tier_2,1,0
CUST_01277,2023-10-07 11:59:51.358271,25,Mombasa,Tier_3,1,0
CUST_01278,2023-10-07 17:15:16.743348,59,Nairobi,Tier_3,1,0
CUST_01279,2023-10-07 22:30:42.128425,66,Nairobi,Tier_2,1,0
CUST_01280,2023-10-08 03:46:07.513502,45,Nairobi,Tier_3,1,0
CUST_01281,2023-10-08 09:01:32.898579,48,Nairobi,Tier_1,1,0
CUST_01282,2023-10-08 14:16:58.283656,26,Nairobi,Tier_1,1,0
CUST_01283,2023-10-08 19:32:23.668733,68,Nairobi,Tier_3,0,1
CUST_01284,2023-10-09 00:47:49.053810,46,Mombasa,Tier_1,1,0
CUST_01285,2023-10-09 06:03:14.438887,31,Mombasa,Tier_2,1,0
CUST_01286,2023-10-09 11:18:39.823964,57,Nairobi,Tier_2,1,0
CUST_01287,2023-10-09 16:34:05.209041,58,Nakuru,Tier_2,0,0
CUST_01288,2023-10-09 21:49:30.594118,39,Nairobi,Tier_3,0,0
CUST_01289,2023-10-10 03:04:55.979195,28,Mombasa,Tier_2,0,1
CUST_01290,2023-10-10 08:20:21.364272,40,Nairobi,Tier_1,1,0
CUST_01291,2023-10-10 13:35:46.749349,18,Nairobi,Tier_2,0,0
CUST_01292,2023-10-10 18:51:12.134426,63,Mombasa,Tier_2,0,0
CUST_01293,2023-10-11 00:06:37.519503,54,Mombasa,Tier_2,0,0
CUST_01294,2023-10-11 05:22:02.904580,38,Nakuru,Tier_2,1,1
CUST_01295,2023-10-11 10:37:28.289657,43,Mombasa,Tier_3,1,0
CUST_01296,2023-10-11 15:52:53.674734,63,Eldoret,Tier_3,1,0
CUST_01297,2023-10-11 21:08:19.059811,53,Nairobi,Tier_2,0,0
CUST_01298,2023-10-12 02:23:44.444888,40,Nairobi,Tier_2,0,0
CUST_01299,2023-10-12 07:39:09.829965,18,Nairobi,Tier_2,0,0
CUST_01300,2023-10-12 12:54:35.215043,68,Nairobi,Tier_3,0,0
CUST_01301,2023-10-12 18:10:00.600120,57,Mombasa,Tier_3,1,1
CUST_01302,2023-10-12 23:25:25.985197,32,Kisumu,Tier_2,0,1
CUST_01303,2023-10-13 04:40:51.370274,38,Nairobi,Tier_3,0,0
CUST_01304,2023-10-13 09:56:16.755351,64,Eldoret,Tier_2,0,1
CUST_01305,2023-10-13 15:11:42.140428,26,Nakuru,Tier_1,0,0
CUST_01306,2023-10-13 20:27:07.525505,26,Nairobi,Tier_1,1,0
CUST_01307,2023-10-14 01:42:32.910582,27,Nairobi,Tier_2,0,0
CUST_01308,2023-10-14 06:57:58.295659,69,Nairobi,Tier_2,1,0
CUST_01309,2023-10-14 12:13:23.680736,43,Nairobi,Tier_1,0,0
CUST_01310,2023-10-14 17:28:49.065813,58,Nairobi,Tier_2,0,1
CUST_01311,2023-10-14 22:44:14.450890,52,Mombasa,Tier_2,0,0
CUST_01312,2023-10-15 03:59:39.835967,69,Nairobi,Tier_2,0,0
CUST_01313,2023-10-15 09:15:05.221044,42,Nairobi,Tier_2,1,0
CUST_01314,2023-10-15 14:30:30.606121,43,Eldoret,Tier_1,0,0
CUST_01315,2023-10-15 19:45:55.991198,28,Kisumu,Tier_2,0,1
CUST_01316,2023-10-16 01:01:21.376275,55,Eldoret,Tier_2,0,0
CUST_01317,2023-10-16 06:16:46.761352,19,Nairobi,Tier_2,0,0
CUST_01318,2023-10-16 11:32:12.146429,24,Nairobi,Tier_1,1,0
CUST_01319,2023-10-16 16:47:37.531506,35,Mombasa,Tier_2,0,0
CUST_01320,2023-10-16 22:03:02.916583,44,Nairobi,Tier_1,0,0
CUST_01321,2023-10-17 03:18:28.301660,51,Nairobi,Tier_2,1,0
CUST_01322,2023-10-17 08:33:53.686737,44,Kisumu,Tier_3,0,0
CUST_01323,2023-10-17 13:49:19.071814,34,Kisumu,Tier_1,0,0
CUST_01324,2023-10-17 19:04:44.456891,60,Mombasa,Tier_2,0,0
CUST_01325,2023-10-18 00:20:09.841968,61,Mombasa,Tier_1,0,0
CUST_01326,2023-10-18 05:35:35.227045,68,Mombasa,Tier_2,1,0
CUST_01327,2023-10-18 10:51:00.612122,41,Nairobi,Tier_2,0,0
CUST_01328,2023-10-18 16:06:25.997199,42,Nairobi,Tier_2,1,0
CUST_01329,2023-10-18 21:21:51.382276,24,Nairobi,Tier_2,0,0
CUST_01330,2023-10-19 02:37:16.767353,69,Nairobi,Tier_3,1,0
CUST_01331,2023-10-19 07:52:42.152430,23,Eldoret,Tier_2,0,0
CUST_01332,2023-10-19 13:08:07.537507,41,Mombasa,Tier_2,0,0
CUST_01333,2023-10-19 18:23:32.922584,50,Kisumu,Tier_2,0,0
CUST_01334,2023-10-19 23:38:58.307661,66,Nairobi,Tier_3,0,0
CUST_01335,2023-10-20 04:54:23.692738,46,Nairobi,Tier_3,1,0
CUST_01336,2023-10-20 10:09:49.077815,60,Nairobi,Tier_2,1,0
CUST_01337,2023-10-20 15:25:14.462892,39,Nairobi,Tier_3,0,0
CUST_01338,2023-10-20 20:40:39.847969,43,Nairobi,Tier_2,0,0
CUST_01339,2023-10-21 01:56:05.233046,45,Nakuru,Tier_3,0,0
CUST_01340,2023-10-21 07:11:30.618123,67,Kisumu,Tier_3,1,0
CUST_01341,2023-10-21 12:26:56.003200,38,Mombasa,Tier_1,1,0
CUST_01342,2023-10-21 17:42:21.388277,66,Mombasa,Tier_3,0,0
CUST_01343,2023-10-21 22:57:46.773354,24,Eldoret,Tier_2,1,0
CUST_01344,2023-10-22 04:13:12.158431,34,Nairobi,Tier_2,1,0
CUST_01345,2023-10-22 09:28:37.543508,37,Nairobi,Tier_2,0,0
CUST_01346,2023-10-22 14:44:02.928585,58,Nairobi,Tier_3,1,0
CUST_01347,2023-10-22 19:59:28.313662,66,Nakuru,Tier_2,0,1
CUST_01348,2023-10-23 01:14:53.698739,37,Eldoret,Tier_1,0,0
CUST_01349,2023-10-23 06:30:19.083816,39,Nairobi,Tier_3,0,1
CUST_01350,2023-10-23 11:45:44.468893,45,Nakuru,Tier_1,0,0
CUST_01351,2023-10-23 17:01:09.853970,57,Nakuru,Tier_1,0,0
CUST_01352,2023-10-23 22:16:35.239047,66,Nairobi,Tier_2,0,0
CUST_01353,2023-10-24 03:32:00.624124,24,Nairobi,Tier_2,1,0
CUST_01354,2023-10-24 08:47:26.009201,18,Mombasa,Tier_2,0,0
CUST_01355,2023-10-24 14:02:51.394278,49,Eldoret,Tier_1,0,0
CUST_01356,2023-10-24 19:18:16.779355,30,Nairobi,Tier_3,1,0
CUST_01357,2023-10-25 00:33:42.164432,47,Nakuru,Tier_3,0,0
CUST_01358,2023-10-25 05:49:07.549509,40,Nairobi,Tier_2,0,0
CUST_01359,2023-10-25 11:04:32.934586,68,Kisumu,Tier_2,1,0
CUST_01360,2023-10-25 16:19:58.319663,36,Mombasa,Tier_2,1,0
CUST_01361,2023-10-25 21:35:23.704740,49,Mombasa,Tier_2,0,0
CUST_01362,2023-10-26 02:50:49.089817,47,Nakuru,Tier_1,0,0
CUST_01363,2023-10-26 08:06:14.474894,46,Nakuru,Tier_1,1,0
CUST_01364,2023-10-26 13:21:39.859971,66,Nakuru,Tier_3,0,0
CUST_01365,2023-10-26 18:37:05.245049,62,Nairobi,Tier_2,0,0
CUST_01366,2023-10-26 23:52:30.630126,46,Kisumu,Tier_2,0,0
CUST_01367,2023-10-27 05:07:56.015203,47,Nairobi,Tier_3,0,0
CUST_01368,2023-10-27 10:23:21.400280,33,Mombasa,Tier_2,1,0
CUST_01369,2023-10-27 15:38:46.785357,57,Mombasa,Tier_2,1,0
CUST_01370,2023-10-27 20:54:12.170434,36,Mombasa,Tier_2,1,0
CUST_01371,2023-10-28 02:09:37.555511,35,Mombasa,Tier_1,1,0
CUST_01372,2023-10-28 07:25:02.940588,18,Eldoret,Tier_3,0,0
CUST_01373,2023-10-28 12:40:28.325665,31,Nairobi,Tier_2,0,1
CUST_01374,2023-10-28 17:55:53.710742,68,Kisumu,Tier_3,1,0
CUST_01375,2023-10-28 23:11:19.095819,64,Nairobi,Tier_3,0,1
CUST_01376,2023-10-29 04:26:44.480896,67,Nairobi,Tier_3,0,0
CUST_01377,2023-10-29 09:42:09.865973,19,Nairobi,Tier_3,1,0
CUST_01378,2023-10-29 14:57:35.251050,45,Eldoret,Tier_2,0,0
CUST_01379,2023-10-29 20:13:00.636127,66,Nakuru,Tier_2,0,0
CUST_01380,2023-10-30 01:28:26.021204,67,Eldoret,Tier_2,1,0
CUST_01381,2023-10-30 06:43:51.406281,47,Eldoret,Tier_2,1,0
CUST_01382,2023-10-30 11:59:16.791358,55,Nairobi,Tier_3,0,0
CUST_01383,2023-10-30 17:14:42.176435,68,Nairobi,Tier_2,1,0
CUST_01384,2023-10-30 22:30:07.561512,21,Kisumu,Tier_3,0,0
CUST_01385,2023-10-31 03:45:32.946589,18,Mombasa,Tier_3,0,0
CUST_01386,2023-10-31 09:00:58.331666,25,Mombasa,Tier_3,1,0
CUST_01387,2023-10-31 14:16:23.716743,46,Nairobi,Tier_3,1,0
CUST_01388,2023-10-31 19:31:49.101820,56,Mombasa,Tier_2,0,0
CUST_01389,2023-11-01 00:47:14.486897,20,Mombasa,Tier_1,0,1
CUST_01390,2023-11-01 06:02:39.871974,49,Nairobi,Tier_1,0,1
CUST_01391,2023-11-01 11:18:05.257051,27,Mombasa,Tier_2,0,1
CUST_01392,2023-11-01 16:33:30.642128,27,Mombasa,Tier_2,0,0
CUST_01393,2023-11-01 21:48:56.027205,36,Mombasa,Tier_3,0,0
CUST_01394,2023-11-02 03:04:21.412282,63,Nairobi,Tier_3,0,0
CUST_01395,2023-11-02 08:19:46.797359,51,Kisumu,Tier_2,0,0
CUST_01396,2023-11-02 13:35:12.182436,50,Nairobi,Tier_1,0,1
CUST_01397,2023-11-02 18:50:37.567513,40,Nairobi,Tier_1,1,0
CUST_01398,2023-11-03 00:06:02.952590,45,Nakuru,Tier_1,0,0
CUST_01399,2023-11-03 05:21:28.337667,49,Mombasa,Tier_2,0,0
CUST_01400,2023-11-03 10:36:53.722744,67,Nairobi,Tier_2,1,0
CUST_01401,2023-11-03 15:52:19.107821,24,Kisumu,Tier_1,1,0
CUST_01402,2023-11-03 21:07:44.492898,46,Mombasa,Tier_2,0,0
CUST_01403,2023-11-04 02:23:09.877975,25,Nakuru,Tier_1,0,1
CUST_01404,2023-11-04 07:38:35.263052,18,Kisumu,Tier_2,1,0
CUST_01405,2023-11-04 12:54:00.648129,20,Kisumu,Tier_2,0,1
CUST_01406,2023-11-04 18:09:26.033206,41,Mombasa,Tier_2,1,0
CUST_01407,2023-11-04 23:24:51.418283,40,Nairobi,Tier_2,0,0
CUST_01408,2023-11-05 04:40:16.803360,25,Nairobi,Tier_3,0,0
CUST_01409,2023-11-05 09:55:42.188437,64,Mombasa,Tier_2,0,0
CUST_01410,2023-11-05 15:11:07.573514,54,Mombasa,Tier_2,1,0
CUST_01411,2023-11-05 20:26:32.958591,20,Mombasa,Tier_3,1,1
CUST_01412,2023-11-06 01:41:58.343668,68,Nairobi,Tier_2,0,0
CUST_01413,2023-11-06 06:57:23.728745,50,Nairobi,Tier_3,0,0
CUST_01414,2023-11-06 12:12:49.113822,45,Mombasa,Tier_2,0,0
CUST_01415,2023-11-06 17:28:14.498899,64,Nairobi,Tier_2,0,1
CUST_01416,2023-11-06 22:43:39.883976,25,Kisumu,Tier_1,1,0
CUST_01417,2023-11-07 03:59:05.269053,51,Nairobi,Tier_2,0,0
CUST_01418,2023-11-07 09:14:30.654130,52,Mombasa,Tier_2,1,0
CUST_01419,2023-11-07 14:29:56.039207,49,Eldoret,Tier_1,0,0
CUST_01420,2023-11-07 19:45:21.424284,41,Nairobi,Tier_2,1,0
CUST_01421,2023-11-08 01:00:46.809361,31,Mombasa,Tier_2,1,0
CUST_01422,2023-11-08 06:16:12.194438,49,Nairobi,Tier_1,0,1
CUST_01423,2023-11-08 11:31:37.579515,63,Kisumu,Tier_2,0,0
CUST_01424,2023-11-08 16:47:02.964592,60,Mombasa,Tier_2,0,0
CUST_01425,2023-11-08 22:02:28.349669,33,Mombasa,Tier_1,0,1
CUST_01426,2023-11-09 03:17:53.734746,21,Mombasa,Tier_2,0,0
CUST_01427,2023-11-09 08:33:19.119823,69,Nakuru,Tier_3,0,0
CUST_01428,2023-11-09 13:48:44.504900,54,Nairobi,Tier_2,1,0
CUST_01429,2023-11-09 19:04:09.889977,38,Nairobi,Tier_2,0,0
CUST_01430,2023-11-10 00:19:35.275055,31,Nakuru,Tier_2,1,0
CUST_01431,2023-11-10 05:35:00.660132,48,Mombasa,Tier_2,1,0
CUST_01432,2023-11-10 10:50:26.045209,65,Nakuru,Tier_3,1,0
CUST_01433,2023-11-10 16:05:51.430286,35,Mombasa,Tier_2,0,0
CUST_01434,2023-11-10 21:21:16.815363,24,Nakuru,Tier_1,0,0
CUST_01435,2023-11-11 02:36:42.200440,27,Mombasa,Tier_2,0,0
CUST_01436,2023-11-11 07:52:07.585517,24,Kisumu,Tier_3,0,0
CUST_01437,2023-11-11 13:07:32.970594,50,Eldoret,Tier_1,0,0
CUST_01438,2023-11-11 18:22:58.355671,40,Mombasa,Tier_3,1,0
CUST_01439,2023-11-11 23:38:23.740748,38,Nairobi,Tier_3,0,0
CUST_01440,2023-11-12 04:53:49.125825,36,Nairobi,Tier_1,0,1
CUST_01441,2023-11-12 10:09:14.510902,65,Nairobi,Tier_3,1,0
CUST_01442,2023-11-12 15:24:39.895979,36,Nairobi,Tier_2,0,0
CUST_01443,2023-11-12 20:40:05.281056,53,Nairobi,Tier_3,0,1
CUST_01444,2023-11-13 01:55:30.666133,46,Mombasa,Tier_2,1,0
CUST_01445,2023-11-13 07:10:56.051210,35,Mombasa,Tier_2,0,0
CUST_01446,2023-11-13 12:26:21.436287,19,Mombasa,Tier_2,0,0
CUST_01447,2023-11-13 17:41:46.821364,18,Kisumu,Tier_3,0,0
CUST_01448,2023-11-13 22:57:12.206441,64,Nairobi,Tier_1,1,0
CUST_01449,2023-11-14 04:12:37.591518,22,Nairobi,Tier_2,0,0
CUST_01450,2023-11-14 09:28:02.976595,37,Nairobi,Tier_1,0,0
CUST_01451,2023-11-14 14:43:28.361672,28,Mombasa,Tier_2,0,0
CUST_01452,2023-11-14 19:58:53.746749,59,Nairobi,Tier_2,0,0
CUST_01453,2023-11-15 01:14:19.131826,19,Nairobi,Tier_2,0,0
CUST_01454,2023-11-15 06:29:44.516903,20,Mombasa,Tier_2,0,0
CUST_01455,2023-11-15 11:45:09.901980,40,Nakuru,Tier_1,0,0
CUST_01456,2023-11-15 17:00:35.287057,29,Nairobi,Tier_1,0,0
CUST_01457,2023-11-15 22:16:00.672134,37,Kisumu,Tier_1,0,0
CUST_01458,2023-11-16 03:31:26.057211,22,Kisumu,Tier_2,0,0
CUST_01459,2023-11-16 08:46:51.442288,54,Nakuru,Tier_3,0,0
CUST_01460,2023-11-16 14:02:16.827365,55,Eldoret,Tier_1,0,0
CUST_01461,2023-11-16 19:17:42.212442,47,Nairobi,Tier_3,0,0
CUST_01462,2023-11-17 00:33:07.597519,26,Nairobi,Tier_3,1,0
CUST_01463,2023-11-17 05:48:32.982596,51,Nakuru,Tier_2,1,0
CUST_01464,2023-11-17 11:03:58.367673,61,Mombasa,Tier_2,0,0
CUST_01465,2023-11-17 16:19:23.752750,52,Mombasa,Tier_3,0,0
CUST_01466,2023-11-17 21:34:49.137827,69,Kisumu,Tier_1,0,0
CUST_01467,2023-11-18 02:50:14.522904,39,Kisumu,Tier_2,0,0
CUST_01468,2023-11-18 08:05:39.907981,61,Eldoret,Tier_2,0,0
CUST_01469,2023-11-18 13:21:05.293058,41,Eldoret,Tier_2,0,0
CUST_01470,2023-11-18 18:36:30.678135,34,Kisumu,Tier_3,1,1
CUST_01471,2023-11-18 23:51:56.063212,27,Nairobi,Tier_1,0,0
CUST_01472,2023-11-19 05:07:21.448289,47,Nakuru,Tier_2,0,0
CUST_01473,2023-11-19 10:22:46.833366,63,Nairobi,Tier_2,1,0
CUST_01474,2023-11-19 15:38:12.218443,40,Nairobi,Tier_2,0,1
CUST_01475,2023-11-19 20:53:37.603520,49,Nakuru,Tier_2,0,0
CUST_01476,2023-11-20 02:09:02.988597,34,Nairobi,Tier_2,1,0
CUST_01477,2023-11-20 07:24:28.373674,67,Nairobi,Tier_3,1,0
CUST_01478,2023-11-20 12:39:53.758751,68,Nairobi,Tier_2,1,0
CUST_01479,2023-11-20 17:55:19.143828,34,Nakuru,Tier_3,0,0
CUST_01480,2023-11-20 23:10:44.528905,31,Mombasa,Tier_2,0,0
CUST_01481,2023-11-21 04:26:09.913982,26,Kisumu,Tier_1,1,0
CUST_01482,2023-11-21 09:41:35.299059,57,Nairobi,Tier_1,0,0
CUST_01483,2023-11-21 14:57:00.684136,19,Nakuru,Tier_1,1,0
CUST_01484,2023-11-21 20:12:26.069213,62,Nakuru,Tier_2,0,0
CUST_01485,2023-11-22 01:27:51.454290,42,Nairobi,Tier_2,0,0
CUST_01486,2023-11-22 06:43:16.839367,56,Mombasa,Tier_3,1,0
CUST_01487,2023-11-22 11:58:42.224444,26,Nairobi,Tier_3,0,0
CUST_01488,2023-11-22 17:14:07.609521,39,Eldoret,Tier_1,0,0
CUST_01489,2023-11-22 22:29:32.994598,60,Kisumu,Tier_2,0,0
CUST_01490,2023-11-23 03:44:58.379675,63,Eldoret,Tier_2,0,0
CUST_01491,2023-11-23 09:00:23.764752,21,Nairobi,Tier_2,0,0
CUST_01492,2023-11-23 14:15:49.149829,43,Nakuru,Tier_1,0,0
CUST_01493,2023-11-23 19:31:14.534906,46,Nakuru,Tier_1,0,0
CUST_01494,2023-11-24 00:46:39.919983,62,Kisumu,Tier_3,1,0
CUST_01495,2023-11-24 06:02:05.305061,51,Eldoret,Tier_3,0,0
CUST_01496,2023-11-24 11:17:30.690138,40,Nairobi,Tier_1,1,0
CUST_01497,2023-11-24 16:32:56.075215,54,Nairobi,Tier_2,0,0
CUST_01498,2023-11-24 21:48:21.460292,28,Kisumu,Tier_2,0,0
CUST_01499,2023-11-25 03:03:46.845369,23,Kisumu,Tier_3,0,0
CUST_01500,2023-11-25 08:19:12.230446,35,Mombasa,Tier_2,1,0
CUST_01501,2023-11-25 13:34:37.615523,38,Nairobi,Tier_1,1,0
CUST_01502,2023-11-25 18:50:03.000600,59,Mombasa,Tier_3,1,0
CUST_01503,2023-11-26 00:05:28.385677,53,Nairobi,Tier_2,0,0
CUST_01504,2023-11-26 05:20:53.770754,58,Mombasa,Tier_2,0,0
CUST_01505,2023-11-26 10:36:19.155831,55,Kisumu,Tier_2,1,1
CUST_01506,2023-11-26 15:51:44.540908,51,Kisumu,Tier_2,1,0
CUST_01507,2023-11-26 21:07:09.925985,34,Nairobi,Tier_2,1,0
CUST_01508,2023-11-27 02:22:35.311062,54,Mombasa,Tier_2,0,0
CUST_01509,2023-11-27 07:38:00.696139,42,Nairobi,Tier_2,1,0
CUST_01510,2023-11-27 12:53:26.081216,55,Nairobi,Tier_1,0,0
CUST_01511,2023-11-27 18:08:51.466293,29,Nakuru,Tier_3,0,0
CUST_01512,2023-11-27 23:24:16.851370,40,Eldoret,Tier_1,0,1
CUST_01513,2023-11-28 04:39:42.236447,59,Nairobi,Tier_1,0,0
CUST_01514,2023-11-28 09:55:07.621524,39,Nakuru,Tier_2,1,1
CUST_01515,2023-11-28 15:10:33.006601,38,Nakuru,Tier_3,1,0
CUST_01516,2023-11-28 20:25:58.391678,44,Nakuru,Tier_3,1,0
CUST_01517,2023-11-29 01:41:23.776755,48,Nairobi,Tier_2,0,0
CUST_01518,2023-11-29 06:56:49.161832,23,Eldoret,Tier_2,0,0
CUST_01519,2023-11-29 12:12:14.546909,44,Nairobi,Tier_3,1,0
CUST_01520,2023-11-29 17:27:39.931986,57,Nairobi,Tier_2,0,1
CUST_01521,2023-11-29 22:43:05.317063,51,Nairobi,Tier_2,1,1
CUST_01522,2023-11-30 03:58:30.702140,29,Mombasa,Tier_3,0,0
CUST_01523,2023-11-30 09:13:56.087217,62,Nairobi,Tier_1,0,0
CUST_01524,2023-11-30 14:29:21.472294,24,Nairobi,Tier_3,0,0
CUST_01525,2023-11-30 19:44:46.857371,27,Nairobi,Tier_3,1,0
CUST_01526,2023-12-01 01:00:12.242448,62,Nakuru,Tier_2,0,0
CUST_01527,2023-12-01 06:15:37.627525,34,Nakuru,Tier_3,0,0
CUST_01528,2023-12-01 11:31:03.012602,43,Nairobi,Tier_3,1,0
CUST_01529,2023-12-01 16:46:28.397679,38,Nakuru,Tier_1,0,1
CUST_01530,2023-12-01 22:01:53.782756,45,Nakuru,Tier_2,1,0
CUST_01531,2023-12-02 03:17:19.167833,63,Nakuru,Tier_1,0,1
CUST_01532,2023-12-02 08:32:44.552910,19,Nairobi,Tier_2,0,0
CUST_01533,2023-12-02 13:48:09.937987,60,Kisumu,Tier_3,1,0
CUST_01534,2023-12-02 19:03:35.323064,18,Eldoret,Tier_2,0,0
CUST_01535,2023-12-03 00:19:00.708141,68,Kisumu,Tier_2,0,0
CUST_01536,2023-12-03 05:34:26.093218,53,Nairobi,Tier_2,0,0
CUST_01537,2023-12-03 10:49:51.478295,68,Mombasa,Tier_3,0,0
CUST_01538,2023-12-03 16:05:16.863372,43,Kisumu,Tier_1,0,0
CUST_01539,2023-12-03 21:20:42.248449,46,Mombasa,Tier_2,0,0
CUST_01540,2023-12-04 02:36:07.633526,38,Nairobi,Tier_1,1,0
CUST_01541,2023-12-04 07:51:33.018603,28,Nairobi,Tier_2,1,0
CUST_01542,2023-12-04 13:06:58.403680,57,Nakuru,Tier_1,0,0
CUST_01543,2023-12-04 18:22:23.788757,28,Nakuru,Tier_2,0,0
CUST_01544,2023-12-04 23:37:49.173834,53,Nairobi,Tier_2,0,0
CUST_01545,2023-12-05 04:53:14.558911,66,Eldoret,Tier_1,0,0
CUST_01546,2023-12-05 10:08:39.943988,56,Nairobi,Tier_3,0,0
CUST_01547,2023-12-05 15:24:05.329065,57,Kisumu,Tier_1,0,0
CUST_01548,2023-12-05 20:39:30.714142,52,Nakuru,Tier_2,0,0
CUST_01549,2023-12-06 01:54:56.099219,51,Nakuru,Tier_1,0,0
CUST_01550,2023-12-06 07:10:21.484296,64,Eldoret,Tier_2,0,0
CUST_01551,2023-12-06 12:25:46.869373,41,Nairobi,Tier_2,1,0
CUST_01552,2023-12-06 17:41:12.254450,39,Nakuru,Tier_2,1,0
CUST_01553,2023-12-06 22:56:37.639527,22,Nairobi,Tier_1,0,0
CUST_01554,2023-12-07 04:12:03.024604,50,Kisumu,Tier_2,1,0
CUST_01555,2023-12-07 09:27:28.409681,53,Kisumu,Tier_2,0,0
CUST_01556,2023-12-07 14:42:53.794758,64,Kisumu,Tier_3,1,0
CUST_01557,2023-12-07 19:58:19.179835,37,Nairobi,Tier_2,0,0
CUST_01558,2023-12-08 01:13:44.564912,36,Nakuru,Tier_2,1,0
CUST_01559,2023-12-08 06:29:09.949990,52,Nairobi,Tier_2,0,0
CUST_01560,2023-12-08 11:44:35.335067,69,Nairobi,Tier_2,0,0
CUST_01561,2023-12-08 17:00:00.720144,60,Kisumu,Tier_1,0,0
CUST_01562,2023-12-08 22:15:26.105221,34,Mombasa,Tier_2,0,0
CUST_01563,2023-12-09 03:30:51.490298,62,Nakuru,Tier_2,0,0
CUST_01564,2023-12-09 08:46:16.875375,60,Nairobi,Tier_2,0,0
CUST_01565,2023-12-09 14:01:42.260452,51,Nairobi,Tier_2,1,0
CUST_01566,2023-12-09 19:17:07.645529,26,Nakuru,Tier_3,0,0
CUST_01567,2023-12-10 00:32:33.030606,43,Mombasa,Tier_1,0,0
CUST_01568,2023-12-10 05:47:58.415683,19,Nairobi,Tier_2,0,0
CUST_01569,2023-12-10 11:03:23.800760,26,Kisumu,Tier_3,1,0
CUST_01570,2023-12-10 16:18:49.185837,26,Mombasa,Tier_2,1,0
CUST_01571,2023-12-10 21:34:14.570914,57,Kisumu,Tier_2,1,0
CUST_01572,2023-12-11 02:49:39.955991,34,Mombasa,Tier_2,0,0
CUST_01573,2023-12-11 08:05:05.341068,18,Nakuru,Tier_1,0,0
CUST_01574,2023-12-11 13:20:30.726145,42,Nakuru,Tier_2,0,0
CUST_01575,2023-12-11 18:35:56.111222,60,Kisumu,Tier_3,0,0
CUST_01576,2023-12-11 23:51:21.496299,57,Nairobi,Tier_1,0,0
CUST_01577,2023-12-12 05:06:46.881376,59,Nakuru,Tier_2,0,0
CUST_01578,2023-12-12 10:22:12.266453,42,Kisumu,Tier_3,0,0
CUST_01579,2023-12-12 15:37:37.651530,56,Kisumu,Tier_3,0,0
CUST_01580,2023-12-12 20:53:03.036607,52,Nairobi,Tier_2,0,0
CUST_01581,2023-12-13 02:08:28.421684,20,Nakuru,Tier_2,1,1
CUST_01582,2023-12-13 07:23:53.806761,67,Kisumu,Tier_2,0,0
CUST_01583,2023-12-13 12:39:19.191838,54,Nairobi,Tier_1,1,0
CUST_01584,2023-12-13 17:54:44.576915,61,Mombasa,Tier_2,0,0
CUST_01585,2023-12-13 23:10:09.961992,61,Nakuru,Tier_2,0,0
CUST_01586,2023-12-14 04:25:35.347069,68,Nairobi,Tier_3,0,0
CUST_01587,2023-12-14 09:41:00.732146,47,Eldoret,Tier_1,1,0
CUST_01588,2023-12-14 14:56:26.117223,55,Kisumu,Tier_2,0,0
CUST_01589,2023-12-14 20:11:51.502300,51,Kisumu,Tier_2,1,0
CUST_01590,2023-12-15 01:27:16.887377,29,Nairobi,Tier_2,0,0
CUST_01591,2023-12-15 06:42:42.272454,36,Nairobi,Tier_1,0,1
CUST_01592,2023-12-15 11:58:07.657531,54,Eldoret,Tier_2,1,0
CUST_01593,2023-12-15 17:13:33.042608,61,Nairobi,Tier_3,0,1
CUST_01594,2023-12-15 22:28:58.427685,66,Nakuru,Tier_2,1,0
CUST_01595,2023-12-16 03:44:23.812762,34,Nairobi,Tier_2,0,0
CUST_01596,2023-12-16 08:59:49.197839,27,Nairobi,Tier_2,0,0
CUST_01597,2023-12-16 14:15:14.582916,66,Nairobi,Tier_2,1,0
CUST_01598,2023-12-16 19:30:39.967993,64,Mombasa,Tier_2,1,0
CUST_01599,2023-12-17 00:46:05.353070,29,Eldoret,Tier_3,0,0
CUST_01600,2023-12-17 06:01:30.738147,33,Nairobi,Tier_3,1,0
CUST_01601,2023-12-17 11:16:56.123224,41,Nairobi,Tier_2,0,0
CUST_01602,2023-12-17 16:32:21.508301,36,Nairobi,Tier_2,1,0
CUST_01603,2023-12-17 21:47:46.893378,25,Mombasa,Tier_3,0,0
CUST_01604,2023-12-18 03:03:12.278455,48,Mombasa,Tier_2,0,1
CUST_01605,2023-12-18 08:18:37.663532,38,Nakuru,Tier_2,0,0
CUST_01606,2023-12-18 13:34:03.048609,34,Mombasa,Tier_2,0,0
CUST_01607,2023-12-18 18:49:28.433686,40,Mombasa,Tier_3,0,0
CUST_01608,2023-12-19 00:04:53.818763,54,Nairobi,Tier_2,0,1
CUST_01609,2023-12-19 05:20:19.203840,33,Eldoret,Tier_3,0,0
CUST_01610,2023-12-19 10:35:44.588917,23,Nairobi,Tier_3,1,0
CUST_01611,2023-12-19 15:51:09.973994,25,Nairobi,Tier_2,0,0
CUST_01612,2023-12-19 21:06:35.359071,42,Kisumu,Tier_3,0,0
CUST_01613,2023-12-20 02:22:00.744148,35,Mombasa,Tier_3,0,0
CUST_01614,2023-12-20 07:37:26.129225,42,Mombasa,Tier_2,1,0
CUST_01615,2023-12-20 12:52:51.514302,29,Mombasa,Tier_1,0,1
CUST_01616,2023-12-20 18:08:16.899379,32,Nakuru,Tier_1,0,0
CUST_01617,2023-12-20 23:23:42.284456,43,Nairobi,Tier_2,0,0
CUST_01618,2023-12-21 04:39:07.669533,58,Nakuru,Tier_2,0,0
CUST_01619,2023-12-21 09:54:33.054610,62,Kisumu,Tier_2,0,0
CUST_01620,2023-12-21 15:09:58.439687,43,Mombasa,Tier_1,0,0
CUST_01621,2023-12-21 20:25:23.824764,64,Mombasa,Tier_3,0,0
CUST_01622,2023-12-22 01:40:49.209841,49,Nairobi,Tier_2,0,0
CUST_01623,2023-12-22 06:56:14.594918,27,Nakuru,Tier_2,0,0
CUST_01624,2023-12-22 12:11:39.979996,33,Mombasa,Tier_2,0,0
CUST_01625,2023-12-22 17:27:05.365073,24,Nairobi,Tier_2,0,0
CUST_01626,2023-12-22 22:42:30.750150,34,Mombasa,Tier_2,1,0
CUST_01627,2023-12-23 03:57:56.135227,40,Eldoret,Tier_2,1,0
CUST_01628,2023-12-23 09:13:21.520304,43,Mombasa,Tier_1,0,0
CUST_01629,2023-12-23 14:28:46.905381,38,Eldoret,Tier_3,0,0
CUST_01630,2023-12-23 19:44:12.290458,39,Nairobi,Tier_3,0,0
CUST_01631,2023-12-24 00:59:37.675535,24,Nairobi,Tier_2,0,0
CUST_01632,2023-12-24 06:15:03.060612,31,Nairobi,Tier_3,0,0
CUST_01633,2023-12-24 11:30:28.445689,32,Mombasa,Tier_3,0,0
CUST_01634,2023-12-24 16:45:53.830766,24,Nairobi,Tier_1,1,1
CUST_01635,2023-12-24 22:01:19.215843,26,Nairobi,Tier_3,1,0
CUST_01636,2023-12-25 03:16:44.600920,68,Eldoret,Tier_3,0,0
CUST_01637,2023-12-25 08:32:09.985997,65,Nakuru,Tier_2,0,0
CUST_01638,2023-12-25 13:47:35.371074,25,Kisumu,Tier_1,1,0
CUST_01639,2023-12-25 19:03:00.756151,67,Nairobi,Tier_1,1,0
CUST_01640,2023-12-26 00:18:26.141228,40,Nairobi,Tier_1,1,0
CUST_01641,2023-12-26 05:33:51.526305,46,Nairobi,Tier_3,0,1
CUST_01642,2023-12-26 10:49:16.911382,35,Kisumu,Tier_2,0,1
CUST_01643,2023-12-26 16:04:42.296459,48,Eldoret,Tier_3,0,0
CUST_01644,2023-12-26 21:20:07.681536,47,Mombasa,Tier_3,0,0
CUST_01645,2023-12-27 02:35:33.066613,69,Nairobi,Tier_2,0,0
CUST_01646,2023-12-27 07:50:58.451690,56,Mombasa,Tier_2,0,0
CUST_01647,2023-12-27 13:06:23.836767,52,Nairobi,Tier_1,1,0
CUST_01648,2023-12-27 18:21:49.221844,35,Nairobi,Tier_2,1,0
CUST_01649,2023-12-27 23:37:14.606921,59,Kisumu,Tier_2,0,0
CUST_01650,2023-12-28 04:52:39.991998,56,Kisumu,Tier_1,1,0
CUST_01651,2023-12-28 10:08:05.377075,34,Nairobi,Tier_1,0,0
CUST_01652,2023-12-28 15:23:30.762152,31,Nairobi,Tier_3,1,1
CUST_01653,2023-12-28 20:38:56.147229,48,Eldoret,Tier_2,0,0
CUST_01654,2023-12-29 01:54:21.532306,41,Nairobi,Tier_2,0,0
CUST_01655,2023-12-29 07:09:46.917383,52,Nairobi,Tier_2,0,0
CUST_01656,2023-12-29 12:25:12.302460,61,Nairobi,Tier_3,0,1
CUST_01657,2023-12-29 17:40:37.687537,62,Nairobi,Tier_2,0,0
CUST_01658,2023-12-29 22:56:03.072614,51,Nairobi,Tier_1,0,0
CUST_01659,2023-12-30 04:11:28.457691,20,Nakuru,Tier_3,1,0
CUST_01660,2023-12-30 09:26:53.842768,54,Nairobi,Tier_2,0,0
CUST_01661,2023-12-30 14:42:19.227845,60,Mombasa,Tier_1,0,0
CUST_01662,2023-12-30 19:57:44.612922,57,Kisumu,Tier_2,0,0
CUST_01663,2023-12-31 01:13:09.997999,43,Mombasa,Tier_3,0,0
CUST_01664,2023-12-31 06:28:35.383076,40,Nakuru,Tier_2,0,0
CUST_01665,2023-12-31 11:44:00.768153,61,Nakuru,Tier_2,1,1
CUST_01666,2023-12-31 16:59:26.153230,56,Nairobi,Tier_2,0,0
CUST_01667,2023-12-31 22:14:51.538307,32,Nakuru,Tier_3,0,0
CUST_01668,2024-01-01 03:30:16.923384,66,Mombasa,Tier_1,1,0
CUST_01669,2024-01-01 08:45:42.308461,21,Eldoret,Tier_2,0,1
CUST_01670,2024-01-01 14:01:07.693538,46,Mombasa,Tier_3,0,1
CUST_01671,2024-01-01 19:16:33.078615,39,Eldoret,Tier_1,1,1
CUST_01672,2024-01-02 00:31:58.463692,42,Nakuru,Tier_3,0,0
CUST_01673,2024-01-02 05:47:23.848769,30,Nairobi,Tier_3,0,0
CUST_01674,2024-01-02 11:02:49.233846,35,Mombasa,Tier_3,1,0
CUST_01675,2024-01-02 16:18:14.618923,50,Eldoret,Tier_2,0,0
CUST_01676,2024-01-02 21:33:40.004000,33,Nakuru,Tier_2,0,0
CUST_01677,2024-01-03 02:49:05.389077,62,Nairobi,Tier_3,1,0
CUST_01678,2024-01-03 08:04:30.774154,59,Kisumu,Tier_3,0,1
CUST_01679,2024-01-03 13:19:56.159231,61,Nairobi,Tier_1,0,0
CUST_01680,2024-01-03 18:35:21.544308,19,Nairobi,Tier_3,1,0
CUST_01681,2024-01-03 23:50:46.929385,52,Mombasa,Tier_2,1,0
CUST_01682,2024-01-04 05:06:12.314462,59,Nairobi,Tier_1,0,1
CUST_01683,2024-01-04 10:21:37.699539,51,Nakuru,Tier_2,0,1
CUST_01684,2024-01-04 15:37:03.084616,47,Nairobi,Tier_3,1,0
CUST_01685,2024-01-04 20:52:28.469693,30,Nakuru,Tier_2,1,0
CUST_01686,2024-01-05 02:07:53.854770,30,Nairobi,Tier_2,0,0
CUST_01687,2024-01-05 07:23:19.239847,35,Nairobi,Tier_3,0,0
CUST_01688,2024-01-05 12:38:44.624924,49,Nairobi,Tier_2,0,0
CUST_01689,2024-01-05 17:54:10.010002,49,Nairobi,Tier_2,1,0
CUST_01690,2024-01-05 23:09:35.395079,52,Nairobi,Tier_2,1,0
CUST_01691,2024-01-06 04:25:00.780156,56,Nairobi,Tier_2,1,0
CUST_01692,2024-01-06 09:40:26.165233,63,Mombasa,Tier_2,1,0
CUST_01693,2024-01-06 14:55:51.550310,69,Nairobi,Tier_3,0,0
CUST_01694,2024-01-06 20:11:16.935387,46,Mombasa,Tier_2,0,0
CUST_01695,2024-01-07 01:26:42.320464,66,Nairobi,Tier_3,1,1
CUST_01696,2024-01-07 06:42:07.705541,46,Nakuru,Tier_1,1,0
CUST_01697,2024-01-07 11:57:33.090618,61,Eldoret,Tier_2,0,0
CUST_01698,2024-01-07 17:12:58.475695,33,Mombasa,Tier_2,0,0
CUST_01699,2024-01-07 22:28:23.860772,61,Nairobi,Tier_1,1,0
CUST_01700,2024-01-08 03:43:49.245849,64,Nairobi,Tier_2,0,0
CUST_01701,2024-01-08 08:59:14.630926,27,Eldoret,Tier_2,0,0
CUST_01702,2024-01-08 14:14:40.016003,47,Nairobi,Tier_1,0,0
CUST_01703,2024-01-08 19:30:05.401080,42,Nairobi,Tier_2,0,0
CUST_01704,2024-01-09 00:45:30.786157,56,Nairobi,Tier_2,0,0
CUST_01705,2024-01-09 06:00:56.171234,37,Nairobi,Tier_2,1,0
CUST_01706,2024-01-09 11:16:21.556311,22,Nairobi,Tier_3,0,0
CUST_01707,2024-01-09 16:31:46.941388,18,Nakuru,Tier_2,0,0
CUST_01708,2024-01-09 21:47:12.326465,47,Nairobi,Tier_2,0,0
CUST_01709,2024-01-10 03:02:37.711542,66,Kisumu,Tier_3,1,0
CUST_01710,2024-01-10 08:18:03.096619,20,Nairobi,Tier_3,1,0
CUST_01711,2024-01-10 13:33:28.481696,62,Nairobi,Tier_2,1,1
CUST_01712,2024-01-10 18:48:53.866773,31,Eldoret,Tier_1,1,0
CUST_01713,2024-01-11 00:04:19.251850,47,Nairobi,Tier_2,0,0
CUST_01714,2024-01-11 05:19:44.636927,67,Nakuru,Tier_2,0,0
CUST_01715,2024-01-11 10:35:10.022004,21,Mombasa,Tier_3,0,0
CUST_01716,2024-01-11 15:50:35.407081,35,Nairobi,Tier_3,0,0
CUST_01717,2024-01-11 21:06:00.792158,54,Eldoret,Tier_2,1,0
CUST_01718,2024-01-12 02:21:26.177235,42,Nairobi,Tier_3,0,0
CUST_01719,2024-01-12 07:36:51.562312,65,Nakuru,Tier_2,1,0
CUST_01720,2024-01-12 12:52:16.947389,18,Nairobi,Tier_1,0,0
CUST_01721,2024-01-12 18:07:42.332466,63,Nakuru,Tier_3,0,0
CUST_01722,2024-01-12 23:23:07.717543,32,Nairobi,Tier_2,0,0
CUST_01723,2024-01-13 04:38:33.102620,26,Mombasa,Tier_3,0,0
CUST_01724,2024-01-13 09:53:58.487697,32,Nakuru,Tier_3,0,1
CUST_01725,2024-01-13 15:09:23.872774,66,Eldoret,Tier_2,0,0
CUST_01726,2024-01-13 20:24:49.257851,41,Eldoret,Tier_2,0,0
CUST_01727,2024-01-14 01:40:14.642928,21,Nakuru,Tier_2,0,0
CUST_01728,2024-01-14 06:55:40.028005,29,Nakuru,Tier_2,0,0
CUST_01729,2024-01-14 12:11:05.413082,54,Nairobi,Tier_2,0,0
CUST_01730,2024-01-14 17:26:30.798159,54,Nairobi,Tier_2,0,0
CUST_01731,2024-01-14 22:41:56.183236,60,Nairobi,Tier_3,0,0
CUST_01732,2024-01-15 03:57:21.568313,23,Nairobi,Tier_2,0,0
CUST_01733,2024-01-15 09:12:46.953390,56,Nairobi,Tier_1,0,0
CUST_01734,2024-01-15 14:28:12.338467,63,Mombasa,Tier_2,0,0
CUST_01735,2024-01-15 19:43:37.723544,41,Nairobi,Tier_3,0,0
CUST_01736,2024-01-16 00:59:03.108621,28,Kisumu,Tier_2,0,0
CUST_01737,2024-01-16 06:14:28.493698,30,Nairobi,Tier_2,0,1
CUST_01738,2024-01-16 11:29:53.878775,51,Nairobi,Tier_3,0,0
CUST_01739,2024-01-16 16:45:19.263852,42,Mombasa,Tier_2,1,0
CUST_01740,2024-01-16 22:00:44.648929,24,Nakuru,Tier_2,0,0
CUST_01741,2024-01-17 03:16:10.034006,69,Kisumu,Tier_3,0,0
CUST_01742,2024-01-17 08:31:35.419083,21,Kisumu,Tier_1,1,0
CUST_01743,2024-01-17 13:47:00.804160,25,Nairobi,Tier_3,0,0
CUST_01744,2024-01-17 19:02:26.189237,37,Mombasa,Tier_1,1,0
CUST_01745,2024-01-18 00:17:51.574314,46,Nairobi,Tier_1,0,1
CUST_01746,2024-01-18 05:33:16.959391,68,Nairobi,Tier_3,0,0
CUST_01747,2024-01-18 10:48:42.344468,62,Mombasa,Tier_2,1,0
CUST_01748,2024-01-18 16:04:07.729545,63,Nairobi,Tier_3,0,0
CUST_01749,2024-01-18 21:19:33.114622,27,Nairobi,Tier_3,0,0
CUST_01750,2024-01-19 02:34:58.499699,60,Eldoret,Tier_3,0,0
CUST_01751,2024-01-19 07:50:23.884776,51,Eldoret,Tier_3,0,0
CUST_01752,2024-01-19 13:05:49.269853,43,Nairobi,Tier_2,0,0
CUST_01753,2024-01-19 18:21:14.654930,58,Nairobi,Tier_3,0,0
CUST_01754,2024-01-19 23:36:40.040008,66,Nairobi,Tier_1,1,0
CUST_01755,2024-01-20 04:52:05.425085,20,Nairobi,Tier_2,1,0
CUST_01756,2024-01-20 10:07:30.810162,23,Eldoret,Tier_3,0,0
CUST_01757,2024-01-20 15:22:56.195239,22,Nairobi,Tier_2,1,0
CUST_01758,2024-01-20 20:38:21.580316,22,Nakuru,Tier_2,0,0
CUST_01759,2024-01-21 01:53:46.965393,64,Nairobi,Tier_2,0,0
CUST_01760,2024-01-21 07:09:12.350470,40,Eldoret,Tier_2,1,0
CUST_01761,2024-01-21 12:24:37.735547,66,Nairobi,Tier_3,1,0
CUST_01762,2024-01-21 17:40:03.120624,26,Nakuru,Tier_1,1,0
CUST_01763,2024-01-21 22:55:28.505701,52,Nairobi,Tier_2,0,1
CUST_01764,2024-01-22 04:10:53.890778,37,Kisumu,Tier_3,0,1
CUST_01765,2024-01-22 09:26:19.275855,66,Nairobi,Tier_2,1,0
CUST_01766,2024-01-22 14:41:44.660932,59,Nairobi,Tier_1,0,0
CUST_01767,2024-01-22 19:57:10.046009,52,Eldoret,Tier_2,0,0
CUST_01768,2024-01-23 01:12:35.431086,67,Eldoret,Tier_2,0,0
CUST_01769,2024-01-23 06:28:00.816163,35,Nakuru,Tier_1,1,0
CUST_01770,2024-01-23 11:43:26.201240,34,Kisumu,Tier_3,0,0
CUST_01771,2024-01-23 16:58:51.586317,41,Nakuru,Tier_2,0,0
CUST_01772,2024-01-23 22:14:16.971394,20,Nairobi,Tier_3,0,0
CUST_01773,2024-01-24 03:29:42.356471,49,Nairobi,Tier_3,0,0
CUST_01774,2024-01-24 08:45:07.741548,52,Nairobi,Tier_2,1,0
CUST_01775,2024-01-24 14:00:33.126625,55,Kisumu,Tier_1,0,0
CUST_01776,2024-01-24 19:15:58.511702,30,Nairobi,Tier_2,0,0
CUST_01777,2024-01-25 00:31:23.896779,64,Nairobi,Tier_1,0,0
CUST_01778,2024-01-25 05:46:49.281856,42,Mombasa,Tier_3,0,0
CUST_01779,2024-01-25 11:02:14.666933,26,Nakuru,Tier_1,0,0
CUST_01780,2024-01-25 16:17:40.052010,21,Nairobi,Tier_2,0,0
CUST_01781,2024-01-25 21:33:05.437087,31,Nairobi,Tier_2,0,0
CUST_01782,2024-01-26 02:48:30.822164,54,Nairobi,Tier_2,0,0
CUST_01783,2024-01-26 08:03:56.207241,51,Nairobi,Tier_2,1,0
CUST_01784,2024-01-26 13:19:21.592318,28,Nairobi,Tier_2,1,0
CUST_01785,2024-01-26 18:34:46.977395,58,Kisumu,Tier_1,0,0
CUST_01786,2024-01-26 23:50:12.362472,20,Kisumu,Tier_1,0,0
CUST_01787,2024-01-27 05:05:37.747549,45,Kisumu,Tier_2,1,0
CUST_01788,2024-01-27 10:21:03.132626,46,Nairobi,Tier_3,0,0
CUST_01789,2024-01-27 15:36:28.517703,26,Nakuru,Tier_2,0,0
CUST_01790,2024-01-27 20:51:53.902780,20,Nairobi,Tier_2,1,0
CUST_01791,2024-01-28 02:07:19.287857,42,Mombasa,Tier_2,0,0
CUST_01792,2024-01-28 07:22:44.672934,51,Nakuru,Tier_2,0,1
CUST_01793,2024-01-28 12:38:10.058011,29,Nairobi,Tier_3,0,1
CUST_01794,2024-01-28 17:53:35.443088,59,Nairobi,Tier_1,0,1
CUST_01795,2024-01-28 23:09:00.828165,26,Nakuru,Tier_2,1,0
CUST_01796,2024-01-29 04:24:26.213242,32,Nairobi,Tier_3,0,1
CUST_01797,2024-01-29 09:39:51.598319,57,Kisumu,Tier_3,0,1
CUST_01798,2024-01-29 14:55:16.983396,42,Nairobi,Tier_1,1,0
CUST_01799,2024-01-29 20:10:42.368473,22,Kisumu,Tier_2,1,0
CUST_01800,2024-01-30 01:26:07.753550,28,Nairobi,Tier_3,0,0
CUST_01801,2024-01-30 06:41:33.138627,51,Nairobi,Tier_1,0,0
CUST_01802,2024-01-30 11:56:58.523704,41,Kisumu,Tier_3,0,0
CUST_01803,2024-01-30 17:12:23.908781,32,Nairobi,Tier_3,1,0
CUST_01804,2024-01-30 22:27:49.293858,55,Nairobi,Tier_3,0,0
CUST_01805,2024-01-31 03:43:14.678935,25,Nairobi,Tier_1,0,0
CUST_01806,2024-01-31 08:58:40.064012,22,Nairobi,Tier_3,0,0
CUST_01807,2024-01-31 14:14:05.449089,65,Nairobi,Tier_2,0,0
CUST_01808,2024-01-31 19:29:30.834166,43,Nairobi,Tier_3,0,0
CUST_01809,2024-02-01 00:44:56.219243,35,Eldoret,Tier_1,0,0
CUST_01810,2024-02-01 06:00:21.604320,23,Nairobi,Tier_1,0,0
CUST_01811,2024-02-01 11:15:46.989397,54,Mombasa,Tier_2,0,1
CUST_01812,2024-02-01 16:31:12.374474,65,Nairobi,Tier_1,0,0
CUST_01813,2024-02-01 21:46:37.759551,30,Nairobi,Tier_2,0,0
CUST_01814,2024-02-02 03:02:03.144628,45,Eldoret,Tier_3,1,0
CUST_01815,2024-02-02 08:17:28.529705,22,Nairobi,Tier_2,1,0
CUST_01816,2024-02-02 13:32:53.914782,30,Eldoret,Tier_3,0,0
CUST_01817,2024-02-02 18:48:19.299859,34,Nairobi,Tier_1,0,0
CUST_01818,2024-02-03 00:03:44.684936,67,Kisumu,Tier_1,0,0
CUST_01819,2024-02-03 05:19:10.070014,57,Mombasa,Tier_1,0,0
CUST_01820,2024-02-03 10:34:35.455091,62,Nakuru,Tier_2,0,0
CUST_01821,2024-02-03 15:50:00.840168,49,Mombasa,Tier_3,0,0
CUST_01822,2024-02-03 21:05:26.225245,46,Mombasa,Tier_1,1,0
CUST_01823,2024-02-04 02:20:51.610322,68,Nairobi,Tier_2,0,0
CUST_01824,2024-02-04 07:36:16.995399,20,Nairobi,Tier_2,0,0
CUST_01825,2024-02-04 12:51:42.380476,57,Eldoret,Tier_3,0,0
CUST_01826,2024-02-04 18:07:07.765553,51,Nairobi,Tier_1,1,0
CUST_01827,2024-02-04 23:22:33.150630,57,Nairobi,Tier_2,0,0
CUST_01828,2024-02-05 04:37:58.535707,44,Nakuru,Tier_1,1,0
CUST_01829,2024-02-05 09:53:23.920784,30,Nairobi,Tier_2,0,1
CUST_01830,2024-02-05 15:08:49.305861,62,Eldoret,Tier_2,1,1
CUST_01831,2024-02-05 20:24:14.690938,50,Kisumu,Tier_3,1,0
CUST_01832,2024-02-06 01:39:40.076015,23,Mombasa,Tier_2,1,0
CUST_01833,2024-02-06 06:55:05.461092,41,Nakuru,Tier_2,0,0
CUST_01834,2024-02-06 12:10:30.846169,36,Nairobi,Tier_2,0,0
CUST_01835,2024-02-06 17:25:56.231246,33,Nairobi,Tier_1,0,1
CUST_01836,2024-02-06 22:41:21.616323,57,Mombasa,Tier_2,1,0
CUST_01837,2024-02-07 03:56:47.001400,45,Nairobi,Tier_3,0,0
CUST_01838,2024-02-07 09:12:12.386477,50,Kisumu,Tier_3,0,1
CUST_01839,2024-02-07 14:27:37.771554,65,Eldoret,Tier_3,0,0
CUST_01840,2024-02-07 19:43:03.156631,58,Mombasa,Tier_3,0,0
CUST_01841,2024-02-08 00:58:28.541708,30,Nairobi,Tier_1,0,0
CUST_01842,2024-02-08 06:13:53.926785,60,Eldoret,Tier_2,0,0
CUST_01843,2024-02-08 11:29:19.311862,62,Mombasa,Tier_1,0,1
CUST_01844,2024-02-08 16:44:44.696939,42,Mombasa,Tier_2,0,0
CUST_01845,2024-02-08 22:00:10.082016,59,Nairobi,Tier_1,1,0
CUST_01846,2024-02-09 03:15:35.467093,53,Eldoret,Tier_2,1,0
CUST_01847,2024-02-09 08:31:00.852170,44,Mombasa,Tier_2,1,0
CUST_01848,2024-02-09 13:46:26.237247,55,Nakuru,Tier_3,0,0
CUST_01849,2024-02-09 19:01:51.622324,24,Nakuru,Tier_3,1,0
CUST_01850,2024-02-10 00:17:17.007401,22,Nairobi,Tier_3,0,0
CUST_01851,2024-02-10 05:32:42.392478,60,Mombasa,Tier_1,0,0
CUST_01852,2024-02-10 10:48:07.777555,62,Nakuru,Tier_1,0,0
CUST_01853,2024-02-10 16:03:33.162632,68,Nairobi,Tier_2,0,0
CUST_01854,2024-02-10 21:18:58.547709,48,Nakuru,Tier_2,0,1
CUST_01855,2024-02-11 02:34:23.932786,40,Eldoret,Tier_2,1,0
CUST_01856,2024-02-11 07:49:49.317863,59,Kisumu,Tier_2,0,0
CUST_01857,2024-02-11 13:05:14.702940,27,Kisumu,Tier_2,0,0
CUST_01858,2024-02-11 18:20:40.088017,49,Nakuru,Tier_2,0,0
CUST_01859,2024-02-11 23:36:05.473094,60,Nakuru,Tier_2,0,0
CUST_01860,2024-02-12 04:51:30.858171,47,Nairobi,Tier_2,0,0
CUST_01861,2024-02-12 10:06:56.243248,56,Nairobi,Tier_2,0,0
CUST_01862,2024-02-12 15:22:21.628325,48,Mombasa,Tier_2,1,0
CUST_01863,2024-02-12 20:37:47.013402,35,Kisumu,Tier_2,0,0
CUST_01864,2024-02-13 01:53:12.398479,53,Mombasa,Tier_1,0,0
CUST_01865,2024-02-13 07:08:37.783556,19,Kisumu,Tier_2,1,0
CUST_01866,2024-02-13 12:24:03.168633,31,Nairobi,Tier_3,1,0
CUST_01867,2024-02-13 17:39:28.553710,30,Kisumu,Tier_3,1,1
CUST_01868,2024-02-13 22:54:53.938787,46,Nairobi,Tier_2,0,0
CUST_01869,2024-02-14 04:10:19.323864,29,Kisumu,Tier_2,0,0
CUST_01870,2024-02-14 09:25:44.708941,56,Mombasa,Tier_2,0,0
CUST_01871,2024-02-14 14:41:10.094018,19,Nairobi,Tier_2,1,0
CUST_01872,2024-02-14 19:56:35.479095,49,Nairobi,Tier_2,1,0
CUST_01873,2024-02-15 01:12:00.864172,30,Kisumu,Tier_2,0,0
CUST_01874,2024-02-15 06:27:26.249249,63,Mombasa,Tier_2,0,0
CUST_01875,2024-02-15 11:42:51.634326,44,Nairobi,Tier_2,1,0
CUST_01876,2024-02-15 16:58:17.019403,66,Eldoret,Tier_3,0,0
CUST_01877,2024-02-15 22:13:42.404480,58,Kisumu,Tier_1,0,0
CUST_01878,2024-02-16 03:29:07.789557,34,Eldoret,Tier_3,0,0
CUST_01879,2024-02-16 08:44:33.174634,57,Mombasa,Tier_1,0,0
CUST_01880,2024-02-16 13:59:58.559711,48,Mombasa,Tier_1,1,0
CUST_01881,2024-02-16 19:15:23.944788,51,Nakuru,Tier_3,0,1
CUST_01882,2024-02-17 00:30:49.329865,41,Mombasa,Tier_3,0,0
CUST_01883,2024-02-17 05:46:14.714942,62,Kisumu,Tier_1,0,0
CUST_01884,2024-02-17 11:01:40.100020,52,Nairobi,Tier_2,0,0
CUST_01885,2024-02-17 16:17:05.485097,65,Mombasa,Tier_1,0,0
CUST_01886,2024-02-17 21:32:30.870174,23,Nairobi,Tier_2,0,0
CUST_01887,2024-02-18 02:47:56.255251,36,Nairobi,Tier_3,0,0
CUST_01888,2024-02-18 08:03:21.640328,47,Nairobi,Tier_3,0,0
CUST_01889,2024-02-18 13:18:47.025405,24,Nairobi,Tier_2,1,0
CUST_01890,2024-02-18 18:34:12.410482,27,Eldoret,Tier_2,0,0
CUST_01891,2024-02-18 23:49:37.795559,58,Nairobi,Tier_2,0,0
CUST_01892,2024-02-19 05:05:03.180636,49,Kisumu,Tier_2,1,0
CUST_01893,2024-02-19 10:20:28.565713,51,Nakuru,Tier_3,0,0
CUST_01894,2024-02-19 15:35:53.950790,45,Mombasa,Tier_3,1,0
CUST_01895,2024-02-19 20:51:19.335867,32,Nairobi,Tier_2,0,0
CUST_01896,2024-02-20 02:06:44.720944,47,Kisumu,Tier_2,1,0
CUST_01897,2024-02-20 07:22:10.106021,54,Kisumu,Tier_2,1,0
CUST_01898,2024-02-20 12:37:35.491098,46,Kisumu,Tier_1,0,0
CUST_01899,2024-02-20 17:53:00.876175,39,Nakuru,Tier_3,1,0
CUST_01900,2024-02-20 23:08:26.261252,21,Eldoret,Tier_2,1,0
CUST_01901,2024-02-21 04:23:51.646329,37,Mombasa,Tier_2,0,1
CUST_01902,2024-02-21 09:39:17.031406,49,Nairobi,Tier_2,0,0
CUST_01903,2024-02-21 14:54:42.416483,53,Kisumu,Tier_3,0,1
CUST_01904,2024-02-21 20:10:07.801560,67,Nairobi,Tier_1,1,0
CUST_01905,2024-02-22 01:25:33.186637,21,Nakuru,Tier_3,0,0
CUST_01906,2024-02-22 06:40:58.571714,44,Nairobi,Tier_3,0,0
CUST_01907,2024-02-22 11:56:23.956791,34,Nairobi,Tier_3,0,1
CUST_01908,2024-02-22 17:11:49.341868,29,Nakuru,Tier_2,0,0
CUST_01909,2024-02-22 22:27:14.726945,39,Mombasa,Tier_2,0,0
CUST_01910,2024-02-23 03:42:40.112022,34,Nairobi,Tier_2,0,0
CUST_01911,2024-02-23 08:58:05.497099,27,Mombasa,Tier_2,1,0
CUST_01912,2024-02-23 14:13:30.882176,18,Nakuru,Tier_1,0,0
CUST_01913,2024-02-23 19:28:56.267253,39,Nairobi,Tier_2,0,0
CUST_01914,2024-02-24 00:44:21.652330,43,Nakuru,Tier_2,0,0
CUST_01915,2024-02-24 05:59:47.037407,35,Nairobi,Tier_3,0,0
CUST_01916,2024-02-24 11:15:12.422484,67,Nakuru,Tier_1,0,0
CUST_01917,2024-02-24 16:30:37.807561,31,Nakuru,Tier_2,0,0
CUST_01918,2024-02-24 21:46:03.192638,64,Nairobi,Tier_3,0,0
CUST_01919,2024-02-25 03:01:28.577715,46,Mombasa,Tier_3,0,0
CUST_01920,2024-02-25 08:16:53.962792,29,Nairobi,Tier_3,0,0
CUST_01921,2024-02-25 13:32:19.347869,53,Kisumu,Tier_3,0,0
CUST_01922,2024-02-25 18:47:44.732946,52,Mombasa,Tier_3,1,0
CUST_01923,2024-02-26 00:03:10.118023,69,Kisumu,Tier_2,0,0
CUST_01924,2024-02-26 05:18:35.503100,29,Nairobi,Tier_2,1,0
CUST_01925,2024-02-26 10:34:00.888177,24,Nairobi,Tier_1,1,0
CUST_01926,2024-02-26 15:49:26.273254,46,Nairobi,Tier_1,0,0
CUST_01927,2024-02-26 21:04:51.658331,28,Nairobi,Tier_2,1,0
CUST_01928,2024-02-27 02:20:17.043408,50,Mombasa,Tier_1,0,0
CUST_01929,2024-02-27 07:35:42.428485,23,Nakuru,Tier_2,0,0
CUST_01930,2024-02-27 12:51:07.813562,64,Kisumu,Tier_1,0,0
CUST_01931,2024-02-27 18:06:33.198639,32,Mombasa,Tier_1,1,0
CUST_01932,2024-02-27 23:21:58.583716,49,Eldoret,Tier_3,0,0
CUST_01933,2024-02-28 04:37:23.968793,68,Kisumu,Tier_1,1,0
CUST_01934,2024-02-28 09:52:49.353870,28,Eldoret,Tier_3,0,0
CUST_01935,2024-02-28 15:08:14.738947,40,Mombasa,Tier_1,1,0
CUST_01936,2024-02-28 20:23:40.124024,43,Nairobi,Tier_3,0,0
CUST_01937,2024-02-29 01:39:05.509101,51,Nairobi,Tier_3,0,1
CUST_01938,2024-02-29 06:54:30.894178,63,Kisumu,Tier_2,0,0
CUST_01939,2024-02-29 12:09:56.279255,51,Nairobi,Tier_2,0,1
CUST_01940,2024-02-29 17:25:21.664332,46,Nairobi,Tier_1,0,0
CUST_01941,2024-02-29 22:40:47.049409,21,Mombasa,Tier_3,1,0
CUST_01942,2024-03-01 03:56:12.434486,34,Mombasa,Tier_3,0,1
CUST_01943,2024-03-01 09:11:37.819563,52,Kisumu,Tier_3,1,0
CUST_01944,2024-03-01 14:27:03.204640,30,Nairobi,Tier_2,0,0
CUST_01945,2024-03-01 19:42:28.589717,58,Nairobi,Tier_2,1,0
CUST_01946,2024-03-02 00:57:53.974794,56,Kisumu,Tier_3,0,0
CUST_01947,2024-03-02 06:13:19.359871,32,Eldoret,Tier_2,0,0
CUST_01948,2024-03-02 11:28:44.744948,46,Kisumu,Tier_2,1,0
CUST_01949,2024-03-02 16:44:10.130026,46,Eldoret,Tier_1,0,0
CUST_01950,2024-03-02 21:59:35.515103,28,Nakuru,Tier_3,0,0
CUST_01951,2024-03-03 03:15:00.900180,69,Mombasa,Tier_1,0,0
CUST_01952,2024-03-03 08:30:26.285257,49,Nairobi,Tier_2,0,0
CUST_01953,2024-03-03 13:45:51.670334,19,Kisumu,Tier_2,0,0
CUST_01954,2024-03-03 19:01:17.055411,64,Kisumu,Tier_3,1,0
CUST_01955,2024-03-04 00:16:42.440488,31,Kisumu,Tier_2,0,0
CUST_01956,2024-03-04 05:32:07.825565,37,Mombasa,Tier_2,0,0
CUST_01957,2024-03-04 10:47:33.210642,39,Mombasa,Tier_1,0,0
CUST_01958,2024-03-04 16:02:58.595719,28,Nairobi,Tier_3,0,0
CUST_01959,2024-03-04 21:18:23.980796,44,Mombasa,Tier_3,0,0
CUST_01960,2024-03-05 02:33:49.365873,20,Nairobi,Tier_3,1,0
CUST_01961,2024-03-05 07:49:14.750950,34,Nakuru,Tier_2,1,0
CUST_01962,2024-03-05 13:04:40.136027,61,Nairobi,Tier_3,0,0
CUST_01963,2024-03-05 18:20:05.521104,45,Nairobi,Tier_2,1,0
CUST_01964,2024-03-05 23:35:30.906181,46,Mombasa,Tier_2,0,0
CUST_01965,2024-03-06 04:50:56.291258,38,Kisumu,Tier_2,1,0
CUST_01966,2024-03-06 10:06:21.676335,64,Mombasa,Tier_2,0,0
CUST_01967,2024-03-06 15:21:47.061412,33,Nairobi,Tier_3,0,0
CUST_01968,2024-03-06 20:37:12.446489,54,Mombasa,Tier_2,0,0
CUST_01969,2024-03-07 01:52:37.831566,37,Nairobi,Tier_2,0,0
CUST_01970,2024-03-07 07:08:03.216643,23,Eldoret,Tier_2,0,0
CUST_01971,2024-03-07 12:23:28.601720,36,Eldoret,Tier_1,0,1
CUST_01972,2024-03-07 17:38:53.986797,22,Mombasa,Tier_2,0,0
CUST_01973,2024-03-07 22:54:19.371874,20,Nairobi,Tier_2,0,0
CUST_01974,2024-03-08 04:09:44.756951,18,Kisumu,Tier_1,0,0
CUST_01975,2024-03-08 09:25:10.142028,55,Nairobi,Tier_2,0,0
CUST_01976,2024-03-08 14:40:35.527105,32,Mombasa,Tier_2,0,0
CUST_01977,2024-03-08 19:56:00.912182,51,Nairobi,Tier_3,0,0
CUST_01978,2024-03-09 01:11:26.297259,52,Eldoret,Tier_2,0,0
CUST_01979,2024-03-09 06:26:51.682336,66,Nairobi,Tier_3,1,0
CUST_01980,2024-03-09 11:42:17.067413,42,Mombasa,Tier_3,1,0
CUST_01981,2024-03-09 16:57:42.452490,41,Kisumu,Tier_3,0,1
CUST_01982,2024-03-09 22:13:07.837567,29,Mombasa,Tier_2,0,0
CUST_01983,2024-03-10 03:28:33.222644,35,Nairobi,Tier_2,0,0
CUST_01984,2024-03-10 08:43:58.607721,32,Eldoret,Tier_3,1,0
CUST_01985,2024-03-10 13:59:23.992798,61,Mombasa,Tier_2,0,0
CUST_01986,2024-03-10 19:14:49.377875,33,Kisumu,Tier_2,0,0
CUST_01987,2024-03-11 00:30:14.762952,44,Nairobi,Tier_2,0,0
CUST_01988,2024-03-11 05:45:40.148029,25,Mombasa,Tier_1,0,0
CUST_01989,2024-03-11 11:01:05.533106,63,Mombasa,Tier_3,0,0
CUST_01990,2024-03-11 16:16:30.918183,42,Nairobi,Tier_2,0,0
CUST_01991,2024-03-11 21:31:56.303260,34,Nairobi,Tier_2,0,0
CUST_01992,2024-03-12 02:47:21.688337,46,Nakuru,Tier_2,0,0
CUST_01993,2024-03-12 08:02:47.073414,25,Nairobi,Tier_2,0,0
CUST_01994,2024-03-12 13:18:12.458491,32,Nairobi,Tier_1,0,0
CUST_01995,2024-03-12 18:33:37.843568,44,Mombasa,Tier_2,0,0
CUST_01996,2024-03-12 23:49:03.228645,63,Nakuru,Tier_3,1,0
CUST_01997,2024-03-13 05:04:28.613722,67,Nairobi,Tier_2,0,0
CUST_01998,2024-03-13 10:19:53.998799,69,Mombasa,Tier_3,0,0
CUST_01999,2024-03-13 15:35:19.383876,24,Nairobi,Tier_2,0,0
CUST_02000,2024-03-13 20:50:44.768953,20,Nairobi,Tier_2,0,0
CUST_02001,2024-03-14 02:06:10.154030,46,Nairobi,Tier_1,0,0
CUST_02002,2024-03-14 07:21:35.539107,61,Nakuru,Tier_2,0,1
CUST_02003,2024-03-14 12:37:00.924184,41,Nairobi,Tier_3,0,1
CUST_02004,2024-03-14 17:52:26.309261,20,Nairobi,Tier_3,0,0
CUST_02005,2024-03-14 23:07:51.694338,37,Mombasa,Tier_2,0,0
CUST_02006,2024-03-15 04:23:17.079415,63,Nakuru,Tier_2,0,0
CUST_02007,2024-03-15 09:38:42.464492,32,Nairobi,Tier_3,0,0
CUST_02008,2024-03-15 14:54:07.849569,42,Mombasa,Tier_2,0,0
CUST_02009,2024-03-15 20:09:33.234646,47,Nairobi,Tier_1,0,0
CUST_02010,2024-03-16 01:24:58.619723,31,Mombasa,Tier_3,0,0
CUST_02011,2024-03-16 06:40:24.004800,24,Mombasa,Tier_2,0,0
CUST_02012,2024-03-16 11:55:49.389877,34,Mombasa,Tier_3,0,0
CUST_02013,2024-03-16 17:11:14.774954,61,Nairobi,Tier_2,0,0
CUST_02014,2024-03-16 22:26:40.160032,37,Nairobi,Tier_3,1,0
CUST_02015,2024-03-17 03:42:05.545109,53,Nairobi,Tier_2,1,0
CUST_02016,2024-03-17 08:57:30.930186,26,Nairobi,Tier_2,0,0
CUST_02017,2024-03-17 14:12:56.315263,55,Nairobi,Tier_2,0,0
CUST_02018,2024-03-17 19:28:21.700340,65,Nakuru,Tier_2,0,0
CUST_02019,2024-03-18 00:43:47.085417,39,Eldoret,Tier_1,0,0
CUST_02020,2024-03-18 05:59:12.470494,19,Eldoret,Tier_2,1,0
CUST_02021,2024-03-18 11:14:37.855571,41,Nakuru,Tier_1,1,0
CUST_02022,2024-03-18 16:30:03.240648,25,Kisumu,Tier_3,1,0
CUST_02023,2024-03-18 21:45:28.625725,28,Kisumu,Tier_2,0,0
CUST_02024,2024-03-19 03:00:54.010802,30,Nairobi,Tier_1,0,0
CUST_02025,2024-03-19 08:16:19.395879,34,Kisumu,Tier_1,1,0
CUST_02026,2024-03-19 13:31:44.780956,25,Mombasa,Tier_1,0,0
CUST_02027,2024-03-19 18:47:10.166033,38,Mombasa,Tier_2,1,0
CUST_02028,2024-03-20 00:02:35.551110,35,Nakuru,Tier_1,0,0
CUST_02029,2024-03-20 05:18:00.936187,47,Nairobi,Tier_3,0,0
CUST_02030,2024-03-20 10:33:26.321264,35,Nairobi,Tier_1,0,0
CUST_02031,2024-03-20 15:48:51.706341,63,Eldoret,Tier_2,0,0
CUST_02032,2024-03-20 21:04:17.091418,64,Nairobi,Tier_3,0,0
CUST_02033,2024-03-21 02:19:42.476495,48,Mombasa,Tier_3,0,0
CUST_02034,2024-03-21 07:35:07.861572,55,Eldoret,Tier_1,0,0
CUST_02035,2024-03-21 12:50:33.246649,49,Kisumu,Tier_3,0,0
CUST_02036,2024-03-21 18:05:58.631726,28,Mombasa,Tier_2,0,0
CUST_02037,2024-03-21 23:21:24.016803,62,Nairobi,Tier_3,0,0
CUST_02038,2024-03-22 04:36:49.401880,42,Nairobi,Tier_2,1,0
CUST_02039,2024-03-22 09:52:14.786957,50,Nakuru,Tier_2,0,0
CUST_02040,2024-03-22 15:07:40.172034,55,Mombasa,Tier_3,0,0
CUST_02041,2024-03-22 20:23:05.557111,58,Mombasa,Tier_2,1,0
CUST_02042,2024-03-23 01:38:30.942188,25,Nairobi,Tier_2,1,0
CUST_02043,2024-03-23 06:53:56.327265,28,Nairobi,Tier_2,0,0
CUST_02044,2024-03-23 12:09:21.712342,39,Eldoret,Tier_1,1,0
CUST_02045,2024-03-23 17:24:47.097419,68,Nairobi,Tier_1,0,0
CUST_02046,2024-03-23 22:40:12.482496,41,Kisumu,Tier_1,0,0
CUST_02047,2024-03-24 03:55:37.867573,58,Nairobi,Tier_2,0,0
CUST_02048,2024-03-24 09:11:03.252650,34,Kisumu,Tier_2,0,0
CUST_02049,2024-03-24 14:26:28.637727,29,Eldoret,Tier_2,1,1
CUST_02050,2024-03-24 19:41:54.022804,63,Mombasa,Tier_1,1,1
CUST_02051,2024-03-25 00:57:19.407881,49,Nairobi,Tier_2,1,0
CUST_02052,2024-03-25 06:12:44.792958,32,Mombasa,Tier_3,1,0
CUST_02053,2024-03-25 11:28:10.178035,33,Nakuru,Tier_2,0,0
CUST_02054,2024-03-25 16:43:35.563112,39,Mombasa,Tier_2,0,0
CUST_02055,2024-03-25 21:59:00.948189,45,Nakuru,Tier_3,1,0
CUST_02056,2024-03-26 03:14:26.333266,37,Kisumu,Tier_3,1,0
CUST_02057,2024-03-26 08:29:51.718343,50,Nakuru,Tier_2,1,0
CUST_02058,2024-03-26 13:45:17.103420,27,Kisumu,Tier_3,1,0
CUST_02059,2024-03-26 19:00:42.488497,57,Nairobi,Tier_2,0,0
CUST_02060,2024-03-27 00:16:07.873574,49,Nairobi,Tier_3,1,0
CUST_02061,2024-03-27 05:31:33.258651,67,Nairobi,Tier_2,1,0
CUST_02062,2024-03-27 10:46:58.643728,50,Eldoret,Tier_2,1,0
CUST_02063,2024-03-27 16:02:24.028805,19,Nakuru,Tier_1,0,0
CUST_02064,2024-03-27 21:17:49.413882,50,Kisumu,Tier_3,0,1
CUST_02065,2024-03-28 02:33:14.798959,50,Nairobi,Tier_2,0,0
CUST_02066,2024-03-28 07:48:40.184036,58,Nairobi,Tier_2,0,0
CUST_02067,2024-03-28 13:04:05.569113,30,Nakuru,Tier_2,0,0
CUST_02068,2024-03-28 18:19:30.954190,47,Mombasa,Tier_3,0,0
CUST_02069,2024-03-28 23:34:56.339267,50,Nairobi,Tier_3,0,0
CUST_02070,2024-03-29 04:50:21.724344,30,Kisumu,Tier_2,0,0
CUST_02071,2024-03-29 10:05:47.109421,69,Nairobi,Tier_2,0,0
CUST_02072,2024-03-29 15:21:12.494498,43,Nairobi,Tier_2,0,0
CUST_02073,2024-03-29 20:36:37.879575,39,Mombasa,Tier_2,0,0
CUST_02074,2024-03-30 01:52:03.264652,56,Nairobi,Tier_3,0,0
CUST_02075,2024-03-30 07:07:28.649729,19,Eldoret,Tier_1,0,0
CUST_02076,2024-03-30 12:22:54.034806,55,Nairobi,Tier_2,0,0
CUST_02077,2024-03-30 17:38:19.419883,56,Nairobi,Tier_2,0,1
CUST_02078,2024-03-30 22:53:44.804960,43,Nairobi,Tier_2,0,0
CUST_02079,2024-03-31 04:09:10.190038,63,Nakuru,Tier_2,1,0
CUST_02080,2024-03-31 09:24:35.575115,67,Mombasa,Tier_2,0,0
CUST_02081,2024-03-31 14:40:00.960192,32,Mombasa,Tier_1,0,0
CUST_02082,2024-03-31 19:55:26.345269,51,Nairobi,Tier_2,1,0
CUST_02083,2024-04-01 01:10:51.730346,59,Nairobi,Tier_2,0,0
CUST_02084,2024-04-01 06:26:17.115423,61,Mombasa,Tier_1,1,0
CUST_02085,2024-04-01 11:41:42.500500,66,Nakuru,Tier_1,1,0
CUST_02086,2024-04-01 16:57:07.885577,57,Nakuru,Tier_3,0,0
CUST_02087,2024-04-01 22:12:33.270654,28,Nairobi,Tier_2,0,0
CUST_02088,2024-04-02 03:27:58.655731,20,Mombasa,Tier_2,0,0
CUST_02089,2024-04-02 08:43:24.040808,23,Eldoret,Tier_3,0,0
CUST_02090,2024-04-02 13:58:49.425885,26,Nairobi,Tier_2,0,0
CUST_02091,2024-04-02 19:14:14.810962,23,Nakuru,Tier_2,0,0
CUST_02092,2024-04-03 00:29:40.196039,26,Nairobi,Tier_2,1,0
CUST_02093,2024-04-03 05:45:05.581116,56,Eldoret,Tier_2,0,0
CUST_02094,2024-04-03 11:00:30.966193,48,Nakuru,Tier_2,0,0
CUST_02095,2024-04-03 16:15:56.351270,49,Eldoret,Tier_2,0,0
CUST_02096,2024-04-03 21:31:21.736347,58,Kisumu,Tier_3,0,0
CUST_02097,2024-04-04 02:46:47.121424,67,Nairobi,Tier_3,0,0
CUST_02098,2024-04-04 08:02:12.506501,29,Eldoret,Tier_1,0,0
CUST_02099,2024-04-04 13:17:37.891578,25,Nairobi,Tier_1,0,1
CUST_02100,2024-04-04 18:33:03.276655,25,Nairobi,Tier_2,1,0
CUST_02101,2024-04-04 23:48:28.661732,67,Kisumu,Tier_2,0,0
CUST_02102,2024-04-05 05:03:54.046809,45,Nakuru,Tier_1,0,1
CUST_02103,2024-04-05 10:19:19.431886,37,Eldoret,Tier_3,0,1
CUST_02104,2024-04-05 15:34:44.816963,64,Nairobi,Tier_2,0,1
CUST_02105,2024-04-05 20:50:10.202040,24,Nakuru,Tier_3,0,0
CUST_02106,2024-04-06 02:05:35.587117,28,Kisumu,Tier_3,1,0
CUST_02107,2024-04-06 07:21:00.972194,37,Nairobi,Tier_3,1,0
CUST_02108,2024-04-06 12:36:26.357271,33,Nairobi,Tier_2,0,0
CUST_02109,2024-04-06 17:51:51.742348,21,Nairobi,Tier_2,0,1
CUST_02110,2024-04-06 23:07:17.127425,23,Nairobi,Tier_2,0,0
CUST_02111,2024-04-07 04:22:42.512502,39,Eldoret,Tier_1,0,1
CUST_02112,2024-04-07 09:38:07.897579,43,Kisumu,Tier_2,0,0
CUST_02113,2024-04-07 14:53:33.282656,20,Kisumu,Tier_2,0,0
CUST_02114,2024-04-07 20:08:58.667733,58,Eldoret,Tier_1,0,0
CUST_02115,2024-04-08 01:24:24.052810,59,Nairobi,Tier_2,0,1
CUST_02116,2024-04-08 06:39:49.437887,31,Nakuru,Tier_3,1,0
CUST_02117,2024-04-08 11:55:14.822964,28,Mombasa,Tier_1,1,0
CUST_02118,2024-04-08 17:10:40.208041,35,Nakuru,Tier_1,0,0
CUST_02119,2024-04-08 22:26:05.593118,29,Nairobi,Tier_2,0,0
CUST_02120,2024-04-09 03:41:30.978195,40,Eldoret,Tier_3,1,0
CUST_02121,2024-04-09 08:56:56.363272,29,Nairobi,Tier_2,0,0
CUST_02122,2024-04-09 14:12:21.748349,30,Nairobi,Tier_1,1,0
CUST_02123,2024-04-09 19:27:47.133426,42,Nakuru,Tier_2,0,0
CUST_02124,2024-04-10 00:43:12.518503,62,Nairobi,Tier_3,0,0
CUST_02125,2024-04-10 05:58:37.903580,68,Kisumu,Tier_3,0,0
CUST_02126,2024-04-10 11:14:03.288657,36,Mombasa,Tier_2,1,0
CUST_02127,2024-04-10 16:29:28.673734,63,Kisumu,Tier_2,0,0
CUST_02128,2024-04-10 21:44:54.058811,53,Nairobi,Tier_2,0,0
CUST_02129,2024-04-11 03:00:19.443888,62,Nairobi,Tier_1,0,0
CUST_02130,2024-04-11 08:15:44.828965,25,Nairobi,Tier_2,1,0
CUST_02131,2024-04-11 13:31:10.214042,46,Mombasa,Tier_3,1,0
CUST_02132,2024-04-11 18:46:35.599119,49,Nairobi,Tier_3,1,0
CUST_02133,2024-04-12 00:02:00.984196,68,Nairobi,Tier_2,1,1
CUST_02134,2024-04-12 05:17:26.369273,61,Nairobi,Tier_1,0,0
CUST_02135,2024-04-12 10:32:51.754350,35,Nairobi,Tier_2,0,0
CUST_02136,2024-04-12 15:48:17.139427,23,Mombasa,Tier_3,0,1
CUST_02137,2024-04-12 21:03:42.524504,35,Nakuru,Tier_3,0,0
CUST_02138,2024-04-13 02:19:07.909581,36,Nairobi,Tier_1,1,0
CUST_02139,2024-04-13 07:34:33.294658,39,Mombasa,Tier_2,1,0
CUST_02140,2024-04-13 12:49:58.679735,54,Kisumu,Tier_2,0,0
CUST_02141,2024-04-13 18:05:24.064812,49,Mombasa,Tier_2,0,0
CUST_02142,2024-04-13 23:20:49.449889,58,Kisumu,Tier_3,1,0
CUST_02143,2024-04-14 04:36:14.834966,20,Mombasa,Tier_2,0,0
CUST_02144,2024-04-14 09:51:40.220044,45,Mombasa,Tier_3,0,0
CUST_02145,2024-04-14 15:07:05.605121,27,Nairobi,Tier_2,0,1
CUST_02146,2024-04-14 20:22:30.990198,68,Kisumu,Tier_3,0,0
CUST_02147,2024-04-15 01:37:56.375275,52,Kisumu,Tier_2,0,0
CUST_02148,2024-04-15 06:53:21.760352,46,Nairobi,Tier_3,0,0
CUST_02149,2024-04-15 12:08:47.145429,32,Nairobi,Tier_2,0,1
CUST_02150,2024-04-15 17:24:12.530506,50,Eldoret,Tier_2,1,0
CUST_02151,2024-04-15 22:39:37.915583,24,Mombasa,Tier_2,0,0
CUST_02152,2024-04-16 03:55:03.300660,29,Mombasa,Tier_2,0,0
CUST_02153,2024-04-16 09:10:28.685737,66,Eldoret,Tier_2,1,1
CUST_02154,2024-04-16 14:25:54.070814,47,Kisumu,Tier_2,0,0
CUST_02155,2024-04-16 19:41:19.455891,38,Mombasa,Tier_3,0,0
CUST_02156,2024-04-17 00:56:44.840968,48,Nakuru,Tier_1,1,0
CUST_02157,2024-04-17 06:12:10.226045,41,Nakuru,Tier_3,0,0
CUST_02158,2024-04-17 11:27:35.611122,37,Mombasa,Tier_3,1,0
CUST_02159,2024-04-17 16:43:00.996199,54,Mombasa,Tier_1,0,0
CUST_02160,2024-04-17 21:58:26.381276,21,Nairobi,Tier_2,0,0
CUST_02161,2024-04-18 03:13:51.766353,45,Eldoret,Tier_2,0,0
CUST_02162,2024-04-18 08:29:17.151430,61,Kisumu,Tier_1,0,0
CUST_02163,2024-04-18 13:44:42.536507,37,Nairobi,Tier_2,1,0
CUST_02164,2024-04-18 19:00:07.921584,41,Nakuru,Tier_3,0,0
CUST_02165,2024-04-19 00:15:33.306661,67,Mombasa,Tier_1,1,0
CUST_02166,2024-04-19 05:30:58.691738,66,Nairobi,Tier_2,1,0
CUST_02167,2024-04-19 10:46:24.076815,68,Mombasa,Tier_2,0,0
CUST_02168,2024-04-19 16:01:49.461892,49,Mombasa,Tier_3,1,0
CUST_02169,2024-04-19 21:17:14.846969,58,Nakuru,Tier_1,0,0
CUST_02170,2024-04-20 02:32:40.232046,53,Nairobi,Tier_2,0,0
CUST_02171,2024-04-20 07:48:05.617123,51,Nakuru,Tier_2,1,0
CUST_02172,2024-04-20 13:03:31.002200,53,Mombasa,Tier_2,0,0
CUST_02173,2024-04-20 18:18:56.387277,19,Nairobi,Tier_3,0,0
CUST_02174,2024-04-20 23:34:21.772354,32,Eldoret,Tier_3,0,0
CUST_02175,2024-04-21 04:49:47.157431,51,Mombasa,Tier_1,0,0
CUST_02176,2024-04-21 10:05:12.542508,53,Nairobi,Tier_2,0,0
CUST_02177,2024-04-21 15:20:37.927585,23,Mombasa,Tier_2,0,0
CUST_02178,2024-04-21 20:36:03.312662,56,Nakuru,Tier_2,0,0
CUST_02179,2024-04-22 01:51:28.697739,59,Nairobi,Tier_2,0,0
CUST_02180,2024-04-22 07:06:54.082816,68,Nairobi,Tier_2,0,0
CUST_02181,2024-04-22 12:22:19.467893,68,Nairobi,Tier_2,0,0
CUST_02182,2024-04-22 17:37:44.852970,29,Nairobi,Tier_3,0,0
CUST_02183,2024-04-22 22:53:10.238047,20,Nakuru,Tier_1,1,0
CUST_02184,2024-04-23 04:08:35.623124,62,Mombasa,Tier_3,0,0
CUST_02185,2024-04-23 09:24:01.008201,35,Nairobi,Tier_2,0,0
CUST_02186,2024-04-23 14:39:26.393278,57,Nairobi,Tier_2,0,0
CUST_02187,2024-04-23 19:54:51.778355,38,Nairobi,Tier_3,0,0
CUST_02188,2024-04-24 01:10:17.163432,32,Eldoret,Tier_2,0,0
CUST_02189,2024-04-24 06:25:42.548509,50,Nairobi,Tier_2,1,1
CUST_02190,2024-04-24 11:41:07.933586,52,Eldoret,Tier_2,1,0
CUST_02191,2024-04-24 16:56:33.318663,43,Mombasa,Tier_2,1,0
CUST_02192,2024-04-24 22:11:58.703740,25,Nairobi,Tier_3,1,1
CUST_02193,2024-04-25 03:27:24.088817,53,Nakuru,Tier_3,0,0
CUST_02194,2024-04-25 08:42:49.473894,65,Mombasa,Tier_1,0,0
CUST_02195,2024-04-25 13:58:14.858971,47,Kisumu,Tier_1,1,0
CUST_02196,2024-04-25 19:13:40.244048,40,Eldoret,Tier_2,0,0
CUST_02197,2024-04-26 00:29:05.629125,59,Nairobi,Tier_1,1,0
CUST_02198,2024-04-26 05:44:31.014202,61,Nairobi,Tier_2,1,0
CUST_02199,2024-04-26 10:59:56.399279,31,Kisumu,Tier_1,1,0
CUST_02200,2024-04-26 16:15:21.784356,31,Nairobi,Tier_2,0,0
CUST_02201,2024-04-26 21:30:47.169433,19,Nairobi,Tier_1,1,0
CUST_02202,2024-04-27 02:46:12.554510,54,Nairobi,Tier_2,0,0
CUST_02203,2024-04-27 08:01:37.939587,22,Nairobi,Tier_2,0,0
CUST_02204,2024-04-27 13:17:03.324664,55,Nakuru,Tier_2,0,0
CUST_02205,2024-04-27 18:32:28.709741,62,Nairobi,Tier_3,1,0
CUST_02206,2024-04-27 23:47:54.094818,58,Mombasa,Tier_3,1,0
CUST_02207,2024-04-28 05:03:19.479895,64,Kisumu,Tier_2,0,0
CUST_02208,2024-04-28 10:18:44.864972,31,Mombasa,Tier_1,0,0
CUST_02209,2024-04-28 15:34:10.250050,56,Nairobi,Tier_3,0,1
CUST_02210,2024-04-28 20:49:35.635127,42,Nakuru,Tier_3,1,0
CUST_02211,2024-04-29 02:05:01.020204,37,Nairobi,Tier_3,0,1
CUST_02212,2024-04-29 07:20:26.405281,19,Nakuru,Tier_1,0,0
CUST_02213,2024-04-29 12:35:51.790358,56,Nakuru,Tier_3,0,0
CUST_02214,2024-04-29 17:51:17.175435,23,Mombasa,Tier_2,0,0
CUST_02215,2024-04-29 23:06:42.560512,34,Mombasa,Tier_3,0,0
CUST_02216,2024-04-30 04:22:07.945589,42,Mombasa,Tier_3,0,0
CUST_02217,2024-04-30 09:37:33.330666,45,Nairobi,Tier_2,1,0
CUST_02218,2024-04-30 14:52:58.715743,19,Nakuru,Tier_3,1,0
CUST_02219,2024-04-30 20:08:24.100820,52,Nakuru,Tier_2,0,0
CUST_02220,2024-05-01 01:23:49.485897,54,Nairobi,Tier_3,1,0
CUST_02221,2024-05-01 06:39:14.870974,22,Kisumu,Tier_2,0,0
CUST_02222,2024-05-01 11:54:40.256051,18,Eldoret,Tier_3,0,0
CUST_02223,2024-05-01 17:10:05.641128,57,Eldoret,Tier_1,0,0
CUST_02224,2024-05-01 22:25:31.026205,29,Mombasa,Tier_3,0,0
CUST_02225,2024-05-02 03:40:56.411282,53,Mombasa,Tier_2,1,0
CUST_02226,2024-05-02 08:56:21.796359,62,Nairobi,Tier_2,0,0
CUST_02227,2024-05-02 14:11:47.181436,40,Eldoret,Tier_2,0,0
CUST_02228,2024-05-02 19:27:12.566513,64,Nairobi,Tier_3,1,0
CUST_02229,2024-05-03 00:42:37.951590,48,Mombasa,Tier_1,0,0
CUST_02230,2024-05-03 05:58:03.336667,28,Nairobi,Tier_2,1,1
CUST_02231,2024-05-03 11:13:28.721744,27,Nairobi,Tier_2,1,0
CUST_02232,2024-05-03 16:28:54.106821,20,Mombasa,Tier_3,0,0
CUST_02233,2024-05-03 21:44:19.491898,31,Eldoret,Tier_1,1,0
CUST_02234,2024-05-04 02:59:44.876975,33,Nairobi,Tier_1,0,0
CUST_02235,2024-05-04 08:15:10.262052,27,Mombasa,Tier_2,0,0
CUST_02236,2024-05-04 13:30:35.647129,46,Nairobi,Tier_2,0,0
CUST_02237,2024-05-04 18:46:01.032206,27,Nairobi,Tier_2,0,0
CUST_02238,2024-05-05 00:01:26.417283,29,Mombasa,Tier_2,1,0
CUST_02239,2024-05-05 05:16:51.802360,47,Mombasa,Tier_3,0,1
CUST_02240,2024-05-05 10:32:17.187437,58,Nairobi,Tier_3,0,1
CUST_02241,2024-05-05 15:47:42.572514,18,Nairobi,Tier_2,1,0
CUST_02242,2024-05-05 21:03:07.957591,22,Nairobi,Tier_1,0,0
CUST_02243,2024-05-06 02:18:33.342668,37,Nairobi,Tier_2,0,0
CUST_02244,2024-05-06 07:33:58.727745,25,Eldoret,Tier_1,0,0
CUST_02245,2024-05-06 12:49:24.112822,60,Eldoret,Tier_3,1,0
CUST_02246,2024-05-06 18:04:49.497899,29,Nairobi,Tier_2,0,0
CUST_02247,2024-05-06 23:20:14.882976,18,Mombasa,Tier_2,0,1
CUST_02248,2024-05-07 04:35:40.268053,37,Eldoret,Tier_2,0,1
CUST_02249,2024-05-07 09:51:05.653130,45,Nairobi,Tier_3,0,0
CUST_02250,2024-05-07 15:06:31.038207,60,Nakuru,Tier_1,1,0
CUST_02251,2024-05-07 20:21:56.423284,54,Eldoret,Tier_2,0,0
CUST_02252,2024-05-08 01:37:21.808361,64,Nairobi,Tier_1,0,0
CUST_02253,2024-05-08 06:52:47.193438,54,Nairobi,Tier_3,0,0
CUST_02254,2024-05-08 12:08:12.578515,29,Eldoret,Tier_3,1,1
CUST_02255,2024-05-08 17:23:37.963592,54,Mombasa,Tier_2,1,0
CUST_02256,2024-05-08 22:39:03.348669,66,Nairobi,Tier_2,0,0
CUST_02257,2024-05-09 03:54:28.733746,66,Nairobi,Tier_3,0,0
CUST_02258,2024-05-09 09:09:54.118823,61,Mombasa,Tier_2,0,1
CUST_02259,2024-05-09 14:25:19.503900,45,Kisumu,Tier_2,0,0
CUST_02260,2024-05-09 19:40:44.888977,64,Kisumu,Tier_2,0,0
CUST_02261,2024-05-10 00:56:10.274054,32,Eldoret,Tier_2,0,0
CUST_02262,2024-05-10 06:11:35.659131,23,Nairobi,Tier_1,0,0
CUST_02263,2024-05-10 11:27:01.044208,61,Mombasa,Tier_3,1,0
CUST_02264,2024-05-10 16:42:26.429285,37,Mombasa,Tier_2,0,0
CUST_02265,2024-05-10 21:57:51.814362,67,Mombasa,Tier_1,1,0
CUST_02266,2024-05-11 03:13:17.199439,31,Nairobi,Tier_3,0,0
CUST_02267,2024-05-11 08:28:42.584516,19,Eldoret,Tier_2,1,0
CUST_02268,2024-05-11 13:44:07.969593,26,Nakuru,Tier_1,0,0
CUST_02269,2024-05-11 18:59:33.354670,54,Mombasa,Tier_2,0,0
CUST_02270,2024-05-12 00:14:58.739747,37,Kisumu,Tier_3,1,0
CUST_02271,2024-05-12 05:30:24.124824,43,Nairobi,Tier_3,0,0
CUST_02272,2024-05-12 10:45:49.509901,46,Mombasa,Tier_3,0,1
CUST_02273,2024-05-12 16:01:14.894979,18,Kisumu,Tier_3,0,0
CUST_02274,2024-05-12 21:16:40.280056,52,Mombasa,Tier_1,1,0
CUST_02275,2024-05-13 02:32:05.665133,23,Eldoret,Tier_2,0,0
CUST_02276,2024-05-13 07:47:31.050210,54,Kisumu,Tier_3,1,0
CUST_02277,2024-05-13 13:02:56.435287,22,Nairobi,Tier_2,0,0
CUST_02278,2024-05-13 18:18:21.820364,50,Nakuru,Tier_2,0,1
CUST_02279,2024-05-13 23:33:47.205441,66,Nairobi,Tier_2,0,0
CUST_02280,2024-05-14 04:49:12.590518,68,Nairobi,Tier_2,0,0
CUST_02281,2024-05-14 10:04:37.975595,31,Nairobi,Tier_3,0,0
CUST_02282,2024-05-14 15:20:03.360672,29,Mombasa,Tier_2,0,0
CUST_02283,2024-05-14 20:35:28.745749,59,Nakuru,Tier_2,0,1
CUST_02284,2024-05-15 01:50:54.130826,37,Mombasa,Tier_3,0,0
CUST_02285,2024-05-15 07:06:19.515903,67,Nakuru,Tier_2,0,0
CUST_02286,2024-05-15 12:21:44.900980,41,Mombasa,Tier_1,1,0
CUST_02287,2024-05-15 17:37:10.286057,60,Nairobi,Tier_2,1,0
CUST_02288,2024-05-15 22:52:35.671134,51,Nakuru,Tier_3,1,0
CUST_02289,2024-05-16 04:08:01.056211,42,Nairobi,Tier_3,0,1
CUST_02290,2024-05-16 09:23:26.441288,67,Nairobi,Tier_3,1,0
CUST_02291,2024-05-16 14:38:51.826365,46,Mombasa,Tier_3,0,0
CUST_02292,2024-05-16 19:54:17.211442,56,Nairobi,Tier_2,0,0
CUST_02293,2024-05-17 01:09:42.596519,48,Nairobi,Tier_3,1,0
CUST_02294,2024-05-17 06:25:07.981596,64,Kisumu,Tier_3,1,0
CUST_02295,2024-05-17 11:40:33.366673,60,Mombasa,Tier_1,0,0
CUST_02296,2024-05-17 16:55:58.751750,67,Mombasa,Tier_1,0,0
CUST_02297,2024-05-17 22:11:24.136827,40,Eldoret,Tier_3,0,1
CUST_02298,2024-05-18 03:26:49.521904,61,Mombasa,Tier_3,0,0
CUST_02299,2024-05-18 08:42:14.906981,55,Nakuru,Tier_3,1,0
CUST_02300,2024-05-18 13:57:40.292058,37,Nairobi,Tier_3,0,0
CUST_02301,2024-05-18 19:13:05.677135,40,Mombasa,Tier_2,1,0
CUST_02302,2024-05-19 00:28:31.062212,62,Nakuru,Tier_2,0,0
CUST_02303,2024-05-19 05:43:56.447289,69,Mombasa,Tier_2,1,0
CUST_02304,2024-05-19 10:59:21.832366,33,Kisumu,Tier_1,1,0
CUST_02305,2024-05-19 16:14:47.217443,67,Nairobi,Tier_3,0,0
CUST_02306,2024-05-19 21:30:12.602520,59,Nairobi,Tier_2,0,0
CUST_02307,2024-05-20 02:45:37.987597,25,Mombasa,Tier_2,1,0
CUST_02308,2024-05-20 08:01:03.372674,67,Nairobi,Tier_2,0,0
CUST_02309,2024-05-20 13:16:28.757751,38,Nakuru,Tier_2,0,1
CUST_02310,2024-05-20 18:31:54.142828,18,Nairobi,Tier_1,0,0
CUST_02311,2024-05-20 23:47:19.527905,25,Eldoret,Tier_2,0,0
CUST_02312,2024-05-21 05:02:44.912982,46,Eldoret,Tier_1,1,0
CUST_02313,2024-05-21 10:18:10.298059,49,Nairobi,Tier_1,0,0
CUST_02314,2024-05-21 15:33:35.683136,55,Nairobi,Tier_3,1,0
CUST_02315,2024-05-21 20:49:01.068213,22,Nakuru,Tier_1,0,0
CUST_02316,2024-05-22 02:04:26.453290,64,Eldoret,Tier_2,1,1
CUST_02317,2024-05-22 07:19:51.838367,39,Mombasa,Tier_2,0,0
CUST_02318,2024-05-22 12:35:17.223444,64,Nairobi,Tier_2,0,0
CUST_02319,2024-05-22 17:50:42.608521,51,Mombasa,Tier_1,0,0
CUST_02320,2024-05-22 23:06:07.993598,18,Kisumu,Tier_3,1,0
CUST_02321,2024-05-23 04:21:33.378675,43,Nairobi,Tier_3,0,0
CUST_02322,2024-05-23 09:36:58.763752,60,Kisumu,Tier_2,1,0
CUST_02323,2024-05-23 14:52:24.148829,27,Nairobi,Tier_2,0,1
CUST_02324,2024-05-23 20:07:49.533906,47,Nairobi,Tier_3,0,0
CUST_02325,2024-05-24 01:23:14.918983,67,Nairobi,Tier_3,1,1
CUST_02326,2024-05-24 06:38:40.304060,35,Nairobi,Tier_2,0,0
CUST_02327,2024-05-24 11:54:05.689137,34,Nairobi,Tier_1,0,0
CUST_02328,2024-05-24 17:09:31.074214,43,Mombasa,Tier_2,0,0
CUST_02329,2024-05-24 22:24:56.459291,25,Nairobi,Tier_2,0,0
CUST_02330,2024-05-25 03:40:21.844368,64,Nairobi,Tier_1,0,1
CUST_02331,2024-05-25 08:55:47.229445,57,Nairobi,Tier_2,0,0
CUST_02332,2024-05-25 14:11:12.614522,66,Eldoret,Tier_2,0,0
CUST_02333,2024-05-25 19:26:37.999599,29,Mombasa,Tier_2,1,1
CUST_02334,2024-05-26 00:42:03.384676,44,Mombasa,Tier_3,1,0
CUST_02335,2024-05-26 05:57:28.769753,25,Mombasa,Tier_3,0,0
CUST_02336,2024-05-26 11:12:54.154830,42,Eldoret,Tier_2,0,0
CUST_02337,2024-05-26 16:28:19.539907,63,Nairobi,Tier_3,0,1
CUST_02338,2024-05-26 21:43:44.924985,21,Kisumu,Tier_1,1,0
CUST_02339,2024-05-27 02:59:10.310062,50,Kisumu,Tier_3,0,0
CUST_02340,2024-05-27 08:14:35.695139,18,Kisumu,Tier_1,0,0
CUST_02341,2024-05-27 13:30:01.080216,36,Nairobi,Tier_1,1,0
CUST_02342,2024-05-27 18:45:26.465293,48,Kisumu,Tier_2,0,0
CUST_02343,2024-05-28 00:00:51.850370,33,Nairobi,Tier_2,1,0
CUST_02344,2024-05-28 05:16:17.235447,31,Mombasa,Tier_3,0,0
CUST_02345,2024-05-28 10:31:42.620524,65,Kisumu,Tier_2,0,0
CUST_02346,2024-05-28 15:47:08.005601,22,Nairobi,Tier_2,1,0
CUST_02347,2024-05-28 21:02:33.390678,58,Nakuru,Tier_2,0,0
CUST_02348,2024-05-29 02:17:58.775755,43,Nairobi,Tier_2,1,0
CUST_02349,2024-05-29 07:33:24.160832,45,Nakuru,Tier_2,0,0
CUST_02350,2024-05-29 12:48:49.545909,19,Mombasa,Tier_2,1,1
CUST_02351,2024-05-29 18:04:14.930986,67,Nairobi,Tier_3,0,0
CUST_02352,2024-05-29 23:19:40.316063,23,Nairobi,Tier_3,0,0
CUST_02353,2024-05-30 04:35:05.701140,26,Eldoret,Tier_3,0,0
CUST_02354,2024-05-30 09:50:31.086217,50,Nairobi,Tier_2,0,0
CUST_02355,2024-05-30 15:05:56.471294,58,Nairobi,Tier_3,0,0
CUST_02356,2024-05-30 20:21:21.856371,42,Nairobi,Tier_2,0,0
CUST_02357,2024-05-31 01:36:47.241448,65,Kisumu,Tier_2,0,0
CUST_02358,2024-05-31 06:52:12.626525,30,Mombasa,Tier_2,0,0
CUST_02359,2024-05-31 12:07:38.011602,26,Nairobi,Tier_3,0,0
CUST_02360,2024-05-31 17:23:03.396679,30,Nairobi,Tier_3,0,0
CUST_02361,2024-05-31 22:38:28.781756,48,Nairobi,Tier_3,0,1
CUST_02362,2024-06-01 03:53:54.166833,58,Nairobi,Tier_3,1,0
CUST_02363,2024-06-01 09:09:19.551910,28,Mombasa,Tier_3,0,0
CUST_02364,2024-06-01 14:24:44.936987,21,Kisumu,Tier_3,0,0
CUST_02365,2024-06-01 19:40:10.322064,51,Nairobi,Tier_2,0,0
CUST_02366,2024-06-02 00:55:35.707141,55,Nairobi,Tier_2,1,0
CUST_02367,2024-06-02 06:11:01.092218,63,Nairobi,Tier_2,0,0
CUST_02368,2024-06-02 11:26:26.477295,21,Eldoret,Tier_1,0,0
CUST_02369,2024-06-02 16:41:51.862372,55,Eldoret,Tier_2,0,0
CUST_02370,2024-06-02 21:57:17.247449,36,Nakuru,Tier_2,0,1
CUST_02371,2024-06-03 03:12:42.632526,23,Nairobi,Tier_2,1,0
CUST_02372,2024-06-03 08:28:08.017603,51,Nairobi,Tier_3,0,0
CUST_02373,2024-06-03 13:43:33.402680,35,Nairobi,Tier_3,0,0
CUST_02374,2024-06-03 18:58:58.787757,30,Nairobi,Tier_1,1,0
CUST_02375,2024-06-04 00:14:24.172834,58,Mombasa,Tier_2,0,0
CUST_02376,2024-06-04 05:29:49.557911,40,Nakuru,Tier_2,1,0
CUST_02377,2024-06-04 10:45:14.942988,36,Nakuru,Tier_2,0,0
CUST_02378,2024-06-04 16:00:40.328065,62,Nakuru,Tier_3,1,0
CUST_02379,2024-06-04 21:16:05.713142,28,Nairobi,Tier_2,1,0
CUST_02380,2024-06-05 02:31:31.098219,18,Kisumu,Tier_2,0,0
CUST_02381,2024-06-05 07:46:56.483296,41,Nairobi,Tier_3,1,0
CUST_02382,2024-06-05 13:02:21.868373,24,Nairobi,Tier_3,0,1
CUST_02383,2024-06-05 18:17:47.253450,42,Kisumu,Tier_1,0,1
CUST_02384,2024-06-05 23:33:12.638527,38,Nairobi,Tier_3,0,0
CUST_02385,2024-06-06 04:48:38.023604,32,Mombasa,Tier_2,0,0
CUST_02386,2024-06-06 10:04:03.408681,18,Nairobi,Tier_2,1,0
CUST_02387,2024-06-06 15:19:28.793758,29,Kisumu,Tier_1,0,0
CUST_02388,2024-06-06 20:34:54.178835,24,Nakuru,Tier_2,1,0
CUST_02389,2024-06-07 01:50:19.563912,32,Nairobi,Tier_2,0,0
CUST_02390,2024-06-07 07:05:44.948989,38,Nakuru,Tier_2,0,0
CUST_02391,2024-06-07 12:21:10.334066,36,Nairobi,Tier_2,0,0
CUST_02392,2024-06-07 17:36:35.719143,46,Mombasa,Tier_3,0,1
CUST_02393,2024-06-07 22:52:01.104220,42,Kisumu,Tier_2,1,0
CUST_02394,2024-06-08 04:07:26.489297,50,Kisumu,Tier_1,1,0
CUST_02395,2024-06-08 09:22:51.874374,66,Eldoret,Tier_3,1,0
CUST_02396,2024-06-08 14:38:17.259451,49,Nairobi,Tier_1,1,0
CUST_02397,2024-06-08 19:53:42.644528,66,Kisumu,Tier_3,0,0
CUST_02398,2024-06-09 01:09:08.029605,52,Kisumu,Tier_2,0,0
CUST_02399,2024-06-09 06:24:33.414682,61,Eldoret,Tier_2,0,0
CUST_02400,2024-06-09 11:39:58.799759,55,Nairobi,Tier_2,0,1
CUST_02401,2024-06-09 16:55:24.184836,43,Nakuru,Tier_1,0,0
CUST_02402,2024-06-09 22:10:49.569913,28,Mombasa,Tier_2,0,0
CUST_02403,2024-06-10 03:26:14.954991,52,Nairobi,Tier_1,0,0
CUST_02404,2024-06-10 08:41:40.340068,25,Mombasa,Tier_2,0,1
CUST_02405,2024-06-10 13:57:05.725145,63,Nairobi,Tier_1,1,0
CUST_02406,2024-06-10 19:12:31.110222,31,Mombasa,Tier_2,0,0
CUST_02407,2024-06-11 00:27:56.495299,27,Nakuru,Tier_2,0,0
CUST_02408,2024-06-11 05:43:21.880376,19,Mombasa,Tier_2,0,0
CUST_02409,2024-06-11 10:58:47.265453,63,Kisumu,Tier_1,1,0
CUST_02410,2024-06-11 16:14:12.650530,26,Mombasa,Tier_1,1,0
CUST_02411,2024-06-11 21:29:38.035607,20,Nairobi,Tier_1,0,0
CUST_02412,2024-06-12 02:45:03.420684,38,Nairobi,Tier_3,0,0
CUST_02413,2024-06-12 08:00:28.805761,43,Mombasa,Tier_2,1,0
CUST_02414,2024-06-12 13:15:54.190838,25,Nairobi,Tier_3,0,0
CUST_02415,2024-06-12 18:31:19.575915,65,Nairobi,Tier_2,1,0
CUST_02416,2024-06-12 23:46:44.960992,19,Mombasa,Tier_2,1,0
CUST_02417,2024-06-13 05:02:10.346069,23,Nairobi,Tier_2,0,0
CUST_02418,2024-06-13 10:17:35.731146,45,Nairobi,Tier_3,0,1
CUST_02419,2024-06-13 15:33:01.116223,46,Mombasa,Tier_2,0,0
CUST_02420,2024-06-13 20:48:26.501300,43,Nairobi,Tier_1,0,0
CUST_02421,2024-06-14 02:03:51.886377,42,Eldoret,Tier_2,1,0
CUST_02422,2024-06-14 07:19:17.271454,29,Nakuru,Tier_2,1,0
CUST_02423,2024-06-14 12:34:42.656531,22,Kisumu,Tier_2,1,0
CUST_02424,2024-06-14 17:50:08.041608,51,Nairobi,Tier_2,0,0
CUST_02425,2024-06-14 23:05:33.426685,65,Nakuru,Tier_2,0,0
CUST_02426,2024-06-15 04:20:58.811762,54,Nakuru,Tier_2,0,0
CUST_02427,2024-06-15 09:36:24.196839,32,Nakuru,Tier_2,0,0
CUST_02428,2024-06-15 14:51:49.581916,61,Nairobi,Tier_3,0,0
CUST_02429,2024-06-15 20:07:14.966993,53,Kisumu,Tier_3,0,0
CUST_02430,2024-06-16 01:22:40.352070,32,Nakuru,Tier_2,0,0
CUST_02431,2024-06-16 06:38:05.737147,60,Mombasa,Tier_2,1,0
CUST_02432,2024-06-16 11:53:31.122224,65,Kisumu,Tier_3,0,0
CUST_02433,2024-06-16 17:08:56.507301,40,Mombasa,Tier_2,1,1
CUST_02434,2024-06-16 22:24:21.892378,23,Mombasa,Tier_2,0,0
CUST_02435,2024-06-17 03:39:47.277455,63,Nairobi,Tier_3,0,0
CUST_02436,2024-06-17 08:55:12.662532,67,Kisumu,Tier_2,1,0
CUST_02437,2024-06-17 14:10:38.047609,61,Nairobi,Tier_1,1,0
CUST_02438,2024-06-17 19:26:03.432686,60,Mombasa,Tier_3,0,0
CUST_02439,2024-06-18 00:41:28.817763,62,Nairobi,Tier_1,0,1
CUST_02440,2024-06-18 05:56:54.202840,38,Mombasa,Tier_3,0,0
CUST_02441,2024-06-18 11:12:19.587917,40,Nairobi,Tier_3,0,0
CUST_02442,2024-06-18 16:27:44.972994,60,Kisumu,Tier_3,1,0
CUST_02443,2024-06-18 21:43:10.358071,33,Nakuru,Tier_1,0,0
CUST_02444,2024-06-19 02:58:35.743148,64,Nairobi,Tier_2,0,0
CUST_02445,2024-06-19 08:14:01.128225,32,Nairobi,Tier_2,1,0
CUST_02446,2024-06-19 13:29:26.513302,42,Nairobi,Tier_2,0,0
CUST_02447,2024-06-19 18:44:51.898379,53,Nakuru,Tier_1,0,0
CUST_02448,2024-06-20 00:00:17.283456,28,Mombasa,Tier_2,0,0
CUST_02449,2024-06-20 05:15:42.668533,68,Mombasa,Tier_2,0,0
CUST_02450,2024-06-20 10:31:08.053610,32,Nairobi,Tier_1,0,0
CUST_02451,2024-06-20 15:46:33.438687,21,Kisumu,Tier_2,0,0
CUST_02452,2024-06-20 21:01:58.823764,38,Nakuru,Tier_3,0,0
CUST_02453,2024-06-21 02:17:24.208841,30,Nakuru,Tier_3,1,1
CUST_02454,2024-06-21 07:32:49.593918,39,Kisumu,Tier_3,1,0
CUST_02455,2024-06-21 12:48:14.978995,36,Nairobi,Tier_2,0,0
CUST_02456,2024-06-21 18:03:40.364072,51,Nairobi,Tier_3,0,0
CUST_02457,2024-06-21 23:19:05.749149,31,Nairobi,Tier_3,0,0
CUST_02458,2024-06-22 04:34:31.134226,21,Nairobi,Tier_2,0,0
CUST_02459,2024-06-22 09:49:56.519303,65,Nairobi,Tier_1,1,0
CUST_02460,2024-06-22 15:05:21.904380,69,Nairobi,Tier_2,0,1
CUST_02461,2024-06-22 20:20:47.289457,63,Nairobi,Tier_2,0,0
CUST_02462,2024-06-23 01:36:12.674534,44,Eldoret,Tier_2,0,0
CUST_02463,2024-06-23 06:51:38.059611,46,Kisumu,Tier_2,0,0
CUST_02464,2024-06-23 12:07:03.444688,64,Nakuru,Tier_3,0,0
CUST_02465,2024-06-23 17:22:28.829765,45,Kisumu,Tier_2,1,1
CUST_02466,2024-06-23 22:37:54.214842,52,Nairobi,Tier_1,1,1
CUST_02467,2024-06-24 03:53:19.599919,25,Kisumu,Tier_3,1,1
CUST_02468,2024-06-24 09:08:44.984997,33,Nairobi,Tier_2,1,0
CUST_02469,2024-06-24 14:24:10.370074,59,Kisumu,Tier_3,1,0
CUST_02470,2024-06-24 19:39:35.755151,53,Nairobi,Tier_1,0,0
CUST_02471,2024-06-25 00:55:01.140228,47,Eldoret,Tier_3,0,0
CUST_02472,2024-06-25 06:10:26.525305,35,Nairobi,Tier_1,1,0
CUST_02473,2024-06-25 11:25:51.910382,19,Nairobi,Tier_2,0,0
CUST_02474,2024-06-25 16:41:17.295459,66,Eldoret,Tier_1,0,0
CUST_02475,2024-06-25 21:56:42.680536,30,Nairobi,Tier_3,0,0
CUST_02476,2024-06-26 03:12:08.065613,21,Kisumu,Tier_3,0,0
CUST_02477,2024-06-26 08:27:33.450690,43,Kisumu,Tier_2,0,0
CUST_02478,2024-06-26 13:42:58.835767,42,Nakuru,Tier_3,0,0
CUST_02479,2024-06-26 18:58:24.220844,47,Eldoret,Tier_2,0,0
CUST_02480,2024-06-27 00:13:49.605921,28,Eldoret,Tier_2,1,0
CUST_02481,2024-06-27 05:29:14.990998,24,Nairobi,Tier_3,0,1
CUST_02482,2024-06-27 10:44:40.376075,48,Nakuru,Tier_2,1,0
CUST_02483,2024-06-27 16:00:05.761152,61,Kisumu,Tier_2,0,1
CUST_02484,2024-06-27 21:15:31.146229,27,Kisumu,Tier_3,0,0
CUST_02485,2024-06-28 02:30:56.531306,56,Nairobi,Tier_3,0,0
CUST_02486,2024-06-28 07:46:21.916383,30,Kisumu,Tier_3,0,0
CUST_02487,2024-06-28 13:01:47.301460,48,Eldoret,Tier_3,0,0
CUST_02488,2024-06-28 18:17:12.686537,24,Eldoret,Tier_1,1,1
CUST_02489,2024-06-28 23:32:38.071614,66,Mombasa,Tier_3,1,0
CUST_02490,2024-06-29 04:48:03.456691,59,Nairobi,Tier_2,1,0
CUST_02491,2024-06-29 10:03:28.841768,59,Nairobi,Tier_3,0,1
CUST_02492,2024-06-29 15:18:54.226845,53,Nakuru,Tier_2,0,0
CUST_02493,2024-06-29 20:34:19.611922,37,Kisumu,Tier_2,0,0
CUST_02494,2024-06-30 01:49:44.996999,21,Mombasa,Tier_2,0,0
CUST_02495,2024-06-30 07:05:10.382076,24,Nairobi,Tier_2,0,1
CUST_02496,2024-06-30 12:20:35.767153,18,Mombasa,Tier_1,0,0
CUST_02497,2024-06-30 17:36:01.152230,61,Mombasa,Tier_3,0,0
CUST_02498,2024-06-30 22:51:26.537307,62,Eldoret,Tier_3,0,0
CUST_02499,2024-07-01 04:06:51.922384,59,Kisumu,Tier_1,0,0
CUST_02500,2024-07-01 09:22:17.307461,64,Nairobi,Tier_3,0,0
CUST_02501,2024-07-01 14:37:42.692538,30,Mombasa,Tier_2,0,0
CUST_02502,2024-07-01 19:53:08.077615,39,Nairobi,Tier_2,1,0
CUST_02503,2024-07-02 01:08:33.462692,38,Eldoret,Tier_2,0,0
CUST_02504,2024-07-02 06:23:58.847769,39,Nairobi,Tier_3,0,0
CUST_02505,2024-07-02 11:39:24.232846,45,Mombasa,Tier_3,0,0
CUST_02506,2024-07-02 16:54:49.617923,26,Nairobi,Tier_2,0,0
CUST_02507,2024-07-02 22:10:15.003000,43,Kisumu,Tier_2,1,0
CUST_02508,2024-07-03 03:25:40.388077,26,Kisumu,Tier_1,1,0
CUST_02509,2024-07-03 08:41:05.773154,32,Kisumu,Tier_2,0,0
CUST_02510,2024-07-03 13:56:31.158231,27,Nairobi,Tier_1,0,0
CUST_02511,2024-07-03 19:11:56.543308,41,Nairobi,Tier_2,1,0
CUST_02512,2024-07-04 00:27:21.928385,59,Nairobi,Tier_2,0,0
CUST_02513,2024-07-04 05:42:47.313462,25,Kisumu,Tier_3,1,0
CUST_02514,2024-07-04 10:58:12.698539,41,Nairobi,Tier_2,0,0
CUST_02515,2024-07-04 16:13:38.083616,33,Mombasa,Tier_2,0,1
CUST_02516,2024-07-04 21:29:03.468693,66,Nakuru,Tier_2,1,0
CUST_02517,2024-07-05 02:44:28.853770,43,Nakuru,Tier_3,0,1
CUST_02518,2024-07-05 07:59:54.238847,44,Mombasa,Tier_3,0,0
CUST_02519,2024-07-05 13:15:19.623924,54,Mombasa,Tier_3,0,0
CUST_02520,2024-07-05 18:30:45.009001,21,Nairobi,Tier_2,0,0
CUST_02521,2024-07-05 23:46:10.394078,67,Kisumu,Tier_3,1,0
CUST_02522,2024-07-06 05:01:35.779155,41,Nakuru,Tier_1,0,1
CUST_02523,2024-07-06 10:17:01.164232,36,Nairobi,Tier_2,0,0
CUST_02524,2024-07-06 15:32:26.549309,53,Mombasa,Tier_2,1,0
CUST_02525,2024-07-06 20:47:51.934386,56,Nakuru,Tier_2,0,0
CUST_02526,2024-07-07 02:03:17.319463,27,Nakuru,Tier_3,0,0
CUST_02527,2024-07-07 07:18:42.704540,42,Nairobi,Tier_3,1,0
CUST_02528,2024-07-07 12:34:08.089617,35,Mombasa,Tier_1,1,0
CUST_02529,2024-07-07 17:49:33.474694,36,Nairobi,Tier_1,0,1
CUST_02530,2024-07-07 23:04:58.859771,53,Nairobi,Tier_2,0,0
CUST_02531,2024-07-08 04:20:24.244848,27,Eldoret,Tier_2,1,0
CUST_02532,2024-07-08 09:35:49.629925,50,Nakuru,Tier_2,1,0
CUST_02533,2024-07-08 14:51:15.015003,67,Nakuru,Tier_3,1,0
CUST_02534,2024-07-08 20:06:40.400080,22,Nairobi,Tier_3,0,0
CUST_02535,2024-07-09 01:22:05.785157,64,Nakuru,Tier_2,0,0
CUST_02536,2024-07-09 06:37:31.170234,66,Mombasa,Tier_3,0,0
CUST_02537,2024-07-09 11:52:56.555311,52,Nairobi,Tier_2,1,0
CUST_02538,2024-07-09 17:08:21.940388,61,Mombasa,Tier_2,1,0
CUST_02539,2024-07-09 22:23:47.325465,51,Nairobi,Tier_2,0,0
CUST_02540,2024-07-10 03:39:12.710542,50,Nakuru,Tier_2,0,0
CUST_02541,2024-07-10 08:54:38.095619,38,Mombasa,Tier_3,0,0
CUST_02542,2024-07-10 14:10:03.480696,34,Nairobi,Tier_2,1,1
CUST_02543,2024-07-10 19:25:28.865773,39,Nairobi,Tier_2,0,0
CUST_02544,2024-07-11 00:40:54.250850,65,Nairobi,Tier_2,0,0
CUST_02545,2024-07-11 05:56:19.635927,54,Nairobi,Tier_3,0,0
CUST_02546,2024-07-11 11:11:45.021004,32,Mombasa,Tier_2,0,0
CUST_02547,2024-07-11 16:27:10.406081,52,Nakuru,Tier_3,0,0
CUST_02548,2024-07-11 21:42:35.791158,45,Nairobi,Tier_3,1,0
CUST_02549,2024-07-12 02:58:01.176235,24,Nairobi,Tier_2,1,0
CUST_02550,2024-07-12 08:13:26.561312,49,Mombasa,Tier_2,0,1
CUST_02551,2024-07-12 13:28:51.946389,28,Nakuru,Tier_3,0,1
CUST_02552,2024-07-12 18:44:17.331466,27,Nairobi,Tier_2,1,0
CUST_02553,2024-07-12 23:59:42.716543,26,Nairobi,Tier_3,0,0
CUST_02554,2024-07-13 05:15:08.101620,31,Mombasa,Tier_2,0,0
CUST_02555,2024-07-13 10:30:33.486697,30,Nairobi,Tier_1,1,0
CUST_02556,2024-07-13 15:45:58.871774,42,Nairobi,Tier_3,1,0
CUST_02557,2024-07-13 21:01:24.256851,19,Kisumu,Tier_3,1,0
CUST_02558,2024-07-14 02:16:49.641928,52,Kisumu,Tier_3,0,0
CUST_02559,2024-07-14 07:32:15.027005,24,Mombasa,Tier_2,0,0
CUST_02560,2024-07-14 12:47:40.412082,38,Kisumu,Tier_3,0,0
CUST_02561,2024-07-14 18:03:05.797159,35,Kisumu,Tier_3,0,0
CUST_02562,2024-07-14 23:18:31.182236,20,Nairobi,Tier_3,1,1
CUST_02563,2024-07-15 04:33:56.567313,59,Nairobi,Tier_2,0,0
CUST_02564,2024-07-15 09:49:21.952390,56,Nairobi,Tier_2,1,0
CUST_02565,2024-07-15 15:04:47.337467,58,Nairobi,Tier_3,0,0
CUST_02566,2024-07-15 20:20:12.722544,66,Kisumu,Tier_2,0,0
CUST_02567,2024-07-16 01:35:38.107621,28,Nakuru,Tier_2,1,0
CUST_02568,2024-07-16 06:51:03.492698,56,Eldoret,Tier_2,0,0
CUST_02569,2024-07-16 12:06:28.877775,41,Kisumu,Tier_2,0,0
CUST_02570,2024-07-16 17:21:54.262852,63,Nairobi,Tier_2,0,0
CUST_02571,2024-07-16 22:37:19.647929,36,Nairobi,Tier_1,0,1
CUST_02572,2024-07-17 03:52:45.033006,21,Nakuru,Tier_3,0,0
CUST_02573,2024-07-17 09:08:10.418083,43,Mombasa,Tier_2,0,0
CUST_02574,2024-07-17 14:23:35.803160,55,Kisumu,Tier_2,0,0
CUST_02575,2024-07-17 19:39:01.188237,59,Nakuru,Tier_1,1,0
CUST_02576,2024-07-18 00:54:26.573314,49,Kisumu,Tier_1,0,0
CUST_02577,2024-07-18 06:09:51.958391,56,Nakuru,Tier_2,0,0
CUST_02578,2024-07-18 11:25:17.343468,62,Nairobi,Tier_3,0,0
CUST_02579,2024-07-18 16:40:42.728545,63,Kisumu,Tier_1,0,0
CUST_02580,2024-07-18 21:56:08.113622,53,Nakuru,Tier_3,0,1
CUST_02581,2024-07-19 03:11:33.498699,57,Nairobi,Tier_2,0,0
CUST_02582,2024-07-19 08:26:58.883776,54,Kisumu,Tier_2,0,0
CUST_02583,2024-07-19 13:42:24.268853,50,Nairobi,Tier_1,1,0
CUST_02584,2024-07-19 18:57:49.653930,53,Eldoret,Tier_1,1,0
CUST_02585,2024-07-20 00:13:15.039007,20,Nairobi,Tier_3,1,0
CUST_02586,2024-07-20 05:28:40.424084,26,Mombasa,Tier_3,0,0
CUST_02587,2024-07-20 10:44:05.809161,25,Nairobi,Tier_2,0,0
CUST_02588,2024-07-20 15:59:31.194238,50,Kisumu,Tier_1,1,0
CUST_02589,2024-07-20 21:14:56.579315,23,Nairobi,Tier_2,0,0
CUST_02590,2024-07-21 02:30:21.964392,58,Nairobi,Tier_2,1,0
CUST_02591,2024-07-21 07:45:47.349469,56,Mombasa,Tier_3,0,0
CUST_02592,2024-07-21 13:01:12.734546,21,Eldoret,Tier_2,0,0
CUST_02593,2024-07-21 18:16:38.119623,30,Nairobi,Tier_3,1,0
CUST_02594,2024-07-21 23:32:03.504700,66,Nairobi,Tier_2,1,1
CUST_02595,2024-07-22 04:47:28.889777,19,Nakuru,Tier_2,1,0
CUST_02596,2024-07-22 10:02:54.274854,22,Mombasa,Tier_2,1,0
CUST_02597,2024-07-22 15:18:19.659931,61,Eldoret,Tier_1,0,0
CUST_02598,2024-07-22 20:33:45.045009,44,Nairobi,Tier_3,0,0
CUST_02599,2024-07-23 01:49:10.430086,49,Kisumu,Tier_2,1,0
CUST_02600,2024-07-23 07:04:35.815163,38,Nairobi,Tier_3,0,1
CUST_02601,2024-07-23 12:20:01.200240,25,Nairobi,Tier_1,0,0
CUST_02602,2024-07-23 17:35:26.585317,55,Kisumu,Tier_3,0,0
CUST_02603,2024-07-23 22:50:51.970394,25,Mombasa,Tier_1,0,0
CUST_02604,2024-07-24 04:06:17.355471,67,Nakuru,Tier_3,0,0
CUST_02605,2024-07-24 09:21:42.740548,20,Nairobi,Tier_3,0,0
CUST_02606,2024-07-24 14:37:08.125625,61,Mombasa,Tier_3,1,0
CUST_02607,2024-07-24 19:52:33.510702,20,Mombasa,Tier_2,1,0
CUST_02608,2024-07-25 01:07:58.895779,39,Eldoret,Tier_3,0,0
CUST_02609,2024-07-25 06:23:24.280856,23,Nairobi,Tier_2,0,0
CUST_02610,2024-07-25 11:38:49.665933,19,Nairobi,Tier_1,0,0
CUST_02611,2024-07-25 16:54:15.051010,40,Nairobi,Tier_2,0,0
CUST_02612,2024-07-25 22:09:40.436087,61,Mombasa,Tier_1,0,1
CUST_02613,2024-07-26 03:25:05.821164,19,Nairobi,Tier_3,0,0
CUST_02614,2024-07-26 08:40:31.206241,55,Eldoret,Tier_1,0,0
CUST_02615,2024-07-26 13:55:56.591318,34,Nairobi,Tier_2,0,0
CUST_02616,2024-07-26 19:11:21.976395,52,Nakuru,Tier_2,0,0
CUST_02617,2024-07-27 00:26:47.361472,51,Nairobi,Tier_2,0,1
CUST_02618,2024-07-27 05:42:12.746549,40,Kisumu,Tier_2,0,0
CUST_02619,2024-07-27 10:57:38.131626,47,Eldoret,Tier_1,0,1
CUST_02620,2024-07-27 16:13:03.516703,69,Nairobi,Tier_2,0,0
CUST_02621,2024-07-27 21:28:28.901780,25,Eldoret,Tier_2,1,0
CUST_02622,2024-07-28 02:43:54.286857,39,Mombasa,Tier_3,0,0
CUST_02623,2024-07-28 07:59:19.671934,61,Eldoret,Tier_3,1,0
CUST_02624,2024-07-28 13:14:45.057011,53,Kisumu,Tier_3,0,0
CUST_02625,2024-07-28 18:30:10.442088,22,Nairobi,Tier_1,1,1
CUST_02626,2024-07-28 23:45:35.827165,30,Nairobi,Tier_2,0,0
CUST_02627,2024-07-29 05:01:01.212242,46,Nairobi,Tier_1,1,0
CUST_02628,2024-07-29 10:16:26.597319,48,Nairobi,Tier_1,0,0
CUST_02629,2024-07-29 15:31:51.982396,64,Nairobi,Tier_2,1,0
CUST_02630,2024-07-29 20:47:17.367473,33,Nairobi,Tier_2,0,0
CUST_02631,2024-07-30 02:02:42.752550,59,Mombasa,Tier_2,0,1
CUST_02632,2024-07-30 07:18:08.137627,47,Nakuru,Tier_2,1,0
CUST_02633,2024-07-30 12:33:33.522704,33,Nairobi,Tier_3,0,0
CUST_02634,2024-07-30 17:48:58.907781,29,Nairobi,Tier_2,1,0
CUST_02635,2024-07-30 23:04:24.292858,34,Kisumu,Tier_2,0,0
CUST_02636,2024-07-31 04:19:49.677935,33,Nairobi,Tier_2,0,0
CUST_02637,2024-07-31 09:35:15.063012,29,Nairobi,Tier_2,1,0
CUST_02638,2024-07-31 14:50:40.448089,25,Nairobi,Tier_1,0,0
CUST_02639,2024-07-31 20:06:05.833166,37,Eldoret,Tier_2,0,0
CUST_02640,2024-08-01 01:21:31.218243,20,Nakuru,Tier_2,1,1
CUST_02641,2024-08-01 06:36:56.603320,33,Nairobi,Tier_3,1,0
CUST_02642,2024-08-01 11:52:21.988397,47,Kisumu,Tier_3,1,0
CUST_02643,2024-08-01 17:07:47.373474,62,Mombasa,Tier_2,0,1
CUST_02644,2024-08-01 22:23:12.758551,40,Kisumu,Tier_2,0,1
CUST_02645,2024-08-02 03:38:38.143628,45,Kisumu,Tier_2,0,0
CUST_02646,2024-08-02 08:54:03.528705,68,Kisumu,Tier_3,0,0
CUST_02647,2024-08-02 14:09:28.913782,57,Nairobi,Tier_2,1,0
CUST_02648,2024-08-02 19:24:54.298859,22,Nairobi,Tier_2,0,0
CUST_02649,2024-08-03 00:40:19.683936,37,Mombasa,Tier_1,0,0
CUST_02650,2024-08-03 05:55:45.069013,57,Nakuru,Tier_1,0,1
CUST_02651,2024-08-03 11:11:10.454090,61,Mombasa,Tier_3,1,0
CUST_02652,2024-08-03 16:26:35.839167,18,Nakuru,Tier_2,1,1
CUST_02653,2024-08-03 21:42:01.224244,47,Eldoret,Tier_2,0,0
CUST_02654,2024-08-04 02:57:26.609321,38,Nairobi,Tier_2,0,0
CUST_02655,2024-08-04 08:12:51.994398,37,Kisumu,Tier_2,1,0
CUST_02656,2024-08-04 13:28:17.379475,23,Kisumu,Tier_3,0,0
CUST_02657,2024-08-04 18:43:42.764552,39,Eldoret,Tier_3,0,1
CUST_02658,2024-08-04 23:59:08.149629,35,Eldoret,Tier_2,0,1
CUST_02659,2024-08-05 05:14:33.534706,25,Kisumu,Tier_1,0,0
CUST_02660,2024-08-05 10:29:58.919783,56,Nairobi,Tier_2,0,0
CUST_02661,2024-08-05 15:45:24.304860,49,Nakuru,Tier_2,1,0
CUST_02662,2024-08-05 21:00:49.689937,50,Nairobi,Tier_2,0,0
CUST_02663,2024-08-06 02:16:15.075015,33,Nakuru,Tier_2,0,0
CUST_02664,2024-08-06 07:31:40.460092,29,Eldoret,Tier_1,1,0
CUST_02665,2024-08-06 12:47:05.845169,55,Nairobi,Tier_2,1,0
CUST_02666,2024-08-06 18:02:31.230246,69,Kisumu,Tier_1,0,0
CUST_02667,2024-08-06 23:17:56.615323,51,Mombasa,Tier_3,0,1
CUST_02668,2024-08-07 04:33:22.000400,31,Mombasa,Tier_2,0,1
CUST_02669,2024-08-07 09:48:47.385477,53,Nairobi,Tier_3,0,0
CUST_02670,2024-08-07 15:04:12.770554,50,Nakuru,Tier_1,0,0
CUST_02671,2024-08-07 20:19:38.155631,40,Eldoret,Tier_2,0,0
CUST_02672,2024-08-08 01:35:03.540708,67,Eldoret,Tier_3,0,0
CUST_02673,2024-08-08 06:50:28.925785,62,Nairobi,Tier_2,0,1
CUST_02674,2024-08-08 12:05:54.310862,19,Nakuru,Tier_3,0,0
CUST_02675,2024-08-08 17:21:19.695939,58,Kisumu,Tier_2,0,0
CUST_02676,2024-08-08 22:36:45.081016,38,Nairobi,Tier_2,0,0
CUST_02677,2024-08-09 03:52:10.466093,19,Nairobi,Tier_2,0,0
CUST_02678,2024-08-09 09:07:35.851170,44,Nairobi,Tier_2,0,0
CUST_02679,2024-08-09 14:23:01.236247,26,Eldoret,Tier_2,0,0
CUST_02680,2024-08-09 19:38:26.621324,18,Kisumu,Tier_2,0,0
CUST_02681,2024-08-10 00:53:52.006401,28,Kisumu,Tier_2,0,0
CUST_02682,2024-08-10 06:09:17.391478,20,Nairobi,Tier_2,0,0
CUST_02683,2024-08-10 11:24:42.776555,69,Kisumu,Tier_2,1,0
CUST_02684,2024-08-10 16:40:08.161632,40,Nairobi,Tier_2,1,0
CUST_02685,2024-08-10 21:55:33.546709,43,Nairobi,Tier_1,0,0
CUST_02686,2024-08-11 03:10:58.931786,21,Kisumu,Tier_2,1,0
CUST_02687,2024-08-11 08:26:24.316863,35,Nairobi,Tier_3,0,0
CUST_02688,2024-08-11 13:41:49.701940,23,Nakuru,Tier_3,0,0
CUST_02689,2024-08-11 18:57:15.087017,52,Nairobi,Tier_2,1,0
CUST_02690,2024-08-12 00:12:40.472094,39,Kisumu,Tier_3,0,0
CUST_02691,2024-08-12 05:28:05.857171,60,Mombasa,Tier_2,0,0
CUST_02692,2024-08-12 10:43:31.242248,32,Mombasa,Tier_3,0,0
CUST_02693,2024-08-12 15:58:56.627325,39,Nairobi,Tier_3,0,0
CUST_02694,2024-08-12 21:14:22.012402,54,Nairobi,Tier_3,0,0
CUST_02695,2024-08-13 02:29:47.397479,69,Eldoret,Tier_1,0,0
CUST_02696,2024-08-13 07:45:12.782556,59,Nairobi,Tier_2,0,0
CUST_02697,2024-08-13 13:00:38.167633,29,Nakuru,Tier_1,0,0
CUST_02698,2024-08-13 18:16:03.552710,64,Eldoret,Tier_3,0,0
CUST_02699,2024-08-13 23:31:28.937787,66,Nairobi,Tier_2,1,0
CUST_02700,2024-08-14 04:46:54.322864,59,Nairobi,Tier_3,1,0
CUST_02701,2024-08-14 10:02:19.707941,55,Kisumu,Tier_2,0,0
CUST_02702,2024-08-14 15:17:45.093018,35,Eldoret,Tier_3,0,0
CUST_02703,2024-08-14 20:33:10.478095,62,Eldoret,Tier_1,1,0
CUST_02704,2024-08-15 01:48:35.863172,52,Mombasa,Tier_1,0,0
CUST_02705,2024-08-15 07:04:01.248249,47,Nakuru,Tier_2,0,0
CUST_02706,2024-08-15 12:19:26.633326,41,Nairobi,Tier_2,0,0
CUST_02707,2024-08-15 17:34:52.018403,59,Eldoret,Tier_2,1,0
CUST_02708,2024-08-15 22:50:17.403480,47,Eldoret,Tier_3,0,0
CUST_02709,2024-08-16 04:05:42.788557,31,Nairobi,Tier_1,0,0
CUST_02710,2024-08-16 09:21:08.173634,23,Nairobi,Tier_2,0,0
CUST_02711,2024-08-16 14:36:33.558711,20,Nairobi,Tier_3,0,1
CUST_02712,2024-08-16 19:51:58.943788,33,Nairobi,Tier_1,0,0
CUST_02713,2024-08-17 01:07:24.328865,24,Nakuru,Tier_3,0,1
CUST_02714,2024-08-17 06:22:49.713942,69,Nairobi,Tier_3,0,0
CUST_02715,2024-08-17 11:38:15.099019,31,Nairobi,Tier_1,0,0
CUST_02716,2024-08-17 16:53:40.484096,26,Nairobi,Tier_2,0,0
CUST_02717,2024-08-17 22:09:05.869173,32,Eldoret,Tier_2,1,0
CUST_02718,2024-08-18 03:24:31.254250,38,Kisumu,Tier_3,1,0
CUST_02719,2024-08-18 08:39:56.639327,52,Mombasa,Tier_2,0,0
CUST_02720,2024-08-18 13:55:22.024404,19,Nairobi,Tier_2,0,0
CUST_02721,2024-08-18 19:10:47.409481,44,Eldoret,Tier_3,0,0
CUST_02722,2024-08-19 00:26:12.794558,19,Nakuru,Tier_1,0,1
CUST_02723,2024-08-19 05:41:38.179635,52,Nairobi,Tier_3,1,1
CUST_02724,2024-08-19 10:57:03.564712,35,Nairobi,Tier_3,0,1
CUST_02725,2024-08-19 16:12:28.949789,31,Nairobi,Tier_2,0,0
CUST_02726,2024-08-19 21:27:54.334866,37,Nairobi,Tier_3,1,0
CUST_02727,2024-08-20 02:43:19.719943,35,Mombasa,Tier_3,1,0
CUST_02728,2024-08-20 07:58:45.105021,27,Eldoret,Tier_2,0,0
CUST_02729,2024-08-20 13:14:10.490098,42,Mombasa,Tier_2,0,0
CUST_02730,2024-08-20 18:29:35.875175,19,Nakuru,Tier_2,0,0
CUST_02731,2024-08-20 23:45:01.260252,42,Mombasa,Tier_1,1,1
CUST_02732,2024-08-21 05:00:26.645329,50,Kisumu,Tier_3,1,0
CUST_02733,2024-08-21 10:15:52.030406,53,Kisumu,Tier_1,0,1
CUST_02734,2024-08-21 15:31:17.415483,48,Nairobi,Tier_2,0,0
CUST_02735,2024-08-21 20:46:42.800560,31,Nairobi,Tier_2,0,0
CUST_02736,2024-08-22 02:02:08.185637,18,Kisumu,Tier_1,0,0
CUST_02737,2024-08-22 07:17:33.570714,63,Nairobi,Tier_3,0,0
CUST_02738,2024-08-22 12:32:58.955791,33,Nairobi,Tier_3,0,0
CUST_02739,2024-08-22 17:48:24.340868,63,Mombasa,Tier_2,0,1
CUST_02740,2024-08-22 23:03:49.725945,69,Eldoret,Tier_2,1,0
CUST_02741,2024-08-23 04:19:15.111022,20,Mombasa,Tier_1,0,0
CUST_02742,2024-08-23 09:34:40.496099,52,Nakuru,Tier_2,0,0
CUST_02743,2024-08-23 14:50:05.881176,58,Mombasa,Tier_2,0,0
CUST_02744,2024-08-23 20:05:31.266253,23,Nakuru,Tier_2,1,0
CUST_02745,2024-08-24 01:20:56.651330,42,Mombasa,Tier_3,0,0
CUST_02746,2024-08-24 06:36:22.036407,30,Nakuru,Tier_2,1,0
CUST_02747,2024-08-24 11:51:47.421484,51,Mombasa,Tier_3,0,0
CUST_02748,2024-08-24 17:07:12.806561,25,Kisumu,Tier_2,1,0
CUST_02749,2024-08-24 22:22:38.191638,38,Kisumu,Tier_2,1,0
CUST_02750,2024-08-25 03:38:03.576715,51,Mombasa,Tier_3,0,0
CUST_02751,2024-08-25 08:53:28.961792,21,Nairobi,Tier_2,1,0
CUST_02752,2024-08-25 14:08:54.346869,42,Nairobi,Tier_3,0,0
CUST_02753,2024-08-25 19:24:19.731946,32,Nairobi,Tier_2,0,0
CUST_02754,2024-08-26 00:39:45.117023,21,Nakuru,Tier_1,0,0
CUST_02755,2024-08-26 05:55:10.502100,62,Nairobi,Tier_3,0,0
CUST_02756,2024-08-26 11:10:35.887177,29,Nairobi,Tier_2,1,0
CUST_02757,2024-08-26 16:26:01.272254,49,Kisumu,Tier_3,1,0
CUST_02758,2024-08-26 21:41:26.657331,49,Nairobi,Tier_3,0,0
CUST_02759,2024-08-27 02:56:52.042408,45,Mombasa,Tier_1,0,1
CUST_02760,2024-08-27 08:12:17.427485,30,Nairobi,Tier_2,0,0
CUST_02761,2024-08-27 13:27:42.812562,48,Eldoret,Tier_2,0,0
CUST_02762,2024-08-27 18:43:08.197639,31,Nakuru,Tier_2,0,1
CUST_02763,2024-08-27 23:58:33.582716,37,Nakuru,Tier_3,1,0
CUST_02764,2024-08-28 05:13:58.967793,35,Mombasa,Tier_2,0,0
CUST_02765,2024-08-28 10:29:24.352870,46,Nakuru,Tier_2,0,0
CUST_02766,2024-08-28 15:44:49.737947,23,Nairobi,Tier_3,1,0
CUST_02767,2024-08-28 21:00:15.123024,49,Nairobi,Tier_1,0,0
CUST_02768,2024-08-29 02:15:40.508101,46,Nairobi,Tier_3,0,0
CUST_02769,2024-08-29 07:31:05.893178,60,Mombasa,Tier_2,0,0
CUST_02770,2024-08-29 12:46:31.278255,19,Mombasa,Tier_3,0,0
CUST_02771,2024-08-29 18:01:56.663332,40,Mombasa,Tier_2,1,0
CUST_02772,2024-08-29 23:17:22.048409,36,Nairobi,Tier_1,0,0
CUST_02773,2024-08-30 04:32:47.433486,48,Mombasa,Tier_2,0,0
CUST_02774,2024-08-30 09:48:12.818563,68,Kisumu,Tier_1,0,0
CUST_02775,2024-08-30 15:03:38.203640,22,Mombasa,Tier_3,0,0
CUST_02776,2024-08-30 20:19:03.588717,36,Kisumu,Tier_1,1,0
CUST_02777,2024-08-31 01:34:28.973794,51,Nairobi,Tier_3,1,0
CUST_02778,2024-08-31 06:49:54.358871,27,Nakuru,Tier_2,1,0
CUST_02779,2024-08-31 12:05:19.743948,42,Mombasa,Tier_2,0,0
CUST_02780,2024-08-31 17:20:45.129025,19,Nairobi,Tier_1,0,0
CUST_02781,2024-08-31 22:36:10.514102,28,Nairobi,Tier_2,0,0
CUST_02782,2024-09-01 03:51:35.899179,67,Kisumu,Tier_2,0,0
CUST_02783,2024-09-01 09:07:01.284256,48,Nakuru,Tier_2,0,0
CUST_02784,2024-09-01 14:22:26.669333,32,Mombasa,Tier_3,0,0
CUST_02785,2024-09-01 19:37:52.054410,26,Nairobi,Tier_2,1,0
CUST_02786,2024-09-02 00:53:17.439487,40,Nakuru,Tier_2,0,0
CUST_02787,2024-09-02 06:08:42.824564,36,Kisumu,Tier_2,0,0
CUST_02788,2024-09-02 11:24:08.209641,26,Mombasa,Tier_1,0,0
CUST_02789,2024-09-02 16:39:33.594718,52,Mombasa,Tier_3,0,0
CUST_02790,2024-09-02 21:54:58.979795,38,Nairobi,Tier_2,0,0
CUST_02791,2024-09-03 03:10:24.364872,26,Kisumu,Tier_1,0,0
CUST_02792,2024-09-03 08:25:49.749949,45,Nairobi,Tier_2,0,0
CUST_02793,2024-09-03 13:41:15.135027,63,Eldoret,Tier_2,0,0
CUST_02794,2024-09-03 18:56:40.520104,68,Mombasa,Tier_2,1,0
CUST_02795,2024-09-04 00:12:05.905181,24,Mombasa,Tier_2,0,1
CUST_02796,2024-09-04 05:27:31.290258,33,Mombasa,Tier_1,0,0
CUST_02797,2024-09-04 10:42:56.675335,33,Eldoret,Tier_2,0,0
CUST_02798,2024-09-04 15:58:22.060412,50,Nakuru,Tier_3,0,0
CUST_02799,2024-09-04 21:13:47.445489,21,Mombasa,Tier_1,1,0
CUST_02800,2024-09-05 02:29:12.830566,21,Kisumu,Tier_3,0,0
CUST_02801,2024-09-05 07:44:38.215643,56,Mombasa,Tier_1,0,0
CUST_02802,2024-09-05 13:00:03.600720,57,Mombasa,Tier_3,1,0
CUST_02803,2024-09-05 18:15:28.985797,34,Nairobi,Tier_2,0,0
CUST_02804,2024-09-05 23:30:54.370874,54,Mombasa,Tier_2,0,0
CUST_02805,2024-09-06 04:46:19.755951,56,Nairobi,Tier_1,0,0
CUST_02806,2024-09-06 10:01:45.141028,69,Eldoret,Tier_1,0,0
CUST_02807,2024-09-06 15:17:10.526105,46,Nairobi,Tier_2,1,0
CUST_02808,2024-09-06 20:32:35.911182,69,Eldoret,Tier_1,0,0
CUST_02809,2024-09-07 01:48:01.296259,53,Mombasa,Tier_2,0,0
CUST_02810,2024-09-07 07:03:26.681336,55,Kisumu,Tier_2,0,0
CUST_02811,2024-09-07 12:18:52.066413,56,Mombasa,Tier_2,0,0
CUST_02812,2024-09-07 17:34:17.451490,67,Nairobi,Tier_3,0,0
CUST_02813,2024-09-07 22:49:42.836567,54,Nairobi,Tier_2,0,0
CUST_02814,2024-09-08 04:05:08.221644,69,Nairobi,Tier_2,0,0
CUST_02815,2024-09-08 09:20:33.606721,52,Kisumu,Tier_2,0,1
CUST_02816,2024-09-08 14:35:58.991798,24,Mombasa,Tier_2,1,0
CUST_02817,2024-09-08 19:51:24.376875,44,Nakuru,Tier_2,0,0
CUST_02818,2024-09-09 01:06:49.761952,45,Nairobi,Tier_3,0,0
CUST_02819,2024-09-09 06:22:15.147029,39,Nairobi,Tier_2,0,0
CUST_02820,2024-09-09 11:37:40.532106,31,Mombasa,Tier_1,1,0
CUST_02821,2024-09-09 16:53:05.917183,24,Eldoret,Tier_2,1,0
CUST_02822,2024-09-09 22:08:31.302260,54,Kisumu,Tier_2,1,0
CUST_02823,2024-09-10 03:23:56.687337,39,Mombasa,Tier_3,0,0
CUST_02824,2024-09-10 08:39:22.072414,22,Mombasa,Tier_3,1,0
CUST_02825,2024-09-10 13:54:47.457491,19,Nairobi,Tier_1,0,0
CUST_02826,2024-09-10 19:10:12.842568,44,Eldoret,Tier_1,0,0
CUST_02827,2024-09-11 00:25:38.227645,38,Kisumu,Tier_2,0,0
CUST_02828,2024-09-11 05:41:03.612722,55,Nairobi,Tier_2,1,0
CUST_02829,2024-09-11 10:56:28.997799,32,Mombasa,Tier_2,1,0
CUST_02830,2024-09-11 16:11:54.382876,38,Nairobi,Tier_3,1,1
CUST_02831,2024-09-11 21:27:19.767953,27,Eldoret,Tier_2,1,0
CUST_02832,2024-09-12 02:42:45.153030,40,Nairobi,Tier_2,0,0
CUST_02833,2024-09-12 07:58:10.538107,56,Kisumu,Tier_1,0,0
CUST_02834,2024-09-12 13:13:35.923184,22,Nairobi,Tier_3,0,0
CUST_02835,2024-09-12 18:29:01.308261,18,Kisumu,Tier_2,1,1
CUST_02836,2024-09-12 23:44:26.693338,30,Nakuru,Tier_3,0,0
CUST_02837,2024-09-13 04:59:52.078415,38,Kisumu,Tier_2,1,0
CUST_02838,2024-09-13 10:15:17.463492,43,Kisumu,Tier_2,0,0
CUST_02839,2024-09-13 15:30:42.848569,67,Nakuru,Tier_3,0,0
CUST_02840,2024-09-13 20:46:08.233646,62,Nairobi,Tier_3,0,0
CUST_02841,2024-09-14 02:01:33.618723,38,Nairobi,Tier_2,0,1
CUST_02842,2024-09-14 07:16:59.003800,35,Nairobi,Tier_2,1,0
CUST_02843,2024-09-14 12:32:24.388877,54,Eldoret,Tier_3,0,0
CUST_02844,2024-09-14 17:47:49.773954,62,Nairobi,Tier_2,0,0
CUST_02845,2024-09-14 23:03:15.159031,49,Kisumu,Tier_1,0,0
CUST_02846,2024-09-15 04:18:40.544108,53,Kisumu,Tier_3,0,1
CUST_02847,2024-09-15 09:34:05.929185,34,Nairobi,Tier_1,0,0
CUST_02848,2024-09-15 14:49:31.314262,52,Nairobi,Tier_1,0,0
CUST_02849,2024-09-15 20:04:56.699339,66,Nairobi,Tier_1,1,0
CUST_02850,2024-09-16 01:20:22.084416,28,Mombasa,Tier_2,0,0
CUST_02851,2024-09-16 06:35:47.469493,38,Nairobi,Tier_2,0,1
CUST_02852,2024-09-16 11:51:12.854570,69,Nairobi,Tier_2,0,0
CUST_02853,2024-09-16 17:06:38.239647,43,Nakuru,Tier_2,0,0
CUST_02854,2024-09-16 22:22:03.624724,21,Eldoret,Tier_2,0,0
CUST_02855,2024-09-17 03:37:29.009801,51,Nairobi,Tier_2,0,1
CUST_02856,2024-09-17 08:52:54.394878,69,Nairobi,Tier_1,0,0
CUST_02857,2024-09-17 14:08:19.779955,65,Nairobi,Tier_3,0,0
CUST_02858,2024-09-17 19:23:45.165033,35,Kisumu,Tier_2,0,1
CUST_02859,2024-09-18 00:39:10.550110,57,Nakuru,Tier_3,1,1
CUST_02860,2024-09-18 05:54:35.935187,52,Nairobi,Tier_1,1,0
CUST_02861,2024-09-18 11:10:01.320264,58,Nairobi,Tier_3,0,0
CUST_02862,2024-09-18 16:25:26.705341,46,Nakuru,Tier_2,0,0
CUST_02863,2024-09-18 21:40:52.090418,69,Kisumu,Tier_1,0,0
CUST_02864,2024-09-19 02:56:17.475495,46,Nairobi,Tier_3,0,0
CUST_02865,2024-09-19 08:11:42.860572,55,Kisumu,Tier_3,1,0
CUST_02866,2024-09-19 13:27:08.245649,59,Nairobi,Tier_2,1,0
CUST_02867,2024-09-19 18:42:33.630726,38,Nairobi,Tier_3,0,0
CUST_02868,2024-09-19 23:57:59.015803,59,Nakuru,Tier_2,0,0
CUST_02869,2024-09-20 05:13:24.400880,30,Nakuru,Tier_3,0,1
CUST_02870,2024-09-20 10:28:49.785957,66,Mombasa,Tier_2,0,1
CUST_02871,2024-09-20 15:44:15.171034,58,Eldoret,Tier_2,1,0
CUST_02872,2024-09-20 20:59:40.556111,34,Mombasa,Tier_2,0,0
CUST_02873,2024-09-21 02:15:05.941188,26,Nakuru,Tier_2,0,0
CUST_02874,2024-09-21 07:30:31.326265,58,Mombasa,Tier_3,0,0
CUST_02875,2024-09-21 12:45:56.711342,18,Nakuru,Tier_1,0,0
CUST_02876,2024-09-21 18:01:22.096419,19,Eldoret,Tier_1,0,1
CUST_02877,2024-09-21 23:16:47.481496,65,Nairobi,Tier_2,0,0
CUST_02878,2024-09-22 04:32:12.866573,46,Eldoret,Tier_2,0,1
CUST_02879,2024-09-22 09:47:38.251650,50,Nakuru,Tier_1,1,0
CUST_02880,2024-09-22 15:03:03.636727,27,Nakuru,Tier_2,1,0
CUST_02881,2024-09-22 20:18:29.021804,67,Nairobi,Tier_3,0,1
CUST_02882,2024-09-23 01:33:54.406881,57,Nakuru,Tier_2,1,0
CUST_02883,2024-09-23 06:49:19.791958,38,Nakuru,Tier_2,0,0
CUST_02884,2024-09-23 12:04:45.177035,45,Nairobi,Tier_3,1,0
CUST_02885,2024-09-23 17:20:10.562112,28,Eldoret,Tier_2,1,0
CUST_02886,2024-09-23 22:35:35.947189,51,Nairobi,Tier_3,0,1
CUST_02887,2024-09-24 03:51:01.332266,25,Nairobi,Tier_3,1,0
CUST_02888,2024-09-24 09:06:26.717343,39,Mombasa,Tier_2,0,0
CUST_02889,2024-09-24 14:21:52.102420,25,Mombasa,Tier_2,0,0
CUST_02890,2024-09-24 19:37:17.487497,66,Kisumu,Tier_2,0,1
CUST_02891,2024-09-25 00:52:42.872574,32,Nairobi,Tier_2,1,0
CUST_02892,2024-09-25 06:08:08.257651,34,Eldoret,Tier_3,1,0
CUST_02893,2024-09-25 11:23:33.642728,40,Nairobi,Tier_2,0,0
CUST_02894,2024-09-25 16:38:59.027805,41,Nairobi,Tier_2,0,1
CUST_02895,2024-09-25 21:54:24.412882,62,Nairobi,Tier_2,0,0
CUST_02896,2024-09-26 03:09:49.797959,36,Mombasa,Tier_1,1,0
CUST_02897,2024-09-26 08:25:15.183036,22,Eldoret,Tier_1,0,0
CUST_02898,2024-09-26 13:40:40.568113,49,Kisumu,Tier_3,1,0
CUST_02899,2024-09-26 18:56:05.953190,61,Nakuru,Tier_2,0,0
CUST_02900,2024-09-27 00:11:31.338267,18,Nairobi,Tier_2,0,0
CUST_02901,2024-09-27 05:26:56.723344,40,Mombasa,Tier_2,0,0
CUST_02902,2024-09-27 10:42:22.108421,54,Mombasa,Tier_3,1,0
CUST_02903,2024-09-27 15:57:47.493498,25,Mombasa,Tier_2,0,0
CUST_02904,2024-09-27 21:13:12.878575,30,Nairobi,Tier_3,1,1
CUST_02905,2024-09-28 02:28:38.263652,25,Kisumu,Tier_2,0,0
CUST_02906,2024-09-28 07:44:03.648729,40,Mombasa,Tier_3,0,1
CUST_02907,2024-09-28 12:59:29.033806,60,Nakuru,Tier_2,1,0
CUST_02908,2024-09-28 18:14:54.418883,18,Mombasa,Tier_2,1,0
CUST_02909,2024-09-28 23:30:19.803960,62,Nairobi,Tier_2,1,0
CUST_02910,2024-09-29 04:45:45.189037,68,Kisumu,Tier_2,0,0
CUST_02911,2024-09-29 10:01:10.574114,41,Nairobi,Tier_1,0,0
CUST_02912,2024-09-29 15:16:35.959191,52,Nakuru,Tier_2,0,0
CUST_02913,2024-09-29 20:32:01.344268,41,Kisumu,Tier_2,0,0
CUST_02914,2024-09-30 01:47:26.729345,34,Nairobi,Tier_1,1,0
CUST_02915,2024-09-30 07:02:52.114422,22,Eldoret,Tier_3,0,0
CUST_02916,2024-09-30 12:18:17.499499,37,Mombasa,Tier_2,0,1
CUST_02917,2024-09-30 17:33:42.884576,38,Nairobi,Tier_3,0,0
CUST_02918,2024-09-30 22:49:08.269653,57,Kisumu,Tier_2,0,0
CUST_02919,2024-10-01 04:04:33.654730,48,Nairobi,Tier_2,0,0
CUST_02920,2024-10-01 09:19:59.039807,63,Nakuru,Tier_2,0,0
CUST_02921,2024-10-01 14:35:24.424884,53,Nakuru,Tier_2,0,0
CUST_02922,2024-10-01 19:50:49.809961,28,Eldoret,Tier_3,0,0
CUST_02923,2024-10-02 01:06:15.195039,69,Mombasa,Tier_2,1,1
CUST_02924,2024-10-02 06:21:40.580116,32,Mombasa,Tier_3,0,0
CUST_02925,2024-10-02 11:37:05.965193,36,Nakuru,Tier_3,0,0
CUST_02926,2024-10-02 16:52:31.350270,24,Nairobi,Tier_2,1,0
CUST_02927,2024-10-02 22:07:56.735347,68,Mombasa,Tier_3,1,0
CUST_02928,2024-10-03 03:23:22.120424,45,Mombasa,Tier_2,1,0
CUST_02929,2024-10-03 08:38:47.505501,68,Nairobi,Tier_3,1,1
CUST_02930,2024-10-03 13:54:12.890578,60,Mombasa,Tier_3,0,0
CUST_02931,2024-10-03 19:09:38.275655,22,Nakuru,Tier_1,0,0
CUST_02932,2024-10-04 00:25:03.660732,22,Nakuru,Tier_3,0,0
CUST_02933,2024-10-04 05:40:29.045809,47,Nairobi,Tier_2,0,0
CUST_02934,2024-10-04 10:55:54.430886,49,Nairobi,Tier_2,1,0
CUST_02935,2024-10-04 16:11:19.815963,25,Nairobi,Tier_2,0,0
CUST_02936,2024-10-04 21:26:45.201040,27,Nakuru,Tier_1,1,0
CUST_02937,2024-10-05 02:42:10.586117,55,Nairobi,Tier_2,1,0
CUST_02938,2024-10-05 07:57:35.971194,64,Kisumu,Tier_3,0,0
CUST_02939,2024-10-05 13:13:01.356271,49,Nairobi,Tier_1,1,0
CUST_02940,2024-10-05 18:28:26.741348,65,Kisumu,Tier_2,0,0
CUST_02941,2024-10-05 23:43:52.126425,45,Nairobi,Tier_1,0,0
CUST_02942,2024-10-06 04:59:17.511502,34,Nakuru,Tier_2,1,1
CUST_02943,2024-10-06 10:14:42.896579,48,Nairobi,Tier_3,0,0
CUST_02944,2024-10-06 15:30:08.281656,25,Kisumu,Tier_3,1,0
CUST_02945,2024-10-06 20:45:33.666733,57,Nairobi,Tier_3,0,0
CUST_02946,2024-10-07 02:00:59.051810,42,Kisumu,Tier_2,0,0
CUST_02947,2024-10-07 07:16:24.436887,26,Nakuru,Tier_2,1,0
CUST_02948,2024-10-07 12:31:49.821964,19,Nairobi,Tier_3,0,0
CUST_02949,2024-10-07 17:47:15.207041,32,Nakuru,Tier_3,0,0
CUST_02950,2024-10-07 23:02:40.592118,67,Mombasa,Tier_2,0,0
CUST_02951,2024-10-08 04:18:05.977195,20,Nairobi,Tier_2,1,0
CUST_02952,2024-10-08 09:33:31.362272,66,Mombasa,Tier_3,0,0
CUST_02953,2024-10-08 14:48:56.747349,53,Nairobi,Tier_3,1,0
CUST_02954,2024-10-08 20:04:22.132426,21,Kisumu,Tier_2,0,1
CUST_02955,2024-10-09 01:19:47.517503,31,Nakuru,Tier_3,0,0
CUST_02956,2024-10-09 06:35:12.902580,58,Nairobi,Tier_1,1,0
CUST_02957,2024-10-09 11:50:38.287657,58,Mombasa,Tier_2,0,0
CUST_02958,2024-10-09 17:06:03.672734,42,Nakuru,Tier_2,0,0
CUST_02959,2024-10-09 22:21:29.057811,67,Eldoret,Tier_1,1,0
CUST_02960,2024-10-10 03:36:54.442888,27,Mombasa,Tier_1,1,0
CUST_02961,2024-10-10 08:52:19.827965,38,Eldoret,Tier_1,0,0
CUST_02962,2024-10-10 14:07:45.213042,53,Mombasa,Tier_2,0,1
CUST_02963,2024-10-10 19:23:10.598119,29,Nairobi,Tier_3,1,0
CUST_02964,2024-10-11 00:38:35.983196,44,Nakuru,Tier_3,1,0
CUST_02965,2024-10-11 05:54:01.368273,57,Mombasa,Tier_2,1,0
CUST_02966,2024-10-11 11:09:26.753350,19,Mombasa,Tier_2,0,0
CUST_02967,2024-10-11 16:24:52.138427,30,Mombasa,Tier_3,1,0
CUST_02968,2024-10-11 21:40:17.523504,49,Nakuru,Tier_1,0,0
CUST_02969,2024-10-12 02:55:42.908581,48,Nakuru,Tier_3,0,0
CUST_02970,2024-10-12 08:11:08.293658,33,Mombasa,Tier_3,0,1
CUST_02971,2024-10-12 13:26:33.678735,49,Nairobi,Tier_1,0,0
CUST_02972,2024-10-12 18:41:59.063812,49,Mombasa,Tier_3,0,0
CUST_02973,2024-10-12 23:57:24.448889,51,Mombasa,Tier_3,0,1
CUST_02974,2024-10-13 05:12:49.833966,28,Nairobi,Tier_1,0,0
CUST_02975,2024-10-13 10:28:15.219043,27,Nakuru,Tier_1,0,0
CUST_02976,2024-10-13 15:43:40.604120,32,Mombasa,Tier_1,0,0
CUST_02977,2024-10-13 20:59:05.989197,34,Nairobi,Tier_2,0,0
CUST_02978,2024-10-14 02:14:31.374274,57,Nairobi,Tier_2,0,0
CUST_02979,2024-10-14 07:29:56.759351,35,Nairobi,Tier_2,0,0
CUST_02980,2024-10-14 12:45:22.144428,26,Eldoret,Tier_2,0,0
CUST_02981,2024-10-14 18:00:47.529505,42,Nairobi,Tier_3,0,1
CUST_02982,2024-10-14 23:16:12.914582,57,Nairobi,Tier_2,1,0
CUST_02983,2024-10-15 04:31:38.299659,31,Mombasa,Tier_1,1,1
CUST_02984,2024-10-15 09:47:03.684736,42,Nairobi,Tier_2,1,0
CUST_02985,2024-10-15 15:02:29.069813,67,Nairobi,Tier_2,0,0
CUST_02986,2024-10-15 20:17:54.454890,39,Nairobi,Tier_2,0,0
CUST_02987,2024-10-16 01:33:19.839967,69,Mombasa,Tier_2,0,0
CUST_02988,2024-10-16 06:48:45.225045,47,Mombasa,Tier_1,1,0
CUST_02989,2024-10-16 12:04:10.610122,37,Nairobi,Tier_3,0,0
CUST_02990,2024-10-16 17:19:35.995199,38,Mombasa,Tier_3,0,0
CUST_02991,2024-10-16 22:35:01.380276,61,Eldoret,Tier_2,0,1
CUST_02992,2024-10-17 03:50:26.765353,49,Nairobi,Tier_2,0,0
CUST_02993,2024-10-17 09:05:52.150430,68,Nairobi,Tier_2,1,0
CUST_02994,2024-10-17 14:21:17.535507,63,Nairobi,Tier_3,1,0
CUST_02995,2024-10-17 19:36:42.920584,66,Mombasa,Tier_2,1,0
CUST_02996,2024-10-18 00:52:08.305661,38,Nakuru,Tier_3,0,0
CUST_02997,2024-10-18 06:07:33.690738,52,Nairobi,Tier_2,1,1
CUST_02998,2024-10-18 11:22:59.075815,49,Kisumu,Tier_2,0,0
CUST_02999,2024-10-18 16:38:24.460892,47,Nairobi,Tier_2,1,0
CUST_03000,2024-10-18 21:53:49.845969,56,Mombasa,Tier_3,0,0
CUST_03001,2024-10-19 03:09:15.231046,66,Nakuru,Tier_3,0,1
CUST_03002,2024-10-19 08:24:40.616123,29,Nairobi,Tier_1,0,0
CUST_03003,2024-10-19 13:40:06.001200,58,Mombasa,Tier_2,0,0
CUST_03004,2024-10-19 18:55:31.386277,64,Nairobi,Tier_2,1,1
CUST_03005,2024-10-20 00:10:56.771354,35,Kisumu,Tier_2,1,0
CUST_03006,2024-10-20 05:26:22.156431,38,Nairobi,Tier_3,0,0
CUST_03007,2024-10-20 10:41:47.541508,30,Nakuru,Tier_3,0,0
CUST_03008,2024-10-20 15:57:12.926585,38,Nairobi,Tier_3,0,0
CUST_03009,2024-10-20 21:12:38.311662,25,Nakuru,Tier_3,1,1
CUST_03010,2024-10-21 02:28:03.696739,63,Nairobi,Tier_2,0,1
CUST_03011,2024-10-21 07:43:29.081816,57,Kisumu,Tier_3,0,0
CUST_03012,2024-10-21 12:58:54.466893,63,Nairobi,Tier_3,0,0
CUST_03013,2024-10-21 18:14:19.851970,24,Eldoret,Tier_2,0,0
CUST_03014,2024-10-21 23:29:45.237047,40,Nairobi,Tier_3,1,0
CUST_03015,2024-10-22 04:45:10.622124,61,Nairobi,Tier_1,0,0
CUST_03016,2024-10-22 10:00:36.007201,49,Mombasa,Tier_3,0,0
CUST_03017,2024-10-22 15:16:01.392278,28,Nairobi,Tier_2,1,1
CUST_03018,2024-10-22 20:31:26.777355,39,Nairobi,Tier_2,0,0
CUST_03019,2024-10-23 01:46:52.162432,39,Eldoret,Tier_2,0,0
CUST_03020,2024-10-23 07:02:17.547509,60,Eldoret,Tier_2,0,0
CUST_03021,2024-10-23 12:17:42.932586,42,Nairobi,Tier_2,0,1
CUST_03022,2024-10-23 17:33:08.317663,39,Eldoret,Tier_1,0,0
CUST_03023,2024-10-23 22:48:33.702740,45,Mombasa,Tier_2,1,0
CUST_03024,2024-10-24 04:03:59.087817,46,Nairobi,Tier_2,1,0
CUST_03025,2024-10-24 09:19:24.472894,30,Kisumu,Tier_3,1,0
CUST_03026,2024-10-24 14:34:49.857971,35,Kisumu,Tier_3,1,1
CUST_03027,2024-10-24 19:50:15.243048,19,Eldoret,Tier_2,0,0
CUST_03028,2024-10-25 01:05:40.628125,46,Nairobi,Tier_3,0,0
CUST_03029,2024-10-25 06:21:06.013202,38,Kisumu,Tier_2,0,0
CUST_03030,2024-10-25 11:36:31.398279,32,Nairobi,Tier_3,1,1
CUST_03031,2024-10-25 16:51:56.783356,69,Nairobi,Tier_2,0,0
CUST_03032,2024-10-25 22:07:22.168433,44,Nairobi,Tier_2,0,0
CUST_03033,2024-10-26 03:22:47.553510,67,Eldoret,Tier_2,0,0
CUST_03034,2024-10-26 08:38:12.938587,48,Nakuru,Tier_1,0,0
CUST_03035,2024-10-26 13:53:38.323664,32,Nakuru,Tier_3,0,0
CUST_03036,2024-10-26 19:09:03.708741,68,Mombasa,Tier_3,1,0
CUST_03037,2024-10-27 00:24:29.093818,40,Nairobi,Tier_2,0,0
CUST_03038,2024-10-27 05:39:54.478895,41,Nairobi,Tier_2,1,1
CUST_03039,2024-10-27 10:55:19.863972,61,Nairobi,Tier_3,0,0
CUST_03040,2024-10-27 16:10:45.249049,30,Nairobi,Tier_3,1,0
CUST_03041,2024-10-27 21:26:10.634126,39,Nakuru,Tier_2,1,1
CUST_03042,2024-10-28 02:41:36.019203,60,Mombasa,Tier_2,1,0
CUST_03043,2024-10-28 07:57:01.404280,54,Nairobi,Tier_2,0,0
CUST_03044,2024-10-28 13:12:26.789357,50,Nairobi,Tier_2,0,0
CUST_03045,2024-10-28 18:27:52.174434,20,Nairobi,Tier_1,0,0
CUST_03046,2024-10-28 23:43:17.559511,36,Mombasa,Tier_2,0,0
CUST_03047,2024-10-29 04:58:42.944588,40,Eldoret,Tier_3,0,0
CUST_03048,2024-10-29 10:14:08.329665,46,Kisumu,Tier_2,1,0
CUST_03049,2024-10-29 15:29:33.714742,47,Nakuru,Tier_3,0,0
CUST_03050,2024-10-29 20:44:59.099819,56,Mombasa,Tier_3,0,0
CUST_03051,2024-10-30 02:00:24.484896,61,Nairobi,Tier_3,0,0
CUST_03052,2024-10-30 07:15:49.869974,64,Nairobi,Tier_2,1,0
CUST_03053,2024-10-30 12:31:15.255051,42,Nakuru,Tier_3,1,1
CUST_03054,2024-10-30 17:46:40.640128,54,Nakuru,Tier_1,0,0
CUST_03055,2024-10-30 23:02:06.025205,64,Nairobi,Tier_2,0,1
CUST_03056,2024-10-31 04:17:31.410282,25,Mombasa,Tier_2,1,0
CUST_03057,2024-10-31 09:32:56.795359,59,Mombasa,Tier_2,0,0
CUST_03058,2024-10-31 14:48:22.180436,33,Kisumu,Tier_3,0,1
CUST_03059,2024-10-31 20:03:47.565513,25,Eldoret,Tier_3,1,0
CUST_03060,2024-11-01 01:19:12.950590,18,Mombasa,Tier_1,1,0
CUST_03061,2024-11-01 06:34:38.335667,61,Mombasa,Tier_2,0,0
CUST_03062,2024-11-01 11:50:03.720744,22,Nairobi,Tier_2,0,0
CUST_03063,2024-11-01 17:05:29.105821,20,Nairobi,Tier_2,0,0
CUST_03064,2024-11-01 22:20:54.490898,18,Nairobi,Tier_3,0,0
CUST_03065,2024-11-02 03:36:19.875975,21,Nairobi,Tier_2,0,0
CUST_03066,2024-11-02 08:51:45.261052,57,Kisumu,Tier_3,0,0
CUST_03067,2024-11-02 14:07:10.646129,52,Kisumu,Tier_1,0,0
CUST_03068,2024-11-02 19:22:36.031206,49,Nairobi,Tier_2,0,0
CUST_03069,2024-11-03 00:38:01.416283,59,Nakuru,Tier_2,0,0
CUST_03070,2024-11-03 05:53:26.801360,51,Nairobi,Tier_2,0,0
CUST_03071,2024-11-03 11:08:52.186437,60,Nairobi,Tier_2,0,1
CUST_03072,2024-11-03 16:24:17.571514,42,Nairobi,Tier_3,0,0
CUST_03073,2024-11-03 21:39:42.956591,27,Nairobi,Tier_3,0,1
CUST_03074,2024-11-04 02:55:08.341668,38,Nairobi,Tier_2,0,0
CUST_03075,2024-11-04 08:10:33.726745,63,Mombasa,Tier_2,1,0
CUST_03076,2024-11-04 13:25:59.111822,56,Mombasa,Tier_1,0,0
CUST_03077,2024-11-04 18:41:24.496899,44,Eldoret,Tier_2,1,0
CUST_03078,2024-11-04 23:56:49.881976,44,Nairobi,Tier_2,0,0
CUST_03079,2024-11-05 05:12:15.267053,19,Nairobi,Tier_1,0,0
CUST_03080,2024-11-05 10:27:40.652130,58,Nairobi,Tier_3,0,0
CUST_03081,2024-11-05 15:43:06.037207,65,Kisumu,Tier_3,0,0
CUST_03082,2024-11-05 20:58:31.422284,30,Nairobi,Tier_3,1,0
CUST_03083,2024-11-06 02:13:56.807361,26,Nakuru,Tier_2,1,0
CUST_03084,2024-11-06 07:29:22.192438,69,Mombasa,Tier_3,1,0
CUST_03085,2024-11-06 12:44:47.577515,53,Mombasa,Tier_2,0,0
CUST_03086,2024-11-06 18:00:12.962592,39,Mombasa,Tier_2,0,1
CUST_03087,2024-11-06 23:15:38.347669,59,Nairobi,Tier_3,0,0
CUST_03088,2024-11-07 04:31:03.732746,43,Nairobi,Tier_2,0,0
CUST_03089,2024-11-07 09:46:29.117823,29,Nairobi,Tier_1,0,0
CUST_03090,2024-11-07 15:01:54.502900,34,Mombasa,Tier_3,1,0
CUST_03091,2024-11-07 20:17:19.887977,31,Nairobi,Tier_3,1,1
CUST_03092,2024-11-08 01:32:45.273054,31,Nairobi,Tier_3,0,0
CUST_03093,2024-11-08 06:48:10.658131,51,Eldoret,Tier_2,0,0
CUST_03094,2024-11-08 12:03:36.043208,37,Nairobi,Tier_2,0,0
CUST_03095,2024-11-08 17:19:01.428285,28,Nakuru,Tier_3,0,0
CUST_03096,2024-11-08 22:34:26.813362,33,Nakuru,Tier_1,0,0
CUST_03097,2024-11-09 03:49:52.198439,68,Nairobi,Tier_2,1,0
CUST_03098,2024-11-09 09:05:17.583516,48,Nairobi,Tier_2,0,0
CUST_03099,2024-11-09 14:20:42.968593,23,Nairobi,Tier_2,0,0
CUST_03100,2024-11-09 19:36:08.353670,36,Kisumu,Tier_2,0,0
CUST_03101,2024-11-10 00:51:33.738747,54,Kisumu,Tier_1,0,0
CUST_03102,2024-11-10 06:06:59.123824,21,Nakuru,Tier_2,1,0
CUST_03103,2024-11-10 11:22:24.508901,64,Eldoret,Tier_2,0,0
CUST_03104,2024-11-10 16:37:49.893978,21,Kisumu,Tier_1,1,0
CUST_03105,2024-11-10 21:53:15.279055,37,Nairobi,Tier_2,0,0
CUST_03106,2024-11-11 03:08:40.664132,27,Nairobi,Tier_3,1,0
CUST_03107,2024-11-11 08:24:06.049209,41,Nakuru,Tier_2,0,0
CUST_03108,2024-11-11 13:39:31.434286,52,Nairobi,Tier_2,0,0
CUST_03109,2024-11-11 18:54:56.819363,43,Nairobi,Tier_3,1,0
CUST_03110,2024-11-12 00:10:22.204440,54,Kisumu,Tier_2,1,0
CUST_03111,2024-11-12 05:25:47.589517,55,Mombasa,Tier_2,1,0
CUST_03112,2024-11-12 10:41:12.974594,38,Eldoret,Tier_2,0,0
CUST_03113,2024-11-12 15:56:38.359671,57,Kisumu,Tier_3,1,0
CUST_03114,2024-11-12 21:12:03.744748,56,Nairobi,Tier_3,1,0
CUST_03115,2024-11-13 02:27:29.129825,38,Eldoret,Tier_3,0,0
CUST_03116,2024-11-13 07:42:54.514902,27,Nairobi,Tier_3,1,1
CUST_03117,2024-11-13 12:58:19.899980,55,Nairobi,Tier_2,0,0
CUST_03118,2024-11-13 18:13:45.285057,63,Mombasa,Tier_1,0,0
CUST_03119,2024-11-13 23:29:10.670134,21,Nairobi,Tier_2,0,0
CUST_03120,2024-11-14 04:44:36.055211,62,Mombasa,Tier_1,1,0
CUST_03121,2024-11-14 10:00:01.440288,37,Nairobi,Tier_3,0,0
CUST_03122,2024-11-14 15:15:26.825365,34,Mombasa,Tier_2,0,0
CUST_03123,2024-11-14 20:30:52.210442,24,Nairobi,Tier_1,0,0
CUST_03124,2024-11-15 01:46:17.595519,21,Nakuru,Tier_3,0,0
CUST_03125,2024-11-15 07:01:42.980596,46,Nakuru,Tier_2,0,0
CUST_03126,2024-11-15 12:17:08.365673,31,Nairobi,Tier_2,0,0
CUST_03127,2024-11-15 17:32:33.750750,20,Nairobi,Tier_2,1,0
CUST_03128,2024-11-15 22:47:59.135827,41,Nairobi,Tier_2,1,0
CUST_03129,2024-11-16 04:03:24.520904,54,Nairobi,Tier_2,1,0
CUST_03130,2024-11-16 09:18:49.905981,33,Nakuru,Tier_1,1,0
CUST_03131,2024-11-16 14:34:15.291058,69,Kisumu,Tier_2,0,0
CUST_03132,2024-11-16 19:49:40.676135,21,Nairobi,Tier_3,0,0
CUST_03133,2024-11-17 01:05:06.061212,41,Nairobi,Tier_3,0,0
CUST_03134,2024-11-17 06:20:31.446289,51,Nairobi,Tier_2,0,0
CUST_03135,2024-11-17 11:35:56.831366,47,Kisumu,Tier_2,1,0
CUST_03136,2024-11-17 16:51:22.216443,35,Nairobi,Tier_3,0,0
CUST_03137,2024-11-17 22:06:47.601520,36,Eldoret,Tier_3,1,0
CUST_03138,2024-11-18 03:22:12.986597,48,Nakuru,Tier_2,0,0
CUST_03139,2024-11-18 08:37:38.371674,36,Nairobi,Tier_2,1,0
CUST_03140,2024-11-18 13:53:03.756751,66,Mombasa,Tier_3,0,1
CUST_03141,2024-11-18 19:08:29.141828,63,Eldoret,Tier_2,0,0
CUST_03142,2024-11-19 00:23:54.526905,36,Mombasa,Tier_1,1,0
CUST_03143,2024-11-19 05:39:19.911982,39,Nairobi,Tier_2,0,0
CUST_03144,2024-11-19 10:54:45.297059,41,Nairobi,Tier_1,1,0
CUST_03145,2024-11-19 16:10:10.682136,62,Nakuru,Tier_2,0,0
CUST_03146,2024-11-19 21:25:36.067213,29,Kisumu,Tier_2,0,0
CUST_03147,2024-11-20 02:41:01.452290,47,Kisumu,Tier_3,1,0
CUST_03148,2024-11-20 07:56:26.837367,55,Nakuru,Tier_2,0,0
CUST_03149,2024-11-20 13:11:52.222444,48,Nakuru,Tier_2,1,0
CUST_03150,2024-11-20 18:27:17.607521,53,Eldoret,Tier_2,0,0
CUST_03151,2024-11-20 23:42:42.992598,36,Nairobi,Tier_3,0,0
CUST_03152,2024-11-21 04:58:08.377675,65,Mombasa,Tier_1,0,0
CUST_03153,2024-11-21 10:13:33.762752,62,Kisumu,Tier_2,0,0
CUST_03154,2024-11-21 15:28:59.147829,53,Nakuru,Tier_1,0,1
CUST_03155,2024-11-21 20:44:24.532906,47,Kisumu,Tier_3,0,1
CUST_03156,2024-11-22 01:59:49.917983,66,Nairobi,Tier_2,0,0
CUST_03157,2024-11-22 07:15:15.303060,50,Nakuru,Tier_2,0,1
CUST_03158,2024-11-22 12:30:40.688137,35,Kisumu,Tier_2,0,0
CUST_03159,2024-11-22 17:46:06.073214,69,Nairobi,Tier_3,0,0
CUST_03160,2024-11-22 23:01:31.458291,66,Mombasa,Tier_2,0,0
CUST_03161,2024-11-23 04:16:56.843368,45,Nairobi,Tier_3,0,0
CUST_03162,2024-11-23 09:32:22.228445,64,Nairobi,Tier_3,0,0
CUST_03163,2024-11-23 14:47:47.613522,28,Nairobi,Tier_3,0,0
CUST_03164,2024-11-23 20:03:12.998599,62,Mombasa,Tier_2,0,0
CUST_03165,2024-11-24 01:18:38.383676,50,Mombasa,Tier_3,1,0
CUST_03166,2024-11-24 06:34:03.768753,34,Kisumu,Tier_1,1,0
CUST_03167,2024-11-24 11:49:29.153830,23,Kisumu,Tier_2,0,0
CUST_03168,2024-11-24 17:04:54.538907,21,Nakuru,Tier_3,0,0
CUST_03169,2024-11-24 22:20:19.923984,37,Nairobi,Tier_2,1,0
CUST_03170,2024-11-25 03:35:45.309061,65,Nairobi,Tier_2,0,0
CUST_03171,2024-11-25 08:51:10.694138,64,Nakuru,Tier_2,1,0
CUST_03172,2024-11-25 14:06:36.079215,44,Nairobi,Tier_2,1,1
CUST_03173,2024-11-25 19:22:01.464292,32,Eldoret,Tier_2,0,0
CUST_03174,2024-11-26 00:37:26.849369,23,Nakuru,Tier_3,0,0
CUST_03175,2024-11-26 05:52:52.234446,64,Mombasa,Tier_3,1,0
CUST_03176,2024-11-26 11:08:17.619523,31,Eldoret,Tier_2,1,0
CUST_03177,2024-11-26 16:23:43.004600,28,Nairobi,Tier_2,0,0
CUST_03178,2024-11-26 21:39:08.389677,56,Nairobi,Tier_3,0,0
CUST_03179,2024-11-27 02:54:33.774754,26,Kisumu,Tier_2,0,0
CUST_03180,2024-11-27 08:09:59.159831,43,Nairobi,Tier_1,0,1
CUST_03181,2024-11-27 13:25:24.544908,33,Eldoret,Tier_1,1,0
CUST_03182,2024-11-27 18:40:49.929986,22,Nairobi,Tier_2,1,1
CUST_03183,2024-11-27 23:56:15.315063,69,Mombasa,Tier_1,0,0
CUST_03184,2024-11-28 05:11:40.700140,27,Mombasa,Tier_1,1,0
CUST_03185,2024-11-28 10:27:06.085217,67,Kisumu,Tier_2,0,1
CUST_03186,2024-11-28 15:42:31.470294,20,Nairobi,Tier_2,0,0
CUST_03187,2024-11-28 20:57:56.855371,30,Nairobi,Tier_2,0,0
CUST_03188,2024-11-29 02:13:22.240448,60,Nakuru,Tier_3,0,0
CUST_03189,2024-11-29 07:28:47.625525,66,Nairobi,Tier_3,0,0
CUST_03190,2024-11-29 12:44:13.010602,47,Nakuru,Tier_2,0,0
CUST_03191,2024-11-29 17:59:38.395679,62,Mombasa,Tier_2,1,0
CUST_03192,2024-11-29 23:15:03.780756,23,Nakuru,Tier_3,1,0
CUST_03193,2024-11-30 04:30:29.165833,34,Kisumu,Tier_1,0,1
CUST_03194,2024-11-30 09:45:54.550910,62,Nairobi,Tier_3,0,0
CUST_03195,2024-11-30 15:01:19.935987,68,Mombasa,Tier_1,0,0
CUST_03196,2024-11-30 20:16:45.321064,36,Nakuru,Tier_3,1,0
CUST_03197,2024-12-01 01:32:10.706141,59,Mombasa,Tier_2,0,0
CUST_03198,2024-12-01 06:47:36.091218,52,Eldoret,Tier_2,0,0
CUST_03199,2024-12-01 12:03:01.476295,63,Mombasa,Tier_3,0,0
CUST_03200,2024-12-01 17:18:26.861372,43,Nairobi,Tier_2,0,0
CUST_03201,2024-12-01 22:33:52.246449,68,Nairobi,Tier_2,0,0
CUST_03202,2024-12-02 03:49:17.631526,22,Eldoret,Tier_2,1,0
CUST_03203,2024-12-02 09:04:43.016603,46,Nairobi,Tier_3,1,0
CUST_03204,2024-12-02 14:20:08.401680,54,Nakuru,Tier_1,0,0
CUST_03205,2024-12-02 19:35:33.786757,37,Nakuru,Tier_1,0,0
CUST_03206,2024-12-03 00:50:59.171834,66,Nairobi,Tier_2,0,1
CUST_03207,2024-12-03 06:06:24.556911,38,Nairobi,Tier_1,1,0
CUST_03208,2024-12-03 11:21:49.941988,27,Kisumu,Tier_2,0,0
CUST_03209,2024-12-03 16:37:15.327065,22,Nairobi,Tier_2,0,0
CUST_03210,2024-12-03 21:52:40.712142,53,Nakuru,Tier_2,0,1
CUST_03211,2024-12-04 03:08:06.097219,23,Mombasa,Tier_1,0,0
CUST_03212,2024-12-04 08:23:31.482296,43,Mombasa,Tier_2,0,0
CUST_03213,2024-12-04 13:38:56.867373,21,Nakuru,Tier_1,0,0
CUST_03214,2024-12-04 18:54:22.252450,56,Nairobi,Tier_1,0,0
CUST_03215,2024-12-05 00:09:47.637527,56,Mombasa,Tier_1,0,0
CUST_03216,2024-12-05 05:25:13.022604,67,Nairobi,Tier_3,0,0
CUST_03217,2024-12-05 10:40:38.407681,52,Nairobi,Tier_1,0,0
CUST_03218,2024-12-05 15:56:03.792758,18,Mombasa,Tier_3,0,0
CUST_03219,2024-12-05 21:11:29.177835,41,Nakuru,Tier_1,0,0
CUST_03220,2024-12-06 02:26:54.562912,53,Nairobi,Tier_1,0,1
CUST_03221,2024-12-06 07:42:19.947989,23,Mombasa,Tier_2,1,0
CUST_03222,2024-12-06 12:57:45.333066,58,Kisumu,Tier_2,0,0
CUST_03223,2024-12-06 18:13:10.718143,63,Nairobi,Tier_3,0,0
CUST_03224,2024-12-06 23:28:36.103220,61,Nairobi,Tier_3,0,0
CUST_03225,2024-12-07 04:44:01.488297,48,Eldoret,Tier_3,0,0
CUST_03226,2024-12-07 09:59:26.873374,37,Kisumu,Tier_2,0,0
CUST_03227,2024-12-07 15:14:52.258451,41,Mombasa,Tier_2,1,0
CUST_03228,2024-12-07 20:30:17.643528,42,Kisumu,Tier_2,0,0
CUST_03229,2024-12-08 01:45:43.028605,53,Nairobi,Tier_3,0,0
CUST_03230,2024-12-08 07:01:08.413682,38,Kisumu,Tier_2,1,0
CUST_03231,2024-12-08 12:16:33.798759,47,Mombasa,Tier_2,1,0
CUST_03232,2024-12-08 17:31:59.183836,41,Mombasa,Tier_2,1,0
CUST_03233,2024-12-08 22:47:24.568913,61,Nairobi,Tier_1,1,0
CUST_03234,2024-12-09 04:02:49.953990,59,Nairobi,Tier_3,1,0
CUST_03235,2024-12-09 09:18:15.339067,47,Nairobi,Tier_2,0,0
CUST_03236,2024-12-09 14:33:40.724144,39,Eldoret,Tier_2,0,0
CUST_03237,2024-12-09 19:49:06.109221,45,Mombasa,Tier_1,0,1
CUST_03238,2024-12-10 01:04:31.494298,24,Mombasa,Tier_3,1,1
CUST_03239,2024-12-10 06:19:56.879375,52,Nairobi,Tier_1,1,0
CUST_03240,2024-12-10 11:35:22.264452,45,Nairobi,Tier_3,0,1
CUST_03241,2024-12-10 16:50:47.649529,31,Kisumu,Tier_1,0,0
CUST_03242,2024-12-10 22:06:13.034606,27,Mombasa,Tier_3,1,0
CUST_03243,2024-12-11 03:21:38.419683,33,Mombasa,Tier_3,1,1
CUST_03244,2024-12-11 08:37:03.804760,33,Nairobi,Tier_1,0,1
CUST_03245,2024-12-11 13:52:29.189837,48,Kisumu,Tier_2,1,0
CUST_03246,2024-12-11 19:07:54.574914,59,Nairobi,Tier_2,0,0
CUST_03247,2024-12-12 00:23:19.959992,42,Nairobi,Tier_1,0,0
CUST_03248,2024-12-12 05:38:45.345069,30,Mombasa,Tier_3,0,0
CUST_03249,2024-12-12 10:54:10.730146,23,Nairobi,Tier_2,0,1
CUST_03250,2024-12-12 16:09:36.115223,61,Nairobi,Tier_2,0,0
CUST_03251,2024-12-12 21:25:01.500300,26,Kisumu,Tier_1,1,0
CUST_03252,2024-12-13 02:40:26.885377,62,Kisumu,Tier_2,1,0
CUST_03253,2024-12-13 07:55:52.270454,53,Nakuru,Tier_3,1,0
CUST_03254,2024-12-13 13:11:17.655531,60,Mombasa,Tier_2,0,0
CUST_03255,2024-12-13 18:26:43.040608,37,Nairobi,Tier_3,0,0
CUST_03256,2024-12-13 23:42:08.425685,35,Nairobi,Tier_3,0,0
CUST_03257,2024-12-14 04:57:33.810762,60,Eldoret,Tier_1,0,0
CUST_03258,2024-12-14 10:12:59.195839,38,Mombasa,Tier_1,0,0
CUST_03259,2024-12-14 15:28:24.580916,21,Kisumu,Tier_3,0,0
CUST_03260,2024-12-14 20:43:49.965993,67,Nairobi,Tier_2,0,0
CUST_03261,2024-12-15 01:59:15.351070,50,Mombasa,Tier_1,1,0
CUST_03262,2024-12-15 07:14:40.736147,44,Nairobi,Tier_2,0,0
CUST_03263,2024-12-15 12:30:06.121224,24,Mombasa,Tier_2,1,0
CUST_03264,2024-12-15 17:45:31.506301,23,Eldoret,Tier_3,0,1
CUST_03265,2024-12-15 23:00:56.891378,32,Eldoret,Tier_1,1,0
CUST_03266,2024-12-16 04:16:22.276455,35,Mombasa,Tier_1,0,0
CUST_03267,2024-12-16 09:31:47.661532,49,Mombasa,Tier_3,0,0
CUST_03268,2024-12-16 14:47:13.046609,28,Eldoret,Tier_3,0,0
CUST_03269,2024-12-16 20:02:38.431686,37,Kisumu,Tier_2,1,0
CUST_03270,2024-12-17 01:18:03.816763,41,Nairobi,Tier_3,0,0
CUST_03271,2024-12-17 06:33:29.201840,32,Mombasa,Tier_2,0,0
CUST_03272,2024-12-17 11:48:54.586917,65,Nairobi,Tier_3,1,0
CUST_03273,2024-12-17 17:04:19.971994,24,Mombasa,Tier_2,0,1
CUST_03274,2024-12-17 22:19:45.357071,38,Mombasa,Tier_2,0,0
CUST_03275,2024-12-18 03:35:10.742148,59,Mombasa,Tier_3,0,0
CUST_03276,2024-12-18 08:50:36.127225,43,Nairobi,Tier_2,0,0
CUST_03277,2024-12-18 14:06:01.512302,61,Nairobi,Tier_3,0,1
CUST_03278,2024-12-18 19:21:26.897379,31,Mombasa,Tier_2,0,0
CUST_03279,2024-12-19 00:36:52.282456,54,Nakuru,Tier_3,0,0
CUST_03280,2024-12-19 05:52:17.667533,38,Kisumu,Tier_3,0,0
CUST_03281,2024-12-19 11:07:43.052610,35,Nairobi,Tier_2,1,0
CUST_03282,2024-12-19 16:23:08.437687,22,Eldoret,Tier_3,0,0
CUST_03283,2024-12-19 21:38:33.822764,20,Eldoret,Tier_2,0,0
CUST_03284,2024-12-20 02:53:59.207841,40,Nairobi,Tier_3,0,0
CUST_03285,2024-12-20 08:09:24.592918,43,Nairobi,Tier_2,0,0
CUST_03286,2024-12-20 13:24:49.977995,54,Kisumu,Tier_3,0,0
CUST_03287,2024-12-20 18:40:15.363072,41,Nakuru,Tier_2,0,0
CUST_03288,2024-12-20 23:55:40.748149,66,Eldoret,Tier_2,0,0
CUST_03289,2024-12-21 05:11:06.133226,36,Nakuru,Tier_1,1,0
CUST_03290,2024-12-21 10:26:31.518303,68,Kisumu,Tier_2,0,0
CUST_03291,2024-12-21 15:41:56.903380,42,Mombasa,Tier_3,0,0
CUST_03292,2024-12-21 20:57:22.288457,38,Nairobi,Tier_2,0,0
CUST_03293,2024-12-22 02:12:47.673534,29,Nairobi,Tier_2,0,0
CUST_03294,2024-12-22 07:28:13.058611,58,Mombasa,Tier_2,1,0
CUST_03295,2024-12-22 12:43:38.443688,50,Kisumu,Tier_2,0,0
CUST_03296,2024-12-22 17:59:03.828765,67,Mombasa,Tier_1,0,0
CUST_03297,2024-12-22 23:14:29.213842,21,Kisumu,Tier_3,0,0
CUST_03298,2024-12-23 04:29:54.598919,59,Nairobi,Tier_3,0,0
CUST_03299,2024-12-23 09:45:19.983996,24,Mombasa,Tier_2,0,0
CUST_03300,2024-12-23 15:00:45.369073,39,Nairobi,Tier_1,0,0
CUST_03301,2024-12-23 20:16:10.754150,50,Mombasa,Tier_1,0,0
CUST_03302,2024-12-24 01:31:36.139227,34,Nakuru,Tier_2,0,0
CUST_03303,2024-12-24 06:47:01.524304,41,Kisumu,Tier_2,0,0
CUST_03304,2024-12-24 12:02:26.909381,51,Eldoret,Tier_3,0,0
CUST_03305,2024-12-24 17:17:52.294458,45,Nairobi,Tier_2,0,1
CUST_03306,2024-12-24 22:33:17.679535,60,Mombasa,Tier_3,0,0
CUST_03307,2024-12-25 03:48:43.064612,58,Nairobi,Tier_2,1,0
CUST_03308,2024-12-25 09:04:08.449689,56,Mombasa,Tier_2,0,0
CUST_03309,2024-12-25 14:19:33.834766,39,Nakuru,Tier_2,1,0
CUST_03310,2024-12-25 19:34:59.219843,66,Kisumu,Tier_1,0,0
CUST_03311,2024-12-26 00:50:24.604920,34,Nakuru,Tier_2,1,0
CUST_03312,2024-12-26 06:05:49.989998,51,Nairobi,Tier_3,0,0
CUST_03313,2024-12-26 11:21:15.375075,23,Nakuru,Tier_2,0,1
CUST_03314,2024-12-26 16:36:40.760152,63,Nairobi,Tier_3,1,0
CUST_03315,2024-12-26 21:52:06.145229,23,Nakuru,Tier_2,1,0
CUST_03316,2024-12-27 03:07:31.530306,51,Nairobi,Tier_1,0,0
CUST_03317,2024-12-27 08:22:56.915383,18,Nairobi,Tier_2,0,0
CUST_03318,2024-12-27 13:38:22.300460,27,Mombasa,Tier_2,0,0
CUST_03319,2024-12-27 18:53:47.685537,38,Eldoret,Tier_2,1,0
CUST_03320,2024-12-28 00:09:13.070614,22,Nairobi,Tier_1,0,0
CUST_03321,2024-12-28 05:24:38.455691,19,Nairobi,Tier_2,0,0
CUST_03322,2024-12-28 10:40:03.840768,39,Nakuru,Tier_1,1,0
CUST_03323,2024-12-28 15:55:29.225845,65,Nairobi,Tier_1,1,0
CUST_03324,2024-12-28 21:10:54.610922,19,Nairobi,Tier_2,0,0
CUST_03325,2024-12-29 02:26:19.995999,27,Mombasa,Tier_2,0,0
CUST_03326,2024-12-29 07:41:45.381076,51,Nairobi,Tier_3,1,1
CUST_03327,2024-12-29 12:57:10.766153,33,Eldoret,Tier_2,0,0
CUST_03328,2024-12-29 18:12:36.151230,65,Nakuru,Tier_3,1,0
CUST_03329,2024-12-29 23:28:01.536307,68,Mombasa,Tier_2,0,0
CUST_03330,2024-12-30 04:43:26.921384,56,Eldoret,Tier_3,0,0
CUST_03331,2024-12-30 09:58:52.306461,39,Mombasa,Tier_2,0,0
CUST_03332,2024-12-30 15:14:17.691538,29,Nairobi,Tier_3,0,0
CUST_03333,2024-12-30 20:29:43.076615,41,Nairobi,Tier_2,1,0
CUST_03334,2024-12-31 01:45:08.461692,64,Mombasa,Tier_3,0,0
CUST_03335,2024-12-31 07:00:33.846769,57,Nairobi,Tier_2,0,0
CUST_03336,2024-12-31 12:15:59.231846,55,Eldoret,Tier_1,0,1
CUST_03337,2024-12-31 17:31:24.616923,27,Nakuru,Tier_2,0,0
CUST_03338,2024-12-31 22:46:50.002000,52,Nairobi,Tier_1,0,0
CUST_03339,2025-01-01 04:02:15.387077,68,Mombasa,Tier_2,0,0
CUST_03340,2025-01-01 09:17:40.772154,66,Kisumu,Tier_1,0,0
CUST_03341,2025-01-01 14:33:06.157231,49,Eldoret,Tier_2,1,0
CUST_03342,2025-01-01 19:48:31.542308,24,Nakuru,Tier_3,1,0
CUST_03343,2025-01-02 01:03:56.927385,38,Mombasa,Tier_2,0,0
CUST_03344,2025-01-02 06:19:22.312462,37,Nakuru,Tier_3,0,0
CUST_03345,2025-01-02 11:34:47.697539,43,Mombasa,Tier_2,0,0
CUST_03346,2025-01-02 16:50:13.082616,21,Mombasa,Tier_2,0,0
CUST_03347,2025-01-02 22:05:38.467693,63,Nairobi,Tier_3,1,0
CUST_03348,2025-01-03 03:21:03.852770,69,Nairobi,Tier_3,0,0
CUST_03349,2025-01-03 08:36:29.237847,39,Mombasa,Tier_3,0,0
CUST_03350,2025-01-03 13:51:54.622924,32,Nairobi,Tier_2,0,0
CUST_03351,2025-01-03 19:07:20.008001,57,Nairobi,Tier_2,0,0
CUST_03352,2025-01-04 00:22:45.393078,38,Kisumu,Tier_2,0,0
CUST_03353,2025-01-04 05:38:10.778155,32,Nairobi,Tier_2,0,0
CUST_03354,2025-01-04 10:53:36.163232,39,Mombasa,Tier_2,0,0
CUST_03355,2025-01-04 16:09:01.548309,69,Mombasa,Tier_3,1,1
CUST_03356,2025-01-04 21:24:26.933386,45,Eldoret,Tier_3,1,0
CUST_03357,2025-01-05 02:39:52.318463,31,Mombasa,Tier_2,1,0
CUST_03358,2025-01-05 07:55:17.703540,44,Nairobi,Tier_1,1,0
CUST_03359,2025-01-05 13:10:43.088617,58,Mombasa,Tier_3,0,0
CUST_03360,2025-01-05 18:26:08.473694,57,Nakuru,Tier_1,1,0
CUST_03361,2025-01-05 23:41:33.858771,45,Eldoret,Tier_2,0,1
CUST_03362,2025-01-06 04:56:59.243848,43,Mombasa,Tier_1,0,0
CUST_03363,2025-01-06 10:12:24.628925,66,Nairobi,Tier_2,1,0
CUST_03364,2025-01-06 15:27:50.014002,19,Eldoret,Tier_3,0,0
CUST_03365,2025-01-06 20:43:15.399079,42,Nairobi,Tier_1,1,0
CUST_03366,2025-01-07 01:58:40.784156,20,Kisumu,Tier_2,0,0
CUST_03367,2025-01-07 07:14:06.169233,25,Mombasa,Tier_2,1,0
CUST_03368,2025-01-07 12:29:31.554310,61,Nairobi,Tier_3,0,0
CUST_03369,2025-01-07 17:44:56.939387,50,Nairobi,Tier_3,0,0
CUST_03370,2025-01-07 23:00:22.324464,59,Nairobi,Tier_2,0,0
CUST_03371,2025-01-08 04:15:47.709541,69,Kisumu,Tier_1,1,0
CUST_03372,2025-01-08 09:31:13.094618,52,Eldoret,Tier_2,0,0
CUST_03373,2025-01-08 14:46:38.479695,23,Nairobi,Tier_2,0,0
CUST_03374,2025-01-08 20:02:03.864772,56,Nakuru,Tier_2,0,1
CUST_03375,2025-01-09 01:17:29.249849,69,Nairobi,Tier_1,0,0
CUST_03376,2025-01-09 06:32:54.634926,40,Mombasa,Tier_1,0,1
CUST_03377,2025-01-09 11:48:20.020004,42,Nairobi,Tier_2,0,1
CUST_03378,2025-01-09 17:03:45.405081,67,Eldoret,Tier_2,1,0
CUST_03379,2025-01-09 22:19:10.790158,60,Nakuru,Tier_3,0,0
CUST_03380,2025-01-10 03:34:36.175235,36,Kisumu,Tier_1,0,0
CUST_03381,2025-01-10 08:50:01.560312,22,Nakuru,Tier_2,0,0
CUST_03382,2025-01-10 14:05:26.945389,68,Kisumu,Tier_3,0,0
CUST_03383,2025-01-10 19:20:52.330466,28,Eldoret,Tier_2,0,0
CUST_03384,2025-01-11 00:36:17.715543,29,Kisumu,Tier_3,1,0
CUST_03385,2025-01-11 05:51:43.100620,27,Eldoret,Tier_1,0,0
CUST_03386,2025-01-11 11:07:08.485697,25,Mombasa,Tier_2,0,0
CUST_03387,2025-01-11 16:22:33.870774,41,Nairobi,Tier_3,0,0
CUST_03388,2025-01-11 21:37:59.255851,45,Mombasa,Tier_2,0,0
CUST_03389,2025-01-12 02:53:24.640928,58,Nairobi,Tier_3,0,0
CUST_03390,2025-01-12 08:08:50.026005,53,Mombasa,Tier_2,0,0
CUST_03391,2025-01-12 13:24:15.411082,54,Mombasa,Tier_2,1,0
CUST_03392,2025-01-12 18:39:40.796159,38,Kisumu,Tier_2,0,0
CUST_03393,2025-01-12 23:55:06.181236,25,Nairobi,Tier_2,0,0
CUST_03394,2025-01-13 05:10:31.566313,26,Nairobi,Tier_1,0,0
CUST_03395,2025-01-13 10:25:56.951390,64,Mombasa,Tier_2,0,0
CUST_03396,2025-01-13 15:41:22.336467,32,Eldoret,Tier_2,1,1
CUST_03397,2025-01-13 20:56:47.721544,65,Nairobi,Tier_2,0,1
CUST_03398,2025-01-14 02:12:13.106621,63,Mombasa,Tier_3,1,0
CUST_03399,2025-01-14 07:27:38.491698,57,Kisumu,Tier_2,0,0
CUST_03400,2025-01-14 12:43:03.876775,35,Kisumu,Tier_3,0,1
CUST_03401,2025-01-14 17:58:29.261852,59,Nairobi,Tier_2,0,0
CUST_03402,2025-01-14 23:13:54.646929,37,Mombasa,Tier_2,0,0
CUST_03403,2025-01-15 04:29:20.032006,23,Nairobi,Tier_3,0,0
CUST_03404,2025-01-15 09:44:45.417083,29,Eldoret,Tier_2,0,0
CUST_03405,2025-01-15 15:00:10.802160,19,Nairobi,Tier_2,0,0
CUST_03406,2025-01-15 20:15:36.187237,24,Nairobi,Tier_1,0,0
CUST_03407,2025-01-16 01:31:01.572314,33,Nairobi,Tier_2,0,0
CUST_03408,2025-01-16 06:46:26.957391,20,Nairobi,Tier_2,0,1
CUST_03409,2025-01-16 12:01:52.342468,62,Nakuru,Tier_3,1,1
CUST_03410,2025-01-16 17:17:17.727545,20,Nairobi,Tier_2,0,0
CUST_03411,2025-01-16 22:32:43.112622,44,Nairobi,Tier_3,1,0
CUST_03412,2025-01-17 03:48:08.497699,67,Mombasa,Tier_2,0,0
CUST_03413,2025-01-17 09:03:33.882776,60,Nairobi,Tier_2,0,0
CUST_03414,2025-01-17 14:18:59.267853,57,Nairobi,Tier_2,0,0
CUST_03415,2025-01-17 19:34:24.652930,55,Nakuru,Tier_3,0,0
CUST_03416,2025-01-18 00:49:50.038007,50,Nakuru,Tier_3,0,0
CUST_03417,2025-01-18 06:05:15.423084,45,Eldoret,Tier_1,0,0
CUST_03418,2025-01-18 11:20:40.808161,18,Nakuru,Tier_2,0,0
CUST_03419,2025-01-18 16:36:06.193238,25,Kisumu,Tier_2,0,1
CUST_03420,2025-01-18 21:51:31.578315,54,Nairobi,Tier_1,1,0
CUST_03421,2025-01-19 03:06:56.963392,49,Nakuru,Tier_2,0,0
CUST_03422,2025-01-19 08:22:22.348469,65,Nakuru,Tier_3,0,0
CUST_03423,2025-01-19 13:37:47.733546,60,Nakuru,Tier_2,0,0
CUST_03424,2025-01-19 18:53:13.118623,54,Mombasa,Tier_3,1,0
CUST_03425,2025-01-20 00:08:38.503700,21,Nairobi,Tier_2,0,0
CUST_03426,2025-01-20 05:24:03.888777,47,Nakuru,Tier_2,0,1
CUST_03427,2025-01-20 10:39:29.273854,23,Kisumu,Tier_1,1,0
CUST_03428,2025-01-20 15:54:54.658931,63,Eldoret,Tier_3,1,1
CUST_03429,2025-01-20 21:10:20.044008,36,Nairobi,Tier_3,0,0
CUST_03430,2025-01-21 02:25:45.429085,49,Nairobi,Tier_2,0,0
CUST_03431,2025-01-21 07:41:10.814162,26,Nairobi,Tier_1,1,0
CUST_03432,2025-01-21 12:56:36.199239,29,Nakuru,Tier_2,1,0
CUST_03433,2025-01-21 18:12:01.584316,28,Nairobi,Tier_1,0,0
CUST_03434,2025-01-21 23:27:26.969393,63,Nairobi,Tier_2,0,1
CUST_03435,2025-01-22 04:42:52.354470,33,Eldoret,Tier_3,0,0
CUST_03436,2025-01-22 09:58:17.739547,18,Nairobi,Tier_1,0,0
CUST_03437,2025-01-22 15:13:43.124624,62,Nakuru,Tier_3,0,0
CUST_03438,2025-01-22 20:29:08.509701,38,Nairobi,Tier_2,0,1
CUST_03439,2025-01-23 01:44:33.894778,47,Nakuru,Tier_2,1,0
CUST_03440,2025-01-23 06:59:59.279855,30,Mombasa,Tier_3,1,0
CUST_03441,2025-01-23 12:15:24.664932,51,Eldoret,Tier_1,0,0
CUST_03442,2025-01-23 17:30:50.050010,21,Eldoret,Tier_3,0,0
CUST_03443,2025-01-23 22:46:15.435087,45,Nairobi,Tier_1,0,0
CUST_03444,2025-01-24 04:01:40.820164,55,Nairobi,Tier_2,0,0
CUST_03445,2025-01-24 09:17:06.205241,48,Nairobi,Tier_3,0,0
CUST_03446,2025-01-24 14:32:31.590318,44,Kisumu,Tier_3,0,0
CUST_03447,2025-01-24 19:47:56.975395,22,Nakuru,Tier_2,0,0
CUST_03448,2025-01-25 01:03:22.360472,42,Mombasa,Tier_2,0,0
CUST_03449,2025-01-25 06:18:47.745549,20,Kisumu,Tier_3,1,0
CUST_03450,2025-01-25 11:34:13.130626,50,Nairobi,Tier_3,0,0
CUST_03451,2025-01-25 16:49:38.515703,21,Nakuru,Tier_1,0,0
CUST_03452,2025-01-25 22:05:03.900780,42,Eldoret,Tier_3,1,0
CUST_03453,2025-01-26 03:20:29.285857,37,Nairobi,Tier_2,0,0
CUST_03454,2025-01-26 08:35:54.670934,51,Mombasa,Tier_2,0,1
CUST_03455,2025-01-26 13:51:20.056011,43,Nairobi,Tier_2,0,0
CUST_03456,2025-01-26 19:06:45.441088,22,Mombasa,Tier_2,1,0
CUST_03457,2025-01-27 00:22:10.826165,52,Mombasa,Tier_3,0,0
CUST_03458,2025-01-27 05:37:36.211242,45,Nairobi,Tier_2,0,1
CUST_03459,2025-01-27 10:53:01.596319,46,Mombasa,Tier_3,0,1
CUST_03460,2025-01-27 16:08:26.981396,26,Nairobi,Tier_1,0,0
CUST_03461,2025-01-27 21:23:52.366473,69,Mombasa,Tier_3,0,0
CUST_03462,2025-01-28 02:39:17.751550,55,Mombasa,Tier_3,0,0
CUST_03463,2025-01-28 07:54:43.136627,67,Nairobi,Tier_2,1,0
CUST_03464,2025-01-28 13:10:08.521704,23,Nakuru,Tier_2,1,0
CUST_03465,2025-01-28 18:25:33.906781,36,Kisumu,Tier_2,0,0
CUST_03466,2025-01-28 23:40:59.291858,61,Nairobi,Tier_3,0,0
CUST_03467,2025-01-29 04:56:24.676935,28,Nairobi,Tier_3,0,1
CUST_03468,2025-01-29 10:11:50.062012,19,Nakuru,Tier_1,1,0
CUST_03469,2025-01-29 15:27:15.447089,64,Eldoret,Tier_3,0,0
CUST_03470,2025-01-29 20:42:40.832166,61,Nairobi,Tier_2,0,0
CUST_03471,2025-01-30 01:58:06.217243,61,Nairobi,Tier_2,1,0
CUST_03472,2025-01-30 07:13:31.602320,26,Nairobi,Tier_3,1,0
CUST_03473,2025-01-30 12:28:56.987397,38,Mombasa,Tier_2,0,0
CUST_03474,2025-01-30 17:44:22.372474,41,Nairobi,Tier_3,1,0
CUST_03475,2025-01-30 22:59:47.757551,51,Nairobi,Tier_2,1,0
CUST_03476,2025-01-31 04:15:13.142628,39,Kisumu,Tier_1,0,0
CUST_03477,2025-01-31 09:30:38.527705,20,Mombasa,Tier_2,0,0
CUST_03478,2025-01-31 14:46:03.912782,29,Nairobi,Tier_1,1,1
CUST_03479,2025-01-31 20:01:29.297859,45,Mombasa,Tier_3,0,0
CUST_03480,2025-02-01 01:16:54.682936,47,Mombasa,Tier_2,0,0
CUST_03481,2025-02-01 06:32:20.068013,43,Nairobi,Tier_2,0,0
CUST_03482,2025-02-01 11:47:45.453090,65,Nairobi,Tier_1,1,0
CUST_03483,2025-02-01 17:03:10.838167,38,Nakuru,Tier_2,1,0
CUST_03484,2025-02-01 22:18:36.223244,45,Nairobi,Tier_3,0,0
CUST_03485,2025-02-02 03:34:01.608321,43,Kisumu,Tier_1,1,1
CUST_03486,2025-02-02 08:49:26.993398,50,Eldoret,Tier_2,1,0
CUST_03487,2025-02-02 14:04:52.378475,38,Nairobi,Tier_3,1,0
CUST_03488,2025-02-02 19:20:17.763552,52,Nairobi,Tier_2,0,0
CUST_03489,2025-02-03 00:35:43.148629,69,Mombasa,Tier_3,0,0
CUST_03490,2025-02-03 05:51:08.533706,51,Nakuru,Tier_1,0,0
CUST_03491,2025-02-03 11:06:33.918783,58,Eldoret,Tier_2,0,0
CUST_03492,2025-02-03 16:21:59.303860,68,Kisumu,Tier_3,0,0
CUST_03493,2025-02-03 21:37:24.688937,64,Nairobi,Tier_3,1,0
CUST_03494,2025-02-04 02:52:50.074014,35,Kisumu,Tier_2,0,0
CUST_03495,2025-02-04 08:08:15.459091,28,Mombasa,Tier_2,1,0
CUST_03496,2025-02-04 13:23:40.844168,40,Mombasa,Tier_2,0,0
CUST_03497,2025-02-04 18:39:06.229245,65,Nairobi,Tier_1,0,0
CUST_03498,2025-02-04 23:54:31.614322,39,Nairobi,Tier_3,0,0
CUST_03499,2025-02-05 05:09:56.999399,34,Nakuru,Tier_2,0,0
CUST_03500,2025-02-05 10:25:22.384476,22,Mombasa,Tier_2,0,0
CUST_03501,2025-02-05 15:40:47.769553,61,Nairobi,Tier_3,1,0
CUST_03502,2025-02-05 20:56:13.154630,28,Nairobi,Tier_2,0,0
CUST_03503,2025-02-06 02:11:38.539707,47,Nakuru,Tier_2,0,1
CUST_03504,2025-02-06 07:27:03.924784,32,Kisumu,Tier_3,0,0
CUST_03505,2025-02-06 12:42:29.309861,44,Nairobi,Tier_3,0,0
CUST_03506,2025-02-06 17:57:54.694938,52,Nairobi,Tier_2,0,0
CUST_03507,2025-02-06 23:13:20.080016,50,Nairobi,Tier_1,0,0
CUST_03508,2025-02-07 04:28:45.465093,37,Eldoret,Tier_2,0,0
CUST_03509,2025-02-07 09:44:10.850170,33,Mombasa,Tier_2,1,1
CUST_03510,2025-02-07 14:59:36.235247,51,Mombasa,Tier_2,0,0
CUST_03511,2025-02-07 20:15:01.620324,19,Mombasa,Tier_3,1,0
CUST_03512,2025-02-08 01:30:27.005401,52,Nairobi,Tier_3,0,0
CUST_03513,2025-02-08 06:45:52.390478,57,Nakuru,Tier_3,1,0
CUST_03514,2025-02-08 12:01:17.775555,45,Mombasa,Tier_2,0,1
CUST_03515,2025-02-08 17:16:43.160632,64,Nairobi,Tier_3,0,0
CUST_03516,2025-02-08 22:32:08.545709,56,Nairobi,Tier_2,0,0
CUST_03517,2025-02-09 03:47:33.930786,23,Mombasa,Tier_1,1,1
CUST_03518,2025-02-09 09:02:59.315863,26,Eldoret,Tier_1,0,0
CUST_03519,2025-02-09 14:18:24.700940,37,Nairobi,Tier_2,0,0
CUST_03520,2025-02-09 19:33:50.086017,18,Nakuru,Tier_3,0,1
CUST_03521,2025-02-10 00:49:15.471094,25,Nakuru,Tier_2,0,0
CUST_03522,2025-02-10 06:04:40.856171,40,Nairobi,Tier_2,0,1
CUST_03523,2025-02-10 11:20:06.241248,20,Nairobi,Tier_3,0,0
CUST_03524,2025-02-10 16:35:31.626325,21,Nairobi,Tier_1,0,0
CUST_03525,2025-02-10 21:50:57.011402,42,Kisumu,Tier_3,0,1
CUST_03526,2025-02-11 03:06:22.396479,64,Nairobi,Tier_2,0,0
CUST_03527,2025-02-11 08:21:47.781556,55,Nairobi,Tier_1,0,0
CUST_03528,2025-02-11 13:37:13.166633,32,Mombasa,Tier_3,0,0
CUST_03529,2025-02-11 18:52:38.551710,38,Kisumu,Tier_1,1,0
CUST_03530,2025-02-12 00:08:03.936787,52,Nairobi,Tier_2,0,0
CUST_03531,2025-02-12 05:23:29.321864,63,Mombasa,Tier_2,1,0
CUST_03532,2025-02-12 10:38:54.706941,69,Mombasa,Tier_1,0,1
CUST_03533,2025-02-12 15:54:20.092018,31,Mombasa,Tier_1,1,0
CUST_03534,2025-02-12 21:09:45.477095,53,Nakuru,Tier_1,0,0
CUST_03535,2025-02-13 02:25:10.862172,29,Nairobi,Tier_1,0,0
CUST_03536,2025-02-13 07:40:36.247249,34,Nakuru,Tier_3,0,1
CUST_03537,2025-02-13 12:56:01.632326,56,Kisumu,Tier_2,1,0
CUST_03538,2025-02-13 18:11:27.017403,26,Mombasa,Tier_2,0,0
CUST_03539,2025-02-13 23:26:52.402480,52,Kisumu,Tier_2,0,1
CUST_03540,2025-02-14 04:42:17.787557,30,Mombasa,Tier_3,0,0
CUST_03541,2025-02-14 09:57:43.172634,32,Nairobi,Tier_3,0,0
CUST_03542,2025-02-14 15:13:08.557711,35,Kisumu,Tier_3,0,0
CUST_03543,2025-02-14 20:28:33.942788,68,Mombasa,Tier_3,0,1
CUST_03544,2025-02-15 01:43:59.327865,50,Kisumu,Tier_2,0,0
CUST_03545,2025-02-15 06:59:24.712942,23,Nairobi,Tier_2,0,0
CUST_03546,2025-02-15 12:14:50.098019,44,Eldoret,Tier_2,1,0
CUST_03547,2025-02-15 17:30:15.483096,40,Mombasa,Tier_2,0,0
CUST_03548,2025-02-15 22:45:40.868173,44,Nairobi,Tier_2,0,0
CUST_03549,2025-02-16 04:01:06.253250,51,Mombasa,Tier_2,1,0
CUST_03550,2025-02-16 09:16:31.638327,63,Nakuru,Tier_3,0,0
CUST_03551,2025-02-16 14:31:57.023404,55,Nakuru,Tier_3,0,0
CUST_03552,2025-02-16 19:47:22.408481,31,Mombasa,Tier_2,1,0
CUST_03553,2025-02-17 01:02:47.793558,53,Nakuru,Tier_3,0,0
CUST_03554,2025-02-17 06:18:13.178635,25,Nairobi,Tier_2,0,0
CUST_03555,2025-02-17 11:33:38.563712,52,Mombasa,Tier_1,1,0
CUST_03556,2025-02-17 16:49:03.948789,36,Nakuru,Tier_2,1,0
CUST_03557,2025-02-17 22:04:29.333866,47,Nakuru,Tier_2,0,0
CUST_03558,2025-02-18 03:19:54.718943,31,Kisumu,Tier_1,0,0
CUST_03559,2025-02-18 08:35:20.104020,37,Nakuru,Tier_3,0,0
CUST_03560,2025-02-18 13:50:45.489097,66,Nairobi,Tier_2,0,0
CUST_03561,2025-02-18 19:06:10.874174,42,Nakuru,Tier_2,0,0
CUST_03562,2025-02-19 00:21:36.259251,57,Nairobi,Tier_1,0,0
CUST_03563,2025-02-19 05:37:01.644328,41,Nairobi,Tier_1,1,0
CUST_03564,2025-02-19 10:52:27.029405,31,Nairobi,Tier_3,1,0
CUST_03565,2025-02-19 16:07:52.414482,43,Mombasa,Tier_2,0,0
CUST_03566,2025-02-19 21:23:17.799559,55,Nairobi,Tier_3,0,0
CUST_03567,2025-02-20 02:38:43.184636,40,Nairobi,Tier_3,0,0
CUST_03568,2025-02-20 07:54:08.569713,39,Nairobi,Tier_2,0,0
CUST_03569,2025-02-20 13:09:33.954790,65,Nairobi,Tier_2,0,1
CUST_03570,2025-02-20 18:24:59.339867,36,Mombasa,Tier_3,1,1
CUST_03571,2025-02-20 23:40:24.724944,63,Mombasa,Tier_3,0,0
CUST_03572,2025-02-21 04:55:50.110022,68,Nairobi,Tier_2,1,0
CUST_03573,2025-02-21 10:11:15.495099,20,Kisumu,Tier_3,0,0
CUST_03574,2025-02-21 15:26:40.880176,59,Nakuru,Tier_3,0,0
CUST_03575,2025-02-21 20:42:06.265253,36,Nakuru,Tier_2,0,0
CUST_03576,2025-02-22 01:57:31.650330,26,Nairobi,Tier_2,0,0
CUST_03577,2025-02-22 07:12:57.035407,45,Kisumu,Tier_3,1,0
CUST_03578,2025-02-22 12:28:22.420484,37,Nairobi,Tier_2,1,0
CUST_03579,2025-02-22 17:43:47.805561,62,Nairobi,Tier_1,0,0
CUST_03580,2025-02-22 22:59:13.190638,24,Nairobi,Tier_2,0,0
CUST_03581,2025-02-23 04:14:38.575715,31,Nakuru,Tier_1,0,0
CUST_03582,2025-02-23 09:30:03.960792,26,Nairobi,Tier_2,1,0
CUST_03583,2025-02-23 14:45:29.345869,36,Nairobi,Tier_3,1,0
CUST_03584,2025-02-23 20:00:54.730946,64,Nairobi,Tier_1,0,0
CUST_03585,2025-02-24 01:16:20.116023,69,Nakuru,Tier_2,0,0
CUST_03586,2025-02-24 06:31:45.501100,31,Kisumu,Tier_2,0,0
CUST_03587,2025-02-24 11:47:10.886177,55,Nairobi,Tier_2,0,0
CUST_03588,2025-02-24 17:02:36.271254,53,Mombasa,Tier_2,0,0
CUST_03589,2025-02-24 22:18:01.656331,57,Mombasa,Tier_2,0,0
CUST_03590,2025-02-25 03:33:27.041408,34,Kisumu,Tier_1,1,0
CUST_03591,2025-02-25 08:48:52.426485,47,Nairobi,Tier_2,0,0
CUST_03592,2025-02-25 14:04:17.811562,26,Nakuru,Tier_2,0,0
CUST_03593,2025-02-25 19:19:43.196639,50,Nairobi,Tier_2,1,0
CUST_03594,2025-02-26 00:35:08.581716,69,Kisumu,Tier_3,0,1
CUST_03595,2025-02-26 05:50:33.966793,42,Nairobi,Tier_2,0,0
CUST_03596,2025-02-26 11:05:59.351870,31,Nairobi,Tier_1,0,0
CUST_03597,2025-02-26 16:21:24.736947,28,Nairobi,Tier_3,0,0
CUST_03598,2025-02-26 21:36:50.122024,52,Mombasa,Tier_2,0,0
CUST_03599,2025-02-27 02:52:15.507101,58,Nairobi,Tier_2,0,0
CUST_03600,2025-02-27 08:07:40.892178,31,Nakuru,Tier_2,1,0
CUST_03601,2025-02-27 13:23:06.277255,47,Nairobi,Tier_2,0,0
CUST_03602,2025-02-27 18:38:31.662332,58,Kisumu,Tier_3,1,0
CUST_03603,2025-02-27 23:53:57.047409,21,Nakuru,Tier_3,0,0
CUST_03604,2025-02-28 05:09:22.432486,21,Mombasa,Tier_2,1,1
CUST_03605,2025-02-28 10:24:47.817563,45,Kisumu,Tier_2,0,0
CUST_03606,2025-02-28 15:40:13.202640,25,Kisumu,Tier_2,0,0
CUST_03607,2025-02-28 20:55:38.587717,19,Nairobi,Tier_3,0,0
CUST_03608,2025-03-01 02:11:03.972794,58,Nakuru,Tier_3,0,1
CUST_03609,2025-03-01 07:26:29.357871,63,Nairobi,Tier_1,0,0
CUST_03610,2025-03-01 12:41:54.742948,39,Mombasa,Tier_1,1,0
CUST_03611,2025-03-01 17:57:20.128025,58,Kisumu,Tier_2,0,0
CUST_03612,2025-03-01 23:12:45.513102,33,Nairobi,Tier_1,0,0
CUST_03613,2025-03-02 04:28:10.898179,46,Nairobi,Tier_2,0,0
CUST_03614,2025-03-02 09:43:36.283256,66,Mombasa,Tier_1,1,1
CUST_03615,2025-03-02 14:59:01.668333,65,Nakuru,Tier_2,0,0
CUST_03616,2025-03-02 20:14:27.053410,47,Eldoret,Tier_3,1,1
CUST_03617,2025-03-03 01:29:52.438487,29,Mombasa,Tier_3,1,0
CUST_03618,2025-03-03 06:45:17.823564,52,Kisumu,Tier_2,0,0
CUST_03619,2025-03-03 12:00:43.208641,28,Eldoret,Tier_2,0,0
CUST_03620,2025-03-03 17:16:08.593718,63,Nairobi,Tier_3,1,0
CUST_03621,2025-03-03 22:31:33.978795,67,Nairobi,Tier_1,0,0
CUST_03622,2025-03-04 03:46:59.363872,38,Kisumu,Tier_2,0,0
CUST_03623,2025-03-04 09:02:24.748949,38,Nakuru,Tier_2,1,0
CUST_03624,2025-03-04 14:17:50.134026,22,Nakuru,Tier_2,1,0
CUST_03625,2025-03-04 19:33:15.519103,65,Mombasa,Tier_2,1,0
CUST_03626,2025-03-05 00:48:40.904180,37,Nairobi,Tier_1,0,0
CUST_03627,2025-03-05 06:04:06.289257,54,Mombasa,Tier_2,0,0
CUST_03628,2025-03-05 11:19:31.674334,20,Nairobi,Tier_2,0,0
CUST_03629,2025-03-05 16:34:57.059411,61,Nairobi,Tier_2,0,0
CUST_03630,2025-03-05 21:50:22.444488,50,Nakuru,Tier_1,0,1
CUST_03631,2025-03-06 03:05:47.829565,26,Nairobi,Tier_3,0,0
CUST_03632,2025-03-06 08:21:13.214642,26,Nakuru,Tier_2,0,0
CUST_03633,2025-03-06 13:36:38.599719,21,Mombasa,Tier_2,1,0
CUST_03634,2025-03-06 18:52:03.984796,52,Mombasa,Tier_2,1,0
CUST_03635,2025-03-07 00:07:29.369873,34,Nairobi,Tier_2,1,0
CUST_03636,2025-03-07 05:22:54.754950,51,Nairobi,Tier_1,0,0
CUST_03637,2025-03-07 10:38:20.140028,41,Nairobi,Tier_3,0,0
CUST_03638,2025-03-07 15:53:45.525105,49,Eldoret,Tier_1,1,0
CUST_03639,2025-03-07 21:09:10.910182,18,Nakuru,Tier_1,0,0
CUST_03640,2025-03-08 02:24:36.295259,25,Mombasa,Tier_3,0,0
CUST_03641,2025-03-08 07:40:01.680336,62,Nairobi,Tier_2,0,0
CUST_03642,2025-03-08 12:55:27.065413,40,Eldoret,Tier_2,0,0
CUST_03643,2025-03-08 18:10:52.450490,64,Nairobi,Tier_2,0,0
CUST_03644,2025-03-08 23:26:17.835567,57,Nairobi,Tier_2,1,0
CUST_03645,2025-03-09 04:41:43.220644,29,Mombasa,Tier_3,1,1
CUST_03646,2025-03-09 09:57:08.605721,29,Eldoret,Tier_2,0,0
CUST_03647,2025-03-09 15:12:33.990798,63,Nairobi,Tier_2,0,0
CUST_03648,2025-03-09 20:27:59.375875,64,Nairobi,Tier_3,1,1
CUST_03649,2025-03-10 01:43:24.760952,32,Eldoret,Tier_2,0,0
CUST_03650,2025-03-10 06:58:50.146029,58,Nairobi,Tier_2,0,0
CUST_03651,2025-03-10 12:14:15.531106,36,Nairobi,Tier_2,1,0
CUST_03652,2025-03-10 17:29:40.916183,43,Mombasa,Tier_2,1,0
CUST_03653,2025-03-10 22:45:06.301260,69,Nakuru,Tier_3,1,0
CUST_03654,2025-03-11 04:00:31.686337,46,Mombasa,Tier_3,0,0
CUST_03655,2025-03-11 09:15:57.071414,39,Eldoret,Tier_1,0,0
CUST_03656,2025-03-11 14:31:22.456491,57,Kisumu,Tier_1,1,0
CUST_03657,2025-03-11 19:46:47.841568,38,Nairobi,Tier_1,0,0
CUST_03658,2025-03-12 01:02:13.226645,68,Eldoret,Tier_2,1,0
CUST_03659,2025-03-12 06:17:38.611722,55,Mombasa,Tier_1,0,0
CUST_03660,2025-03-12 11:33:03.996799,37,Nairobi,Tier_2,1,0
CUST_03661,2025-03-12 16:48:29.381876,46,Mombasa,Tier_3,0,1
CUST_03662,2025-03-12 22:03:54.766953,68,Nairobi,Tier_3,0,0
CUST_03663,2025-03-13 03:19:20.152030,21,Nairobi,Tier_2,0,0
CUST_03664,2025-03-13 08:34:45.537107,24,Nairobi,Tier_2,0,0
CUST_03665,2025-03-13 13:50:10.922184,45,Mombasa,Tier_2,0,0
CUST_03666,2025-03-13 19:05:36.307261,45,Nakuru,Tier_3,0,0
CUST_03667,2025-03-14 00:21:01.692338,21,Mombasa,Tier_3,1,0
CUST_03668,2025-03-14 05:36:27.077415,39,Eldoret,Tier_3,0,0
CUST_03669,2025-03-14 10:51:52.462492,29,Nairobi,Tier_2,0,0
CUST_03670,2025-03-14 16:07:17.847569,62,Nairobi,Tier_2,0,0
CUST_03671,2025-03-14 21:22:43.232646,20,Nairobi,Tier_1,1,0
CUST_03672,2025-03-15 02:38:08.617723,39,Nairobi,Tier_2,0,0
CUST_03673,2025-03-15 07:53:34.002800,61,Nairobi,Tier_2,0,0
CUST_03674,2025-03-15 13:08:59.387877,19,Nakuru,Tier_2,1,0
CUST_03675,2025-03-15 18:24:24.772954,41,Eldoret,Tier_2,0,0
CUST_03676,2025-03-15 23:39:50.158031,51,Eldoret,Tier_2,0,0
CUST_03677,2025-03-16 04:55:15.543108,44,Nairobi,Tier_1,0,1
CUST_03678,2025-03-16 10:10:40.928185,58,Nakuru,Tier_1,1,0
CUST_03679,2025-03-16 15:26:06.313262,18,Nairobi,Tier_1,0,0
CUST_03680,2025-03-16 20:41:31.698339,25,Nairobi,Tier_1,1,0
CUST_03681,2025-03-17 01:56:57.083416,40,Nakuru,Tier_1,1,0
CUST_03682,2025-03-17 07:12:22.468493,55,Kisumu,Tier_2,0,0
CUST_03683,2025-03-17 12:27:47.853570,23,Nairobi,Tier_2,1,0
CUST_03684,2025-03-17 17:43:13.238647,39,Mombasa,Tier_3,0,0
CUST_03685,2025-03-17 22:58:38.623724,42,Nairobi,Tier_2,0,0
CUST_03686,2025-03-18 04:14:04.008801,35,Kisumu,Tier_1,0,0
CUST_03687,2025-03-18 09:29:29.393878,34,Mombasa,Tier_2,1,0
CUST_03688,2025-03-18 14:44:54.778955,29,Eldoret,Tier_3,0,0
CUST_03689,2025-03-18 20:00:20.164032,23,Nairobi,Tier_2,0,0
CUST_03690,2025-03-19 01:15:45.549109,43,Nairobi,Tier_2,0,0
CUST_03691,2025-03-19 06:31:10.934186,44,Mombasa,Tier_2,0,0
CUST_03692,2025-03-19 11:46:36.319263,25,Mombasa,Tier_3,0,0
CUST_03693,2025-03-19 17:02:01.704340,36,Nairobi,Tier_3,0,0
CUST_03694,2025-03-19 22:17:27.089417,59,Kisumu,Tier_2,0,0
CUST_03695,2025-03-20 03:32:52.474494,18,Nakuru,Tier_3,0,0
CUST_03696,2025-03-20 08:48:17.859571,46,Eldoret,Tier_3,0,0
CUST_03697,2025-03-20 14:03:43.244648,62,Nakuru,Tier_2,0,0
CUST_03698,2025-03-20 19:19:08.629725,66,Nakuru,Tier_2,1,0
CUST_03699,2025-03-21 00:34:34.014802,52,Mombasa,Tier_2,1,1
CUST_03700,2025-03-21 05:49:59.399879,57,Nakuru,Tier_3,0,0
CUST_03701,2025-03-21 11:05:24.784956,31,Nairobi,Tier_1,0,0
CUST_03702,2025-03-21 16:20:50.170034,52,Nairobi,Tier_3,1,0
CUST_03703,2025-03-21 21:36:15.555111,65,Nairobi,Tier_1,1,0
CUST_03704,2025-03-22 02:51:40.940188,62,Mombasa,Tier_2,0,0
CUST_03705,2025-03-22 08:07:06.325265,37,Nairobi,Tier_3,0,0
CUST_03706,2025-03-22 13:22:31.710342,66,Eldoret,Tier_2,0,0
CUST_03707,2025-03-22 18:37:57.095419,30,Nairobi,Tier_2,0,0
CUST_03708,2025-03-22 23:53:22.480496,55,Nairobi,Tier_1,0,0
CUST_03709,2025-03-23 05:08:47.865573,66,Mombasa,Tier_2,1,0
CUST_03710,2025-03-23 10:24:13.250650,63,Nairobi,Tier_1,0,0
CUST_03711,2025-03-23 15:39:38.635727,66,Nairobi,Tier_2,0,1
CUST_03712,2025-03-23 20:55:04.020804,25,Nairobi,Tier_2,1,0
CUST_03713,2025-03-24 02:10:29.405881,60,Mombasa,Tier_3,1,0
CUST_03714,2025-03-24 07:25:54.790958,37,Mombasa,Tier_3,1,0
CUST_03715,2025-03-24 12:41:20.176035,50,Nakuru,Tier_1,1,1
CUST_03716,2025-03-24 17:56:45.561112,43,Kisumu,Tier_3,0,0
CUST_03717,2025-03-24 23:12:10.946189,56,Mombasa,Tier_1,1,0
CUST_03718,2025-03-25 04:27:36.331266,38,Nairobi,Tier_1,1,0
CUST_03719,2025-03-25 09:43:01.716343,66,Nairobi,Tier_1,0,0
CUST_03720,2025-03-25 14:58:27.101420,59,Nakuru,Tier_3,0,0
CUST_03721,2025-03-25 20:13:52.486497,60,Nairobi,Tier_3,0,1
CUST_03722,2025-03-26 01:29:17.871574,58,Nairobi,Tier_1,1,0
CUST_03723,2025-03-26 06:44:43.256651,26,Nakuru,Tier_1,0,0
CUST_03724,2025-03-26 12:00:08.641728,41,Mombasa,Tier_2,0,0
CUST_03725,2025-03-26 17:15:34.026805,54,Nairobi,Tier_2,0,0
CUST_03726,2025-03-26 22:30:59.411882,66,Nairobi,Tier_2,0,0
CUST_03727,2025-03-27 03:46:24.796959,58,Eldoret,Tier_2,0,0
CUST_03728,2025-03-27 09:01:50.182036,34,Nakuru,Tier_3,0,0
CUST_03729,2025-03-27 14:17:15.567113,41,Kisumu,Tier_2,1,0
CUST_03730,2025-03-27 19:32:40.952190,38,Mombasa,Tier_3,0,0
CUST_03731,2025-03-28 00:48:06.337267,68,Mombasa,Tier_2,0,0
CUST_03732,2025-03-28 06:03:31.722344,56,Eldoret,Tier_2,0,0
CUST_03733,2025-03-28 11:18:57.107421,58,Eldoret,Tier_3,0,0
CUST_03734,2025-03-28 16:34:22.492498,56,Nairobi,Tier_3,0,0
CUST_03735,2025-03-28 21:49:47.877575,30,Nakuru,Tier_2,0,0
CUST_03736,2025-03-29 03:05:13.262652,28,Nairobi,Tier_2,0,0
CUST_03737,2025-03-29 08:20:38.647729,63,Nairobi,Tier_3,0,0
CUST_03738,2025-03-29 13:36:04.032806,36,Kisumu,Tier_1,0,0
CUST_03739,2025-03-29 18:51:29.417883,28,Mombasa,Tier_1,0,0
CUST_03740,2025-03-30 00:06:54.802960,30,Eldoret,Tier_2,0,0
CUST_03741,2025-03-30 05:22:20.188037,63,Nairobi,Tier_3,0,0
CUST_03742,2025-03-30 10:37:45.573114,62,Mombasa,Tier_3,0,0
CUST_03743,2025-03-30 15:53:10.958191,18,Eldoret,Tier_3,1,0
CUST_03744,2025-03-30 21:08:36.343268,57,Eldoret,Tier_2,1,0
CUST_03745,2025-03-31 02:24:01.728345,61,Nairobi,Tier_1,0,0
CUST_03746,2025-03-31 07:39:27.113422,36,Nairobi,Tier_2,0,0
CUST_03747,2025-03-31 12:54:52.498499,29,Kisumu,Tier_3,0,1
CUST_03748,2025-03-31 18:10:17.883576,25,Nairobi,Tier_1,0,0
CUST_03749,2025-03-31 23:25:43.268653,25,Eldoret,Tier_1,1,0
CUST_03750,2025-04-01 04:41:08.653730,62,Eldoret,Tier_1,1,0
CUST_03751,2025-04-01 09:56:34.038807,29,Nairobi,Tier_2,1,0
CUST_03752,2025-04-01 15:11:59.423884,65,Nairobi,Tier_3,1,0
CUST_03753,2025-04-01 20:27:24.808961,50,Nairobi,Tier_2,1,0
CUST_03754,2025-04-02 01:42:50.194038,62,Eldoret,Tier_3,0,0
CUST_03755,2025-04-02 06:58:15.579115,43,Nairobi,Tier_1,0,0
CUST_03756,2025-04-02 12:13:40.964192,56,Mombasa,Tier_3,1,1
CUST_03757,2025-04-02 17:29:06.349269,45,Mombasa,Tier_3,0,1
CUST_03758,2025-04-02 22:44:31.734346,22,Mombasa,Tier_2,0,0
CUST_03759,2025-04-03 03:59:57.119423,25,Nairobi,Tier_3,0,1
CUST_03760,2025-04-03 09:15:22.504500,42,Nairobi,Tier_2,1,1
CUST_03761,2025-04-03 14:30:47.889577,44,Eldoret,Tier_3,0,1
CUST_03762,2025-04-03 19:46:13.274654,63,Eldoret,Tier_3,0,0
CUST_03763,2025-04-04 01:01:38.659731,40,Nakuru,Tier_3,1,0
CUST_03764,2025-04-04 06:17:04.044808,47,Nairobi,Tier_2,1,0
CUST_03765,2025-04-04 11:32:29.429885,62,Nairobi,Tier_1,1,0
CUST_03766,2025-04-04 16:47:54.814963,64,Kisumu,Tier_2,0,0
CUST_03767,2025-04-04 22:03:20.200040,40,Nairobi,Tier_2,0,0
CUST_03768,2025-04-05 03:18:45.585117,66,Eldoret,Tier_3,1,0
CUST_03769,2025-04-05 08:34:10.970194,64,Kisumu,Tier_3,0,0
CUST_03770,2025-04-05 13:49:36.355271,37,Nairobi,Tier_3,0,0
CUST_03771,2025-04-05 19:05:01.740348,35,Eldoret,Tier_1,0,1
CUST_03772,2025-04-06 00:20:27.125425,35,Eldoret,Tier_3,0,0
CUST_03773,2025-04-06 05:35:52.510502,19,Nairobi,Tier_3,0,0
CUST_03774,2025-04-06 10:51:17.895579,21,Mombasa,Tier_3,0,0
CUST_03775,2025-04-06 16:06:43.280656,47,Nairobi,Tier_1,0,0
CUST_03776,2025-04-06 21:22:08.665733,50,Nairobi,Tier_1,1,0
CUST_03777,2025-04-07 02:37:34.050810,53,Nairobi,Tier_1,0,1
CUST_03778,2025-04-07 07:52:59.435887,35,Mombasa,Tier_2,0,0
CUST_03779,2025-04-07 13:08:24.820964,54,Eldoret,Tier_2,0,0
CUST_03780,2025-04-07 18:23:50.206041,36,Mombasa,Tier_3,0,0
CUST_03781,2025-04-07 23:39:15.591118,64,Nairobi,Tier_2,1,1
CUST_03782,2025-04-08 04:54:40.976195,45,Kisumu,Tier_2,0,0
CUST_03783,2025-04-08 10:10:06.361272,57,Nairobi,Tier_2,1,0
CUST_03784,2025-04-08 15:25:31.746349,37,Nakuru,Tier_3,0,0
CUST_03785,2025-04-08 20:40:57.131426,66,Mombasa,Tier_3,0,1
CUST_03786,2025-04-09 01:56:22.516503,50,Nairobi,Tier_3,0,0
CUST_03787,2025-04-09 07:11:47.901580,29,Nairobi,Tier_2,0,0
CUST_03788,2025-04-09 12:27:13.286657,68,Nakuru,Tier_2,0,0
CUST_03789,2025-04-09 17:42:38.671734,32,Nairobi,Tier_3,0,1
CUST_03790,2025-04-09 22:58:04.056811,58,Nakuru,Tier_2,0,0
CUST_03791,2025-04-10 04:13:29.441888,56,Nairobi,Tier_2,1,0
CUST_03792,2025-04-10 09:28:54.826965,19,Nairobi,Tier_1,1,0
CUST_03793,2025-04-10 14:44:20.212042,46,Mombasa,Tier_1,0,0
CUST_03794,2025-04-10 19:59:45.597119,58,Eldoret,Tier_3,0,0
CUST_03795,2025-04-11 01:15:10.982196,27,Eldoret,Tier_1,0,0
CUST_03796,2025-04-11 06:30:36.367273,19,Nairobi,Tier_2,1,0
CUST_03797,2025-04-11 11:46:01.752350,68,Nairobi,Tier_2,0,0
CUST_03798,2025-04-11 17:01:27.137427,28,Nairobi,Tier_2,0,1
CUST_03799,2025-04-11 22:16:52.522504,30,Mombasa,Tier_2,0,0
CUST_03800,2025-04-12 03:32:17.907581,27,Mombasa,Tier_2,0,0
CUST_03801,2025-04-12 08:47:43.292658,31,Eldoret,Tier_1,0,0
CUST_03802,2025-04-12 14:03:08.677735,35,Eldoret,Tier_1,0,0
CUST_03803,2025-04-12 19:18:34.062812,68,Nairobi,Tier_2,1,0
CUST_03804,2025-04-13 00:33:59.447889,26,Mombasa,Tier_2,1,0
CUST_03805,2025-04-13 05:49:24.832966,56,Nakuru,Tier_2,0,0
CUST_03806,2025-04-13 11:04:50.218043,45,Nakuru,Tier_1,0,0
CUST_03807,2025-04-13 16:20:15.603120,20,Nairobi,Tier_3,0,0
CUST_03808,2025-04-13 21:35:40.988197,37,Nairobi,Tier_2,1,0
CUST_03809,2025-04-14 02:51:06.373274,23,Mombasa,Tier_1,1,0
CUST_03810,2025-04-14 08:06:31.758351,44,Nairobi,Tier_1,0,0
CUST_03811,2025-04-14 13:21:57.143428,19,Nairobi,Tier_3,0,0
CUST_03812,2025-04-14 18:37:22.528505,46,Nairobi,Tier_2,0,0
CUST_03813,2025-04-14 23:52:47.913582,55,Kisumu,Tier_2,0,0
CUST_03814,2025-04-15 05:08:13.298659,20,Nairobi,Tier_3,0,0
CUST_03815,2025-04-15 10:23:38.683736,33,Nairobi,Tier_3,1,0
CUST_03816,2025-04-15 15:39:04.068813,47,Nairobi,Tier_3,0,0
CUST_03817,2025-04-15 20:54:29.453890,57,Nakuru,Tier_2,0,0
CUST_03818,2025-04-16 02:09:54.838967,19,Nakuru,Tier_2,1,0
CUST_03819,2025-04-16 07:25:20.224044,34,Mombasa,Tier_1,0,0
CUST_03820,2025-04-16 12:40:45.609121,58,Mombasa,Tier_3,1,0
CUST_03821,2025-04-16 17:56:10.994198,29,Eldoret,Tier_2,0,0
CUST_03822,2025-04-16 23:11:36.379275,52,Nairobi,Tier_2,1,0
CUST_03823,2025-04-17 04:27:01.764352,60,Nairobi,Tier_3,0,0
CUST_03824,2025-04-17 09:42:27.149429,18,Nairobi,Tier_3,0,0
CUST_03825,2025-04-17 14:57:52.534506,62,Nairobi,Tier_3,0,0
CUST_03826,2025-04-17 20:13:17.919583,32,Nairobi,Tier_3,0,1
CUST_03827,2025-04-18 01:28:43.304660,43,Eldoret,Tier_3,0,0
CUST_03828,2025-04-18 06:44:08.689737,54,Kisumu,Tier_2,1,0
CUST_03829,2025-04-18 11:59:34.074814,38,Mombasa,Tier_3,1,0
CUST_03830,2025-04-18 17:14:59.459891,66,Eldoret,Tier_3,0,0
CUST_03831,2025-04-18 22:30:24.844969,48,Nairobi,Tier_2,0,0
CUST_03832,2025-04-19 03:45:50.230046,42,Nairobi,Tier_1,1,0
CUST_03833,2025-04-19 09:01:15.615123,40,Mombasa,Tier_3,1,0
CUST_03834,2025-04-19 14:16:41.000200,41,Kisumu,Tier_2,0,0
CUST_03835,2025-04-19 19:32:06.385277,55,Nairobi,Tier_3,1,0
CUST_03836,2025-04-20 00:47:31.770354,45,Mombasa,Tier_1,0,0
CUST_03837,2025-04-20 06:02:57.155431,38,Kisumu,Tier_1,0,0
CUST_03838,2025-04-20 11:18:22.540508,60,Kisumu,Tier_2,0,0
CUST_03839,2025-04-20 16:33:47.925585,35,Kisumu,Tier_2,1,0
CUST_03840,2025-04-20 21:49:13.310662,53,Nairobi,Tier_2,0,0
CUST_03841,2025-04-21 03:04:38.695739,52,Nairobi,Tier_2,0,0
CUST_03842,2025-04-21 08:20:04.080816,62,Mombasa,Tier_1,0,0
CUST_03843,2025-04-21 13:35:29.465893,26,Nairobi,Tier_1,0,0
CUST_03844,2025-04-21 18:50:54.850970,55,Eldoret,Tier_2,0,0
CUST_03845,2025-04-22 00:06:20.236047,47,Mombasa,Tier_1,0,0
CUST_03846,2025-04-22 05:21:45.621124,61,Nairobi,Tier_3,0,0
CUST_03847,2025-04-22 10:37:11.006201,51,Nakuru,Tier_2,0,1
CUST_03848,2025-04-22 15:52:36.391278,49,Mombasa,Tier_1,1,0
CUST_03849,2025-04-22 21:08:01.776355,20,Nairobi,Tier_2,0,0
CUST_03850,2025-04-23 02:23:27.161432,20,Nakuru,Tier_1,1,0
CUST_03851,2025-04-23 07:38:52.546509,45,Nakuru,Tier_1,0,0
CUST_03852,2025-04-23 12:54:17.931586,61,Kisumu,Tier_2,0,0
CUST_03853,2025-04-23 18:09:43.316663,32,Nairobi,Tier_3,0,0
CUST_03854,2025-04-23 23:25:08.701740,58,Mombasa,Tier_3,0,0
CUST_03855,2025-04-24 04:40:34.086817,40,Nakuru,Tier_3,0,0
CUST_03856,2025-04-24 09:55:59.471894,57,Nairobi,Tier_2,1,0
CUST_03857,2025-04-24 15:11:24.856971,28,Nairobi,Tier_2,1,0
CUST_03858,2025-04-24 20:26:50.242048,65,Nakuru,Tier_2,0,1
CUST_03859,2025-04-25 01:42:15.627125,49,Nairobi,Tier_3,0,0
CUST_03860,2025-04-25 06:57:41.012202,53,Nakuru,Tier_3,1,0
CUST_03861,2025-04-25 12:13:06.397279,50,Mombasa,Tier_1,0,0
CUST_03862,2025-04-25 17:28:31.782356,41,Mombasa,Tier_1,0,1
CUST_03863,2025-04-25 22:43:57.167433,56,Nairobi,Tier_2,1,0
CUST_03864,2025-04-26 03:59:22.552510,51,Nakuru,Tier_3,1,0
CUST_03865,2025-04-26 09:14:47.937587,45,Nairobi,Tier_3,0,0
CUST_03866,2025-04-26 14:30:13.322664,54,Mombasa,Tier_2,0,0
CUST_03867,2025-04-26 19:45:38.707741,24,Kisumu,Tier_3,0,0
CUST_03868,2025-04-27 01:01:04.092818,21,Kisumu,Tier_2,1,0
CUST_03869,2025-04-27 06:16:29.477895,54,Eldoret,Tier_3,1,0
CUST_03870,2025-04-27 11:31:54.862972,18,Mombasa,Tier_3,0,0
CUST_03871,2025-04-27 16:47:20.248049,18,Nairobi,Tier_3,1,0
CUST_03872,2025-04-27 22:02:45.633126,64,Eldoret,Tier_2,1,0
CUST_03873,2025-04-28 03:18:11.018203,37,Kisumu,Tier_1,0,0
CUST_03874,2025-04-28 08:33:36.403280,36,Nairobi,Tier_2,1,0
CUST_03875,2025-04-28 13:49:01.788357,46,Nairobi,Tier_2,0,0
CUST_03876,2025-04-28 19:04:27.173434,27,Nakuru,Tier_3,0,0
CUST_03877,2025-04-29 00:19:52.558511,35,Nairobi,Tier_1,0,0
CUST_03878,2025-04-29 05:35:17.943588,45,Kisumu,Tier_2,1,0
CUST_03879,2025-04-29 10:50:43.328665,52,Mombasa,Tier_3,0,0
CUST_03880,2025-04-29 16:06:08.713742,60,Nairobi,Tier_1,0,0
CUST_03881,2025-04-29 21:21:34.098819,64,Kisumu,Tier_2,1,0
CUST_03882,2025-04-30 02:36:59.483896,48,Nairobi,Tier_2,0,0
CUST_03883,2025-04-30 07:52:24.868973,44,Mombasa,Tier_2,1,1
CUST_03884,2025-04-30 13:07:50.254050,28,Mombasa,Tier_1,0,0
CUST_03885,2025-04-30 18:23:15.639127,66,Mombasa,Tier_3,0,0
CUST_03886,2025-04-30 23:38:41.024204,66,Kisumu,Tier_2,0,0
CUST_03887,2025-05-01 04:54:06.409281,55,Nakuru,Tier_3,1,0
CUST_03888,2025-05-01 10:09:31.794358,22,Nakuru,Tier_2,0,0
CUST_03889,2025-05-01 15:24:57.179435,25,Nairobi,Tier_2,0,0
CUST_03890,2025-05-01 20:40:22.564512,51,Nairobi,Tier_1,1,0
CUST_03891,2025-05-02 01:55:47.949589,65,Mombasa,Tier_1,0,1
CUST_03892,2025-05-02 07:11:13.334666,69,Eldoret,Tier_2,1,0
CUST_03893,2025-05-02 12:26:38.719743,29,Nakuru,Tier_1,1,0
CUST_03894,2025-05-02 17:42:04.104820,55,Nakuru,Tier_2,0,0
CUST_03895,2025-05-02 22:57:29.489897,18,Nairobi,Tier_2,0,0
CUST_03896,2025-05-03 04:12:54.874975,48,Mombasa,Tier_2,0,0
CUST_03897,2025-05-03 09:28:20.260052,21,Mombasa,Tier_1,0,1
CUST_03898,2025-05-03 14:43:45.645129,66,Nairobi,Tier_3,1,0
CUST_03899,2025-05-03 19:59:11.030206,62,Nairobi,Tier_3,1,0
CUST_03900,2025-05-04 01:14:36.415283,67,Eldoret,Tier_1,0,1
CUST_03901,2025-05-04 06:30:01.800360,22,Nairobi,Tier_1,0,0
CUST_03902,2025-05-04 11:45:27.185437,47,Nairobi,Tier_3,0,0
CUST_03903,2025-05-04 17:00:52.570514,41,Nairobi,Tier_1,0,0
CUST_03904,2025-05-04 22:16:17.955591,20,Eldoret,Tier_3,0,0
CUST_03905,2025-05-05 03:31:43.340668,28,Mombasa,Tier_1,0,0
CUST_03906,2025-05-05 08:47:08.725745,62,Kisumu,Tier_3,0,0
CUST_03907,2025-05-05 14:02:34.110822,21,Eldoret,Tier_2,0,0
CUST_03908,2025-05-05 19:17:59.495899,43,Nairobi,Tier_3,1,0
CUST_03909,2025-05-06 00:33:24.880976,44,Kisumu,Tier_2,0,0
CUST_03910,2025-05-06 05:48:50.266053,63,Nairobi,Tier_2,1,0
CUST_03911,2025-05-06 11:04:15.651130,60,Nairobi,Tier_1,0,0
CUST_03912,2025-05-06 16:19:41.036207,44,Nakuru,Tier_2,1,0
CUST_03913,2025-05-06 21:35:06.421284,59,Nakuru,Tier_3,0,0
CUST_03914,2025-05-07 02:50:31.806361,68,Nairobi,Tier_2,1,0
CUST_03915,2025-05-07 08:05:57.191438,67,Nairobi,Tier_3,1,0
CUST_03916,2025-05-07 13:21:22.576515,23,Mombasa,Tier_2,0,0
CUST_03917,2025-05-07 18:36:47.961592,32,Nairobi,Tier_3,0,0
CUST_03918,2025-05-07 23:52:13.346669,47,Nairobi,Tier_2,1,0
CUST_03919,2025-05-08 05:07:38.731746,59,Nairobi,Tier_3,1,0
CUST_03920,2025-05-08 10:23:04.116823,54,Nairobi,Tier_3,1,0
CUST_03921,2025-05-08 15:38:29.501900,54,Nakuru,Tier_2,1,0
CUST_03922,2025-05-08 20:53:54.886977,59,Nairobi,Tier_3,0,0
CUST_03923,2025-05-09 02:09:20.272054,54,Nairobi,Tier_3,0,0
CUST_03924,2025-05-09 07:24:45.657131,52,Mombasa,Tier_2,0,0
CUST_03925,2025-05-09 12:40:11.042208,40,Nakuru,Tier_2,1,0
CUST_03926,2025-05-09 17:55:36.427285,23,Nairobi,Tier_1,0,0
CUST_03927,2025-05-09 23:11:01.812362,21,Nairobi,Tier_3,0,0
CUST_03928,2025-05-10 04:26:27.197439,35,Nairobi,Tier_1,1,0
CUST_03929,2025-05-10 09:41:52.582516,26,Kisumu,Tier_1,1,1
CUST_03930,2025-05-10 14:57:17.967593,66,Mombasa,Tier_2,0,1
CUST_03931,2025-05-10 20:12:43.352670,46,Nakuru,Tier_2,0,0
CUST_03932,2025-05-11 01:28:08.737747,30,Eldoret,Tier_3,0,0
CUST_03933,2025-05-11 06:43:34.122824,64,Nakuru,Tier_3,0,0
CUST_03934,2025-05-11 11:58:59.507901,69,Kisumu,Tier_2,1,0
CUST_03935,2025-05-11 17:14:24.892978,34,Mombasa,Tier_1,0,0
CUST_03936,2025-05-11 22:29:50.278055,62,Nairobi,Tier_3,1,0
CUST_03937,2025-05-12 03:45:15.663132,49,Eldoret,Tier_2,1,0
CUST_03938,2025-05-12 09:00:41.048209,65,Nairobi,Tier_2,0,0
CUST_03939,2025-05-12 14:16:06.433286,39,Nairobi,Tier_2,0,0
CUST_03940,2025-05-12 19:31:31.818363,21,Kisumu,Tier_2,0,0
CUST_03941,2025-05-13 00:46:57.203440,22,Nairobi,Tier_2,0,0
CUST_03942,2025-05-13 06:02:22.588517,54,Mombasa,Tier_3,0,0
CUST_03943,2025-05-13 11:17:47.973594,58,Mombasa,Tier_2,1,0
CUST_03944,2025-05-13 16:33:13.358671,66,Mombasa,Tier_3,0,0
CUST_03945,2025-05-13 21:48:38.743748,30,Nakuru,Tier_2,1,1
CUST_03946,2025-05-14 03:04:04.128825,51,Nairobi,Tier_2,0,0
CUST_03947,2025-05-14 08:19:29.513902,62,Mombasa,Tier_3,0,0
CUST_03948,2025-05-14 13:34:54.898979,39,Mombasa,Tier_2,1,0
CUST_03949,2025-05-14 18:50:20.284056,40,Kisumu,Tier_2,0,0
CUST_03950,2025-05-15 00:05:45.669133,68,Nakuru,Tier_2,0,0
CUST_03951,2025-05-15 05:21:11.054210,20,Nairobi,Tier_2,0,0
CUST_03952,2025-05-15 10:36:36.439287,59,Kisumu,Tier_3,0,0
CUST_03953,2025-05-15 15:52:01.824364,51,Nairobi,Tier_2,1,0
CUST_03954,2025-05-15 21:07:27.209441,49,Eldoret,Tier_3,0,1
CUST_03955,2025-05-16 02:22:52.594518,62,Nairobi,Tier_1,0,0
CUST_03956,2025-05-16 07:38:17.979595,68,Kisumu,Tier_2,0,1
CUST_03957,2025-05-16 12:53:43.364672,66,Nairobi,Tier_3,1,0
CUST_03958,2025-05-16 18:09:08.749749,38,Nairobi,Tier_3,0,0
CUST_03959,2025-05-16 23:24:34.134826,63,Mombasa,Tier_1,0,0
CUST_03960,2025-05-17 04:39:59.519903,61,Nakuru,Tier_2,0,0
CUST_03961,2025-05-17 09:55:24.904981,38,Mombasa,Tier_2,0,0
CUST_03962,2025-05-17 15:10:50.290058,61,Eldoret,Tier_2,0,0
CUST_03963,2025-05-17 20:26:15.675135,28,Mombasa,Tier_3,0,0
CUST_03964,2025-05-18 01:41:41.060212,56,Mombasa,Tier_3,0,0
CUST_03965,2025-05-18 06:57:06.445289,21,Nairobi,Tier_2,0,0
CUST_03966,2025-05-18 12:12:31.830366,68,Nakuru,Tier_3,0,0
CUST_03967,2025-05-18 17:27:57.215443,18,Nairobi,Tier_2,1,0
CUST_03968,2025-05-18 22:43:22.600520,45,Nakuru,Tier_1,1,0
CUST_03969,2025-05-19 03:58:47.985597,41,Eldoret,Tier_2,0,0
CUST_03970,2025-05-19 09:14:13.370674,52,Eldoret,Tier_3,0,0
CUST_03971,2025-05-19 14:29:38.755751,30,Mombasa,Tier_3,0,0
CUST_03972,2025-05-19 19:45:04.140828,64,Kisumu,Tier_2,1,0
CUST_03973,2025-05-20 01:00:29.525905,51,Nakuru,Tier_2,0,0
CUST_03974,2025-05-20 06:15:54.910982,28,Nairobi,Tier_3,1,0
CUST_03975,2025-05-20 11:31:20.296059,53,Kisumu,Tier_2,0,0
CUST_03976,2025-05-20 16:46:45.681136,68,Nairobi,Tier_2,0,0
CUST_03977,2025-05-20 22:02:11.066213,34,Mombasa,Tier_3,1,0
CUST_03978,2025-05-21 03:17:36.451290,52,Nairobi,Tier_3,1,0
CUST_03979,2025-05-21 08:33:01.836367,35,Nairobi,Tier_2,1,0
CUST_03980,2025-05-21 13:48:27.221444,57,Nairobi,Tier_2,0,0
CUST_03981,2025-05-21 19:03:52.606521,39,Mombasa,Tier_2,0,0
CUST_03982,2025-05-22 00:19:17.991598,41,Kisumu,Tier_1,0,0
CUST_03983,2025-05-22 05:34:43.376675,36,Nairobi,Tier_3,0,0
CUST_03984,2025-05-22 10:50:08.761752,54,Mombasa,Tier_2,0,0
CUST_03985,2025-05-22 16:05:34.146829,56,Nairobi,Tier_3,0,0
CUST_03986,2025-05-22 21:20:59.531906,38,Mombasa,Tier_1,0,0
CUST_03987,2025-05-23 02:36:24.916983,25,Kisumu,Tier_2,0,0
CUST_03988,2025-05-23 07:51:50.302060,45,Mombasa,Tier_1,1,1
CUST_03989,2025-05-23 13:07:15.687137,22,Kisumu,Tier_3,1,0
CUST_03990,2025-05-23 18:22:41.072214,34,Nairobi,Tier_2,0,0
CUST_03991,2025-05-23 23:38:06.457291,54,Nakuru,Tier_2,0,0
CUST_03992,2025-05-24 04:53:31.842368,53,Mombasa,Tier_1,0,0
CUST_03993,2025-05-24 10:08:57.227445,36,Mombasa,Tier_2,1,0
CUST_03994,2025-05-24 15:24:22.612522,44,Kisumu,Tier_1,0,0
CUST_03995,2025-05-24 20:39:47.997599,51,Nairobi,Tier_2,1,0
CUST_03996,2025-05-25 01:55:13.382676,28,Kisumu,Tier_2,1,0
CUST_03997,2025-05-25 07:10:38.767753,62,Kisumu,Tier_2,0,0
CUST_03998,2025-05-25 12:26:04.152830,64,Nairobi,Tier_2,0,0
CUST_03999,2025-05-25 17:41:29.537907,29,Nairobi,Tier_2,1,0
CUST_04000,2025-05-25 22:56:54.922984,38,Nairobi,Tier_2,0,0
CUST_04001,2025-05-26 04:12:20.308061,28,Eldoret,Tier_2,0,1
CUST_04002,2025-05-26 09:27:45.693138,56,Kisumu,Tier_1,1,0
CUST_04003,2025-05-26 14:43:11.078215,45,Nairobi,Tier_3,0,0
CUST_04004,2025-05-26 19:58:36.463292,22,Nairobi,Tier_2,1,0
CUST_04005,2025-05-27 01:14:01.848369,34,Mombasa,Tier_1,1,0
CUST_04006,2025-05-27 06:29:27.233446,37,Nakuru,Tier_1,1,0
CUST_04007,2025-05-27 11:44:52.618523,58,Nairobi,Tier_3,0,1
CUST_04008,2025-05-27 17:00:18.003600,63,Nairobi,Tier_3,0,0
CUST_04009,2025-05-27 22:15:43.388677,29,Nakuru,Tier_2,0,0
CUST_04010,2025-05-28 03:31:08.773754,23,Nairobi,Tier_2,1,0
CUST_04011,2025-05-28 08:46:34.158831,34,Nairobi,Tier_2,1,0
CUST_04012,2025-05-28 14:01:59.543908,68,Eldoret,Tier_3,0,1
CUST_04013,2025-05-28 19:17:24.928985,36,Kisumu,Tier_3,0,0
CUST_04014,2025-05-29 00:32:50.314062,43,Nairobi,Tier_2,0,0
CUST_04015,2025-05-29 05:48:15.699139,65,Nairobi,Tier_3,1,0
CUST_04016,2025-05-29 11:03:41.084216,61,Nairobi,Tier_3,1,0
CUST_04017,2025-05-29 16:19:06.469293,61,Nairobi,Tier_2,1,0
CUST_04018,2025-05-29 21:34:31.854370,69,Nakuru,Tier_2,1,0
CUST_04019,2025-05-30 02:49:57.239447,49,Mombasa,Tier_1,1,0
CUST_04020,2025-05-30 08:05:22.624524,23,Kisumu,Tier_1,1,1
CUST_04021,2025-05-30 13:20:48.009601,53,Eldoret,Tier_3,0,0
CUST_04022,2025-05-30 18:36:13.394678,55,Mombasa,Tier_2,0,0
CUST_04023,2025-05-30 23:51:38.779755,28,Nairobi,Tier_3,1,1
CUST_04024,2025-05-31 05:07:04.164832,50,Mombasa,Tier_3,0,1
CUST_04025,2025-05-31 10:22:29.549909,41,Eldoret,Tier_1,0,0
CUST_04026,2025-05-31 15:37:54.934987,40,Nakuru,Tier_2,0,0
CUST_04027,2025-05-31 20:53:20.320064,32,Nairobi,Tier_3,0,0
CUST_04028,2025-06-01 02:08:45.705141,44,Kisumu,Tier_3,0,0
CUST_04029,2025-06-01 07:24:11.090218,28,Mombasa,Tier_3,0,0
CUST_04030,2025-06-01 12:39:36.475295,68,Eldoret,Tier_2,0,0
CUST_04031,2025-06-01 17:55:01.860372,67,Nairobi,Tier_2,0,0
CUST_04032,2025-06-01 23:10:27.245449,34,Mombasa,Tier_2,0,1
CUST_04033,2025-06-02 04:25:52.630526,68,Nakuru,Tier_3,1,1
CUST_04034,2025-06-02 09:41:18.015603,31,Mombasa,Tier_2,0,0
CUST_04035,2025-06-02 14:56:43.400680,44,Mombasa,Tier_3,0,0
CUST_04036,2025-06-02 20:12:08.785757,35,Nairobi,Tier_2,0,0
CUST_04037,2025-06-03 01:27:34.170834,45,Nairobi,Tier_3,0,0
CUST_04038,2025-06-03 06:42:59.555911,68,Nairobi,Tier_2,0,0
CUST_04039,2025-06-03 11:58:24.940988,64,Eldoret,Tier_2,1,0
CUST_04040,2025-06-03 17:13:50.326065,64,Nairobi,Tier_2,1,1
CUST_04041,2025-06-03 22:29:15.711142,21,Mombasa,Tier_2,0,0
CUST_04042,2025-06-04 03:44:41.096219,24,Kisumu,Tier_2,0,1
CUST_04043,2025-06-04 09:00:06.481296,62,Nairobi,Tier_1,0,0
CUST_04044,2025-06-04 14:15:31.866373,52,Mombasa,Tier_1,1,1
CUST_04045,2025-06-04 19:30:57.251450,65,Kisumu,Tier_2,1,0
CUST_04046,2025-06-05 00:46:22.636527,26,Nakuru,Tier_3,0,0
CUST_04047,2025-06-05 06:01:48.021604,25,Kisumu,Tier_2,0,0
CUST_04048,2025-06-05 11:17:13.406681,69,Kisumu,Tier_1,1,0
CUST_04049,2025-06-05 16:32:38.791758,62,Nairobi,Tier_3,1,0
CUST_04050,2025-06-05 21:48:04.176835,34,Eldoret,Tier_2,0,0
CUST_04051,2025-06-06 03:03:29.561912,34,Nairobi,Tier_3,1,1
CUST_04052,2025-06-06 08:18:54.946989,66,Nakuru,Tier_2,0,0
CUST_04053,2025-06-06 13:34:20.332066,50,Nairobi,Tier_1,0,0
CUST_04054,2025-06-06 18:49:45.717143,49,Eldoret,Tier_2,1,0
CUST_04055,2025-06-07 00:05:11.102220,25,Kisumu,Tier_2,0,0
CUST_04056,2025-06-07 05:20:36.487297,36,Nakuru,Tier_1,1,0
CUST_04057,2025-06-07 10:36:01.872374,55,Nairobi,Tier_1,0,1
CUST_04058,2025-06-07 15:51:27.257451,20,Mombasa,Tier_1,0,0
CUST_04059,2025-06-07 21:06:52.642528,22,Kisumu,Tier_2,0,0
CUST_04060,2025-06-08 02:22:18.027605,30,Nakuru,Tier_2,0,0
CUST_04061,2025-06-08 07:37:43.412682,64,Nairobi,Tier_2,0,1
CUST_04062,2025-06-08 12:53:08.797759,63,Eldoret,Tier_1,1,0
CUST_04063,2025-06-08 18:08:34.182836,48,Nakuru,Tier_2,0,0
CUST_04064,2025-06-08 23:23:59.567913,33,Nairobi,Tier_2,1,0
CUST_04065,2025-06-09 04:39:24.952990,67,Nakuru,Tier_2,0,0
CUST_04066,2025-06-09 09:54:50.338067,49,Mombasa,Tier_1,1,0
CUST_04067,2025-06-09 15:10:15.723144,39,Mombasa,Tier_1,0,0
CUST_04068,2025-06-09 20:25:41.108221,46,Nairobi,Tier_2,0,0
CUST_04069,2025-06-10 01:41:06.493298,39,Mombasa,Tier_1,0,0
CUST_04070,2025-06-10 06:56:31.878375,60,Kisumu,Tier_2,0,0
CUST_04071,2025-06-10 12:11:57.263452,20,Mombasa,Tier_2,0,0
CUST_04072,2025-06-10 17:27:22.648529,27,Kisumu,Tier_2,0,0
CUST_04073,2025-06-10 22:42:48.033606,59,Kisumu,Tier_2,1,0
CUST_04074,2025-06-11 03:58:13.418683,38,Kisumu,Tier_2,1,0
CUST_04075,2025-06-11 09:13:38.803760,33,Nairobi,Tier_2,1,1
CUST_04076,2025-06-11 14:29:04.188837,29,Nakuru,Tier_3,0,0
CUST_04077,2025-06-11 19:44:29.573914,19,Mombasa,Tier_3,1,0
CUST_04078,2025-06-12 00:59:54.958991,58,Nairobi,Tier_2,1,0
CUST_04079,2025-06-12 06:15:20.344068,41,Nairobi,Tier_2,0,0
CUST_04080,2025-06-12 11:30:45.729145,52,Mombasa,Tier_2,0,0
CUST_04081,2025-06-12 16:46:11.114222,47,Nakuru,Tier_3,0,0
CUST_04082,2025-06-12 22:01:36.499299,47,Nairobi,Tier_1,0,0
CUST_04083,2025-06-13 03:17:01.884376,64,Kisumu,Tier_3,0,0
CUST_04084,2025-06-13 08:32:27.269453,52,Nairobi,Tier_2,0,0
CUST_04085,2025-06-13 13:47:52.654530,36,Mombasa,Tier_2,1,0
CUST_04086,2025-06-13 19:03:18.039607,67,Eldoret,Tier_1,0,0
CUST_04087,2025-06-14 00:18:43.424684,25,Nakuru,Tier_2,0,0
CUST_04088,2025-06-14 05:34:08.809761,43,Nairobi,Tier_2,1,0
CUST_04089,2025-06-14 10:49:34.194838,66,Mombasa,Tier_1,1,0
CUST_04090,2025-06-14 16:04:59.579915,57,Nairobi,Tier_2,1,0
CUST_04091,2025-06-14 21:20:24.964993,24,Mombasa,Tier_3,0,0
CUST_04092,2025-06-15 02:35:50.350070,47,Nakuru,Tier_2,0,0
CUST_04093,2025-06-15 07:51:15.735147,24,Nakuru,Tier_2,0,0
CUST_04094,2025-06-15 13:06:41.120224,20,Nairobi,Tier_1,0,0
CUST_04095,2025-06-15 18:22:06.505301,18,Eldoret,Tier_3,0,0
CUST_04096,2025-06-15 23:37:31.890378,53,Mombasa,Tier_3,0,0
CUST_04097,2025-06-16 04:52:57.275455,42,Nairobi,Tier_2,1,0
CUST_04098,2025-06-16 10:08:22.660532,54,Mombasa,Tier_2,0,0
CUST_04099,2025-06-16 15:23:48.045609,18,Kisumu,Tier_2,0,0
CUST_04100,2025-06-16 20:39:13.430686,32,Mombasa,Tier_2,0,0
CUST_04101,2025-06-17 01:54:38.815763,54,Mombasa,Tier_2,1,0
CUST_04102,2025-06-17 07:10:04.200840,30,Mombasa,Tier_3,0,0
CUST_04103,2025-06-17 12:25:29.585917,57,Nairobi,Tier_2,0,0
CUST_04104,2025-06-17 17:40:54.970994,25,Nakuru,Tier_2,0,0
CUST_04105,2025-06-17 22:56:20.356071,22,Mombasa,Tier_2,0,0
CUST_04106,2025-06-18 04:11:45.741148,26,Nairobi,Tier_3,0,0
CUST_04107,2025-06-18 09:27:11.126225,18,Nakuru,Tier_1,0,0
CUST_04108,2025-06-18 14:42:36.511302,53,Eldoret,Tier_2,0,0
CUST_04109,2025-06-18 19:58:01.896379,52,Eldoret,Tier_2,1,0
CUST_04110,2025-06-19 01:13:27.281456,19,Nairobi,Tier_2,0,0
CUST_04111,2025-06-19 06:28:52.666533,57,Nairobi,Tier_3,1,0
CUST_04112,2025-06-19 11:44:18.051610,40,Mombasa,Tier_1,0,0
CUST_04113,2025-06-19 16:59:43.436687,26,Nairobi,Tier_3,0,0
CUST_04114,2025-06-19 22:15:08.821764,51,Eldoret,Tier_1,0,0
CUST_04115,2025-06-20 03:30:34.206841,63,Nairobi,Tier_1,0,0
CUST_04116,2025-06-20 08:45:59.591918,31,Nairobi,Tier_3,0,0
CUST_04117,2025-06-20 14:01:24.976995,21,Mombasa,Tier_2,0,0
CUST_04118,2025-06-20 19:16:50.362072,47,Nairobi,Tier_2,1,0
CUST_04119,2025-06-21 00:32:15.747149,48,Nakuru,Tier_2,1,0
CUST_04120,2025-06-21 05:47:41.132226,55,Mombasa,Tier_2,1,0
CUST_04121,2025-06-21 11:03:06.517303,28,Nairobi,Tier_2,0,0
CUST_04122,2025-06-21 16:18:31.902380,52,Nairobi,Tier_3,0,0
CUST_04123,2025-06-21 21:33:57.287457,25,Mombasa,Tier_3,0,0
CUST_04124,2025-06-22 02:49:22.672534,20,Nairobi,Tier_2,0,0
CUST_04125,2025-06-22 08:04:48.057611,31,Kisumu,Tier_2,0,1
CUST_04126,2025-06-22 13:20:13.442688,30,Mombasa,Tier_2,0,0
CUST_04127,2025-06-22 18:35:38.827765,62,Kisumu,Tier_2,1,0
CUST_04128,2025-06-22 23:51:04.212842,49,Eldoret,Tier_1,0,0
CUST_04129,2025-06-23 05:06:29.597919,51,Eldoret,Tier_2,0,1
CUST_04130,2025-06-23 10:21:54.982996,62,Eldoret,Tier_1,0,0
CUST_04131,2025-06-23 15:37:20.368073,36,Nairobi,Tier_1,0,0
CUST_04132,2025-06-23 20:52:45.753150,55,Nairobi,Tier_1,1,0
CUST_04133,2025-06-24 02:08:11.138227,33,Nairobi,Tier_2,0,0
CUST_04134,2025-06-24 07:23:36.523304,19,Nakuru,Tier_3,1,0
CUST_04135,2025-06-24 12:39:01.908381,57,Eldoret,Tier_2,0,0
CUST_04136,2025-06-24 17:54:27.293458,34,Nakuru,Tier_2,0,0
CUST_04137,2025-06-24 23:09:52.678535,51,Nairobi,Tier_1,1,0
CUST_04138,2025-06-25 04:25:18.063612,59,Eldoret,Tier_2,0,0
CUST_04139,2025-06-25 09:40:43.448689,33,Mombasa,Tier_2,0,0
CUST_04140,2025-06-25 14:56:08.833766,55,Nairobi,Tier_2,0,0
CUST_04141,2025-06-25 20:11:34.218843,19,Mombasa,Tier_3,0,0
CUST_04142,2025-06-26 01:26:59.603920,19,Nairobi,Tier_1,1,0
CUST_04143,2025-06-26 06:42:24.988997,43,Mombasa,Tier_2,1,0
CUST_04144,2025-06-26 11:57:50.374074,30,Nairobi,Tier_2,1,0
CUST_04145,2025-06-26 17:13:15.759151,64,Mombasa,Tier_3,0,1
CUST_04146,2025-06-26 22:28:41.144228,48,Kisumu,Tier_3,0,0
CUST_04147,2025-06-27 03:44:06.529305,51,Nakuru,Tier_3,0,0
CUST_04148,2025-06-27 08:59:31.914382,56,Kisumu,Tier_2,1,0
CUST_04149,2025-06-27 14:14:57.299459,20,Mombasa,Tier_3,1,0
CUST_04150,2025-06-27 19:30:22.684536,25,Nakuru,Tier_1,0,0
CUST_04151,2025-06-28 00:45:48.069613,40,Eldoret,Tier_1,0,0
CUST_04152,2025-06-28 06:01:13.454690,31,Nairobi,Tier_3,0,0
CUST_04153,2025-06-28 11:16:38.839767,44,Mombasa,Tier_3,0,1
CUST_04154,2025-06-28 16:32:04.224844,46,Nairobi,Tier_1,0,0
CUST_04155,2025-06-28 21:47:29.609921,56,Nairobi,Tier_1,0,0
CUST_04156,2025-06-29 03:02:54.994999,56,Kisumu,Tier_1,0,1
CUST_04157,2025-06-29 08:18:20.380076,18,Nakuru,Tier_1,1,1
CUST_04158,2025-06-29 13:33:45.765153,34,Nairobi,Tier_2,1,1
CUST_04159,2025-06-29 18:49:11.150230,58,Nakuru,Tier_3,1,0
CUST_04160,2025-06-30 00:04:36.535307,47,Nakuru,Tier_2,0,0
CUST_04161,2025-06-30 05:20:01.920384,30,Eldoret,Tier_3,0,0
CUST_04162,2025-06-30 10:35:27.305461,38,Nairobi,Tier_3,0,0
CUST_04163,2025-06-30 15:50:52.690538,36,Eldoret,Tier_2,0,1
CUST_04164,2025-06-30 21:06:18.075615,36,Nairobi,Tier_3,0,1
CUST_04165,2025-07-01 02:21:43.460692,42,Mombasa,Tier_2,1,1
CUST_04166,2025-07-01 07:37:08.845769,39,Nairobi,Tier_2,0,0
CUST_04167,2025-07-01 12:52:34.230846,48,Nairobi,Tier_2,1,0
CUST_04168,2025-07-01 18:07:59.615923,34,Kisumu,Tier_2,1,0
CUST_04169,2025-07-01 23:23:25.001000,40,Mombasa,Tier_3,1,1
CUST_04170,2025-07-02 04:38:50.386077,49,Nairobi,Tier_3,1,0
CUST_04171,2025-07-02 09:54:15.771154,27,Nairobi,Tier_2,0,0
CUST_04172,2025-07-02 15:09:41.156231,27,Kisumu,Tier_3,1,0
CUST_04173,2025-07-02 20:25:06.541308,53,Nairobi,Tier_1,0,0
CUST_04174,2025-07-03 01:40:31.926385,25,Nakuru,Tier_3,1,0
CUST_04175,2025-07-03 06:55:57.311462,69,Nairobi,Tier_2,0,0
CUST_04176,2025-07-03 12:11:22.696539,37,Nairobi,Tier_1,0,0
CUST_04177,2025-07-03 17:26:48.081616,49,Nairobi,Tier_2,0,0
CUST_04178,2025-07-03 22:42:13.466693,67,Mombasa,Tier_2,0,0
CUST_04179,2025-07-04 03:57:38.851770,31,Nairobi,Tier_1,0,0
CUST_04180,2025-07-04 09:13:04.236847,67,Nairobi,Tier_3,0,0
CUST_04181,2025-07-04 14:28:29.621924,45,Eldoret,Tier_1,1,0
CUST_04182,2025-07-04 19:43:55.007001,63,Kisumu,Tier_3,0,0
CUST_04183,2025-07-05 00:59:20.392078,69,Nairobi,Tier_3,0,0
CUST_04184,2025-07-05 06:14:45.777155,41,Mombasa,Tier_2,0,0
CUST_04185,2025-07-05 11:30:11.162232,32,Nakuru,Tier_2,0,1
CUST_04186,2025-07-05 16:45:36.547309,39,Nairobi,Tier_3,0,0
CUST_04187,2025-07-05 22:01:01.932386,47,Nairobi,Tier_2,1,0
CUST_04188,2025-07-06 03:16:27.317463,21,Nakuru,Tier_2,0,0
CUST_04189,2025-07-06 08:31:52.702540,30,Kisumu,Tier_2,0,0
CUST_04190,2025-07-06 13:47:18.087617,40,Mombasa,Tier_2,0,0
CUST_04191,2025-07-06 19:02:43.472694,25,Nairobi,Tier_3,0,0
CUST_04192,2025-07-07 00:18:08.857771,35,Nairobi,Tier_2,0,0
CUST_04193,2025-07-07 05:33:34.242848,29,Kisumu,Tier_2,1,0
CUST_04194,2025-07-07 10:48:59.627925,48,Nairobi,Tier_2,0,0
CUST_04195,2025-07-07 16:04:25.013002,31,Mombasa,Tier_3,0,0
CUST_04196,2025-07-07 21:19:50.398079,51,Mombasa,Tier_3,0,0
CUST_04197,2025-07-08 02:35:15.783156,35,Nairobi,Tier_2,0,0
CUST_04198,2025-07-08 07:50:41.168233,51,Eldoret,Tier_1,1,0
CUST_04199,2025-07-08 13:06:06.553310,28,Nakuru,Tier_1,0,0
CUST_04200,2025-07-08 18:21:31.938387,58,Kisumu,Tier_2,0,0
CUST_04201,2025-07-08 23:36:57.323464,29,Nairobi,Tier_2,1,0
CUST_04202,2025-07-09 04:52:22.708541,66,Nairobi,Tier_3,0,0
CUST_04203,2025-07-09 10:07:48.093618,32,Mombasa,Tier_2,1,0
CUST_04204,2025-07-09 15:23:13.478695,48,Nairobi,Tier_2,0,0
CUST_04205,2025-07-09 20:38:38.863772,66,Eldoret,Tier_3,0,0
CUST_04206,2025-07-10 01:54:04.248849,46,Nairobi,Tier_2,1,0
CUST_04207,2025-07-10 07:09:29.633926,43,Mombasa,Tier_2,1,0
CUST_04208,2025-07-10 12:24:55.019003,35,Nairobi,Tier_1,0,0
CUST_04209,2025-07-10 17:40:20.404080,49,Kisumu,Tier_2,1,0
CUST_04210,2025-07-10 22:55:45.789157,39,Nairobi,Tier_3,0,0
CUST_04211,2025-07-11 04:11:11.174234,55,Mombasa,Tier_2,0,0
CUST_04212,2025-07-11 09:26:36.559311,34,Nairobi,Tier_2,0,0
CUST_04213,2025-07-11 14:42:01.944388,40,Nakuru,Tier_2,0,1
CUST_04214,2025-07-11 19:57:27.329465,41,Nairobi,Tier_3,1,0
CUST_04215,2025-07-12 01:12:52.714542,67,Eldoret,Tier_2,0,0
CUST_04216,2025-07-12 06:28:18.099619,25,Nakuru,Tier_2,0,1
CUST_04217,2025-07-12 11:43:43.484696,58,Nairobi,Tier_3,1,0
CUST_04218,2025-07-12 16:59:08.869773,23,Nakuru,Tier_1,0,0
CUST_04219,2025-07-12 22:14:34.254850,22,Nairobi,Tier_3,0,0
CUST_04220,2025-07-13 03:29:59.639927,61,Eldoret,Tier_2,0,1
CUST_04221,2025-07-13 08:45:25.025005,46,Mombasa,Tier_2,0,0
CUST_04222,2025-07-13 14:00:50.410082,45,Nairobi,Tier_2,1,0
CUST_04223,2025-07-13 19:16:15.795159,28,Nairobi,Tier_2,0,0
CUST_04224,2025-07-14 00:31:41.180236,18,Nairobi,Tier_2,0,0
CUST_04225,2025-07-14 05:47:06.565313,60,Eldoret,Tier_2,1,0
CUST_04226,2025-07-14 11:02:31.950390,36,Nairobi,Tier_2,0,0
CUST_04227,2025-07-14 16:17:57.335467,26,Kisumu,Tier_1,0,0
CUST_04228,2025-07-14 21:33:22.720544,44,Mombasa,Tier_1,1,0
CUST_04229,2025-07-15 02:48:48.105621,51,Eldoret,Tier_3,0,0
CUST_04230,2025-07-15 08:04:13.490698,61,Nairobi,Tier_2,0,1
CUST_04231,2025-07-15 13:19:38.875775,21,Mombasa,Tier_3,0,0
CUST_04232,2025-07-15 18:35:04.260852,53,Mombasa,Tier_1,0,0
CUST_04233,2025-07-15 23:50:29.645929,35,Kisumu,Tier_2,0,0
CUST_04234,2025-07-16 05:05:55.031006,32,Nairobi,Tier_2,0,0
CUST_04235,2025-07-16 10:21:20.416083,68,Nairobi,Tier_3,1,0
CUST_04236,2025-07-16 15:36:45.801160,30,Nairobi,Tier_3,0,0
CUST_04237,2025-07-16 20:52:11.186237,36,Kisumu,Tier_1,0,0
CUST_04238,2025-07-17 02:07:36.571314,66,Nairobi,Tier_3,1,0
CUST_04239,2025-07-17 07:23:01.956391,23,Mombasa,Tier_1,0,0
CUST_04240,2025-07-17 12:38:27.341468,65,Nairobi,Tier_2,1,1
CUST_04241,2025-07-17 17:53:52.726545,29,Nakuru,Tier_3,0,1
CUST_04242,2025-07-17 23:09:18.111622,68,Eldoret,Tier_3,0,0
CUST_04243,2025-07-18 04:24:43.496699,54,Mombasa,Tier_3,1,0
CUST_04244,2025-07-18 09:40:08.881776,34,Nairobi,Tier_2,0,1
CUST_04245,2025-07-18 14:55:34.266853,40,Nairobi,Tier_1,1,1
CUST_04246,2025-07-18 20:10:59.651930,43,Nairobi,Tier_1,0,0
CUST_04247,2025-07-19 01:26:25.037007,46,Nairobi,Tier_2,0,0
CUST_04248,2025-07-19 06:41:50.422084,50,Kisumu,Tier_3,0,0
CUST_04249,2025-07-19 11:57:15.807161,44,Mombasa,Tier_1,0,0
CUST_04250,2025-07-19 17:12:41.192238,42,Eldoret,Tier_2,1,0
CUST_04251,2025-07-19 22:28:06.577315,27,Nairobi,Tier_2,0,0
CUST_04252,2025-07-20 03:43:31.962392,64,Kisumu,Tier_2,1,0
CUST_04253,2025-07-20 08:58:57.347469,40,Mombasa,Tier_2,0,0
CUST_04254,2025-07-20 14:14:22.732546,38,Mombasa,Tier_2,0,0
CUST_04255,2025-07-20 19:29:48.117623,38,Nairobi,Tier_3,0,0
CUST_04256,2025-07-21 00:45:13.502700,60,Mombasa,Tier_1,0,0
CUST_04257,2025-07-21 06:00:38.887777,30,Mombasa,Tier_3,0,0
CUST_04258,2025-07-21 11:16:04.272854,54,Kisumu,Tier_1,0,0
CUST_04259,2025-07-21 16:31:29.657931,50,Eldoret,Tier_1,0,1
CUST_04260,2025-07-21 21:46:55.043008,41,Nairobi,Tier_2,1,0
CUST_04261,2025-07-22 03:02:20.428085,61,Nairobi,Tier_3,1,0
CUST_04262,2025-07-22 08:17:45.813162,28,Mombasa,Tier_2,0,0
CUST_04263,2025-07-22 13:33:11.198239,34,Mombasa,Tier_2,0,0
CUST_04264,2025-07-22 18:48:36.583316,21,Nairobi,Tier_2,0,0
CUST_04265,2025-07-23 00:04:01.968393,64,Nakuru,Tier_2,0,0
CUST_04266,2025-07-23 05:19:27.353470,42,Eldoret,Tier_3,0,0
CUST_04267,2025-07-23 10:34:52.738547,47,Eldoret,Tier_3,0,0
CUST_04268,2025-07-23 15:50:18.123624,26,Nairobi,Tier_1,1,0
CUST_04269,2025-07-23 21:05:43.508701,38,Nakuru,Tier_2,0,0
CUST_04270,2025-07-24 02:21:08.893778,37,Kisumu,Tier_3,0,0
CUST_04271,2025-07-24 07:36:34.278855,36,Mombasa,Tier_2,0,0
CUST_04272,2025-07-24 12:51:59.663932,36,Mombasa,Tier_2,1,0
CUST_04273,2025-07-24 18:07:25.049009,29,Nakuru,Tier_1,0,0
CUST_04274,2025-07-24 23:22:50.434086,54,Mombasa,Tier_2,1,1
CUST_04275,2025-07-25 04:38:15.819163,59,Nairobi,Tier_1,1,0
CUST_04276,2025-07-25 09:53:41.204240,34,Mombasa,Tier_3,1,0
CUST_04277,2025-07-25 15:09:06.589317,54,Mombasa,Tier_2,1,0
CUST_04278,2025-07-25 20:24:31.974394,65,Nairobi,Tier_2,0,0
CUST_04279,2025-07-26 01:39:57.359471,56,Eldoret,Tier_3,0,0
CUST_04280,2025-07-26 06:55:22.744548,45,Kisumu,Tier_1,0,0
CUST_04281,2025-07-26 12:10:48.129625,58,Kisumu,Tier_2,0,1
CUST_04282,2025-07-26 17:26:13.514702,52,Nairobi,Tier_2,0,0
CUST_04283,2025-07-26 22:41:38.899779,64,Kisumu,Tier_2,0,0
CUST_04284,2025-07-27 03:57:04.284856,65,Nairobi,Tier_3,0,0
CUST_04285,2025-07-27 09:12:29.669933,35,Nairobi,Tier_3,1,1
CUST_04286,2025-07-27 14:27:55.055011,31,Mombasa,Tier_1,0,1
CUST_04287,2025-07-27 19:43:20.440088,52,Mombasa,Tier_3,0,0
CUST_04288,2025-07-28 00:58:45.825165,61,Mombasa,Tier_2,1,0
CUST_04289,2025-07-28 06:14:11.210242,58,Nairobi,Tier_3,0,0
CUST_04290,2025-07-28 11:29:36.595319,24,Mombasa,Tier_2,1,0
CUST_04291,2025-07-28 16:45:01.980396,58,Nairobi,Tier_2,1,0
CUST_04292,2025-07-28 22:00:27.365473,30,Eldoret,Tier_2,0,0
CUST_04293,2025-07-29 03:15:52.750550,35,Mombasa,Tier_2,0,0
CUST_04294,2025-07-29 08:31:18.135627,54,Kisumu,Tier_2,0,0
CUST_04295,2025-07-29 13:46:43.520704,30,Nairobi,Tier_2,1,0
CUST_04296,2025-07-29 19:02:08.905781,53,Nairobi,Tier_3,0,0
CUST_04297,2025-07-30 00:17:34.290858,48,Eldoret,Tier_2,0,0
CUST_04298,2025-07-30 05:32:59.675935,19,Nairobi,Tier_3,1,1
CUST_04299,2025-07-30 10:48:25.061012,33,Mombasa,Tier_2,0,0
CUST_04300,2025-07-30 16:03:50.446089,26,Kisumu,Tier_2,1,0
CUST_04301,2025-07-30 21:19:15.831166,26,Nairobi,Tier_3,1,0
CUST_04302,2025-07-31 02:34:41.216243,55,Nakuru,Tier_2,1,0
CUST_04303,2025-07-31 07:50:06.601320,28,Mombasa,Tier_3,1,0
CUST_04304,2025-07-31 13:05:31.986397,39,Nairobi,Tier_3,0,0
CUST_04305,2025-07-31 18:20:57.371474,50,Nairobi,Tier_2,1,0
CUST_04306,2025-07-31 23:36:22.756551,53,Nairobi,Tier_2,0,0
CUST_04307,2025-08-01 04:51:48.141628,62,Nakuru,Tier_1,0,0
CUST_04308,2025-08-01 10:07:13.526705,40,Kisumu,Tier_2,0,0
CUST_04309,2025-08-01 15:22:38.911782,62,Nairobi,Tier_2,1,1
CUST_04310,2025-08-01 20:38:04.296859,62,Nairobi,Tier_3,1,0
CUST_04311,2025-08-02 01:53:29.681936,51,Kisumu,Tier_2,1,0
CUST_04312,2025-08-02 07:08:55.067013,26,Mombasa,Tier_2,0,0
CUST_04313,2025-08-02 12:24:20.452090,41,Mombasa,Tier_2,1,0
CUST_04314,2025-08-02 17:39:45.837167,25,Nairobi,Tier_3,1,0
CUST_04315,2025-08-02 22:55:11.222244,24,Nairobi,Tier_1,0,0
CUST_04316,2025-08-03 04:10:36.607321,53,Kisumu,Tier_1,0,0
CUST_04317,2025-08-03 09:26:01.992398,35,Eldoret,Tier_2,0,0
CUST_04318,2025-08-03 14:41:27.377475,20,Nairobi,Tier_3,0,0
CUST_04319,2025-08-03 19:56:52.762552,45,Mombasa,Tier_3,0,1
CUST_04320,2025-08-04 01:12:18.147629,23,Mombasa,Tier_2,0,0
CUST_04321,2025-08-04 06:27:43.532706,61,Mombasa,Tier_3,0,0
CUST_04322,2025-08-04 11:43:08.917783,61,Nairobi,Tier_2,0,0
CUST_04323,2025-08-04 16:58:34.302860,38,Nakuru,Tier_3,0,0
CUST_04324,2025-08-04 22:13:59.687937,45,Mombasa,Tier_1,0,0
CUST_04325,2025-08-05 03:29:25.073014,57,Mombasa,Tier_1,1,0
CUST_04326,2025-08-05 08:44:50.458091,18,Nairobi,Tier_1,0,0
CUST_04327,2025-08-05 14:00:15.843168,53,Nairobi,Tier_2,0,0
CUST_04328,2025-08-05 19:15:41.228245,38,Nairobi,Tier_3,0,0
CUST_04329,2025-08-06 00:31:06.613322,60,Kisumu,Tier_2,0,0
CUST_04330,2025-08-06 05:46:31.998399,52,Nairobi,Tier_3,1,0
CUST_04331,2025-08-06 11:01:57.383476,30,Kisumu,Tier_2,0,0
CUST_04332,2025-08-06 16:17:22.768553,66,Nairobi,Tier_1,0,0
CUST_04333,2025-08-06 21:32:48.153630,27,Mombasa,Tier_2,1,0
CUST_04334,2025-08-07 02:48:13.538707,61,Mombasa,Tier_2,0,0
CUST_04335,2025-08-07 08:03:38.923784,64,Nairobi,Tier_3,0,1
CUST_04336,2025-08-07 13:19:04.308861,27,Nairobi,Tier_2,0,0
CUST_04337,2025-08-07 18:34:29.693938,63,Nairobi,Tier_2,0,0
CUST_04338,2025-08-07 23:49:55.079015,30,Kisumu,Tier_2,1,0
CUST_04339,2025-08-08 05:05:20.464092,54,Kisumu,Tier_2,0,0
CUST_04340,2025-08-08 10:20:45.849169,55,Nairobi,Tier_3,1,0
CUST_04341,2025-08-08 15:36:11.234246,41,Mombasa,Tier_1,1,0
CUST_04342,2025-08-08 20:51:36.619323,19,Nairobi,Tier_3,0,0
CUST_04343,2025-08-09 02:07:02.004400,39,Nairobi,Tier_2,0,0
CUST_04344,2025-08-09 07:22:27.389477,34,Nairobi,Tier_2,0,0
CUST_04345,2025-08-09 12:37:52.774554,53,Nakuru,Tier_3,0,0
CUST_04346,2025-08-09 17:53:18.159631,31,Nairobi,Tier_2,0,0
CUST_04347,2025-08-09 23:08:43.544708,27,Nairobi,Tier_2,0,0
CUST_04348,2025-08-10 04:24:08.929785,52,Nairobi,Tier_1,0,0
CUST_04349,2025-08-10 09:39:34.314862,42,Nairobi,Tier_2,1,0
CUST_04350,2025-08-10 14:54:59.699939,20,Kisumu,Tier_3,0,0
CUST_04351,2025-08-10 20:10:25.085017,64,Nairobi,Tier_2,0,0
CUST_04352,2025-08-11 01:25:50.470094,55,Nairobi,Tier_3,1,0
CUST_04353,2025-08-11 06:41:15.855171,34,Kisumu,Tier_2,0,0
CUST_04354,2025-08-11 11:56:41.240248,29,Nairobi,Tier_1,0,0
CUST_04355,2025-08-11 17:12:06.625325,69,Kisumu,Tier_1,0,0
CUST_04356,2025-08-11 22:27:32.010402,41,Mombasa,Tier_2,0,0
CUST_04357,2025-08-12 03:42:57.395479,46,Nairobi,Tier_3,0,0
CUST_04358,2025-08-12 08:58:22.780556,60,Kisumu,Tier_2,0,0
CUST_04359,2025-08-12 14:13:48.165633,42,Nairobi,Tier_2,0,0
CUST_04360,2025-08-12 19:29:13.550710,53,Mombasa,Tier_3,1,1
CUST_04361,2025-08-13 00:44:38.935787,43,Mombasa,Tier_3,0,0
CUST_04362,2025-08-13 06:00:04.320864,55,Nairobi,Tier_1,0,0
CUST_04363,2025-08-13 11:15:29.705941,18,Kisumu,Tier_3,0,0
CUST_04364,2025-08-13 16:30:55.091018,37,Nakuru,Tier_2,0,1
CUST_04365,2025-08-13 21:46:20.476095,45,Eldoret,Tier_1,0,0
CUST_04366,2025-08-14 03:01:45.861172,33,Kisumu,Tier_2,1,0
CUST_04367,2025-08-14 08:17:11.246249,64,Mombasa,Tier_2,0,0
CUST_04368,2025-08-14 13:32:36.631326,34,Nairobi,Tier_2,0,0
CUST_04369,2025-08-14 18:48:02.016403,57,Nairobi,Tier_2,0,0
CUST_04370,2025-08-15 00:03:27.401480,45,Mombasa,Tier_1,0,0
CUST_04371,2025-08-15 05:18:52.786557,29,Nairobi,Tier_3,0,0
CUST_04372,2025-08-15 10:34:18.171634,44,Eldoret,Tier_3,0,0
CUST_04373,2025-08-15 15:49:43.556711,59,Nairobi,Tier_3,0,0
CUST_04374,2025-08-15 21:05:08.941788,64,Nairobi,Tier_2,0,0
CUST_04375,2025-08-16 02:20:34.326865,47,Nairobi,Tier_2,0,1
CUST_04376,2025-08-16 07:35:59.711942,58,Nakuru,Tier_2,0,0
CUST_04377,2025-08-16 12:51:25.097019,51,Kisumu,Tier_1,0,0
CUST_04378,2025-08-16 18:06:50.482096,54,Kisumu,Tier_2,1,0
CUST_04379,2025-08-16 23:22:15.867173,23,Nairobi,Tier_2,0,0
CUST_04380,2025-08-17 04:37:41.252250,24,Nakuru,Tier_3,1,0
CUST_04381,2025-08-17 09:53:06.637327,49,Nairobi,Tier_2,0,0
CUST_04382,2025-08-17 15:08:32.022404,49,Nakuru,Tier_2,0,0
CUST_04383,2025-08-17 20:23:57.407481,42,Mombasa,Tier_2,0,0
CUST_04384,2025-08-18 01:39:22.792558,50,Nairobi,Tier_2,0,0
CUST_04385,2025-08-18 06:54:48.177635,24,Mombasa,Tier_2,0,1
CUST_04386,2025-08-18 12:10:13.562712,69,Kisumu,Tier_2,0,0
CUST_04387,2025-08-18 17:25:38.947789,29,Nairobi,Tier_2,1,0
CUST_04388,2025-08-18 22:41:04.332866,33,Nakuru,Tier_2,0,0
CUST_04389,2025-08-19 03:56:29.717943,33,Mombasa,Tier_1,0,0
CUST_04390,2025-08-19 09:11:55.103020,60,Nairobi,Tier_3,0,0
CUST_04391,2025-08-19 14:27:20.488097,53,Nairobi,Tier_3,1,0
CUST_04392,2025-08-19 19:42:45.873174,30,Mombasa,Tier_2,1,0
CUST_04393,2025-08-20 00:58:11.258251,24,Mombasa,Tier_1,0,0
CUST_04394,2025-08-20 06:13:36.643328,53,Mombasa,Tier_3,1,0
CUST_04395,2025-08-20 11:29:02.028405,64,Kisumu,Tier_2,0,0
CUST_04396,2025-08-20 16:44:27.413482,68,Mombasa,Tier_2,0,0
CUST_04397,2025-08-20 21:59:52.798559,26,Eldoret,Tier_1,0,0
CUST_04398,2025-08-21 03:15:18.183636,49,Mombasa,Tier_2,1,0
CUST_04399,2025-08-21 08:30:43.568713,28,Nakuru,Tier_3,1,0
CUST_04400,2025-08-21 13:46:08.953790,25,Nairobi,Tier_3,1,0
CUST_04401,2025-08-21 19:01:34.338867,50,Nairobi,Tier_2,0,0
CUST_04402,2025-08-22 00:16:59.723944,40,Nairobi,Tier_2,1,1
CUST_04403,2025-08-22 05:32:25.109021,42,Mombasa,Tier_1,0,1
CUST_04404,2025-08-22 10:47:50.494098,25,Nakuru,Tier_1,0,0
CUST_04405,2025-08-22 16:03:15.879175,62,Nairobi,Tier_3,0,0
CUST_04406,2025-08-22 21:18:41.264252,39,Nairobi,Tier_2,0,1
CUST_04407,2025-08-23 02:34:06.649329,21,Nakuru,Tier_2,0,0
CUST_04408,2025-08-23 07:49:32.034406,57,Nairobi,Tier_3,0,1
CUST_04409,2025-08-23 13:04:57.419483,20,Kisumu,Tier_3,1,0
CUST_04410,2025-08-23 18:20:22.804560,46,Mombasa,Tier_3,0,0
CUST_04411,2025-08-23 23:35:48.189637,58,Nakuru,Tier_1,0,0
CUST_04412,2025-08-24 04:51:13.574714,46,Nairobi,Tier_1,1,1
CUST_04413,2025-08-24 10:06:38.959791,51,Nairobi,Tier_2,0,0
CUST_04414,2025-08-24 15:22:04.344868,51,Mombasa,Tier_2,0,0
CUST_04415,2025-08-24 20:37:29.729945,45,Eldoret,Tier_3,0,0
CUST_04416,2025-08-25 01:52:55.115023,30,Mombasa,Tier_2,0,0
CUST_04417,2025-08-25 07:08:20.500100,32,Nairobi,Tier_3,0,0
CUST_04418,2025-08-25 12:23:45.885177,40,Kisumu,Tier_2,0,0
CUST_04419,2025-08-25 17:39:11.270254,61,Eldoret,Tier_3,1,0
CUST_04420,2025-08-25 22:54:36.655331,43,Nakuru,Tier_2,0,0
CUST_04421,2025-08-26 04:10:02.040408,21,Eldoret,Tier_3,0,0
CUST_04422,2025-08-26 09:25:27.425485,43,Nairobi,Tier_1,0,1
CUST_04423,2025-08-26 14:40:52.810562,57,Nairobi,Tier_2,0,0
CUST_04424,2025-08-26 19:56:18.195639,26,Kisumu,Tier_3,0,0
CUST_04425,2025-08-27 01:11:43.580716,22,Nakuru,Tier_2,1,0
CUST_04426,2025-08-27 06:27:08.965793,49,Nairobi,Tier_2,1,0
CUST_04427,2025-08-27 11:42:34.350870,37,Nairobi,Tier_3,0,0
CUST_04428,2025-08-27 16:57:59.735947,67,Nakuru,Tier_2,1,1
CUST_04429,2025-08-27 22:13:25.121024,28,Nairobi,Tier_2,0,0
CUST_04430,2025-08-28 03:28:50.506101,32,Nairobi,Tier_1,0,0
CUST_04431,2025-08-28 08:44:15.891178,49,Mombasa,Tier_3,0,0
CUST_04432,2025-08-28 13:59:41.276255,45,Mombasa,Tier_2,0,0
CUST_04433,2025-08-28 19:15:06.661332,39,Kisumu,Tier_2,1,0
CUST_04434,2025-08-29 00:30:32.046409,58,Nairobi,Tier_1,0,0
CUST_04435,2025-08-29 05:45:57.431486,34,Kisumu,Tier_2,0,0
CUST_04436,2025-08-29 11:01:22.816563,43,Mombasa,Tier_1,1,0
CUST_04437,2025-08-29 16:16:48.201640,61,Mombasa,Tier_1,1,0
CUST_04438,2025-08-29 21:32:13.586717,24,Kisumu,Tier_2,1,0
CUST_04439,2025-08-30 02:47:38.971794,59,Nairobi,Tier_1,0,0
CUST_04440,2025-08-30 08:03:04.356871,43,Nairobi,Tier_1,0,0
CUST_04441,2025-08-30 13:18:29.741948,42,Nairobi,Tier_2,0,0
CUST_04442,2025-08-30 18:33:55.127025,27,Nairobi,Tier_1,0,0
CUST_04443,2025-08-30 23:49:20.512102,62,Mombasa,Tier_2,1,0
CUST_04444,2025-08-31 05:04:45.897179,36,Nakuru,Tier_1,1,0
CUST_04445,2025-08-31 10:20:11.282256,28,Kisumu,Tier_2,1,0
CUST_04446,2025-08-31 15:35:36.667333,30,Nakuru,Tier_2,0,0
CUST_04447,2025-08-31 20:51:02.052410,25,Nairobi,Tier_3,1,0
CUST_04448,2025-09-01 02:06:27.437487,57,Mombasa,Tier_2,1,0
CUST_04449,2025-09-01 07:21:52.822564,21,Nairobi,Tier_1,0,0
CUST_04450,2025-09-01 12:37:18.207641,64,Nairobi,Tier_1,0,1
CUST_04451,2025-09-01 17:52:43.592718,48,Nairobi,Tier_2,1,0
CUST_04452,2025-09-01 23:08:08.977795,45,Mombasa,Tier_3,0,0
CUST_04453,2025-09-02 04:23:34.362872,28,Eldoret,Tier_2,1,0
CUST_04454,2025-09-02 09:38:59.747949,60,Nairobi,Tier_2,0,0
CUST_04455,2025-09-02 14:54:25.133026,18,Nairobi,Tier_1,1,0
CUST_04456,2025-09-02 20:09:50.518103,66,Nakuru,Tier_2,1,0
CUST_04457,2025-09-03 01:25:15.903180,64,Nairobi,Tier_2,0,0
CUST_04458,2025-09-03 06:40:41.288257,69,Nakuru,Tier_2,1,0
CUST_04459,2025-09-03 11:56:06.673334,55,Kisumu,Tier_3,0,0
CUST_04460,2025-09-03 17:11:32.058411,41,Eldoret,Tier_2,0,0
CUST_04461,2025-09-03 22:26:57.443488,64,Mombasa,Tier_1,0,0
CUST_04462,2025-09-04 03:42:22.828565,48,Kisumu,Tier_2,0,0
CUST_04463,2025-09-04 08:57:48.213642,58,Mombasa,Tier_2,1,0
CUST_04464,2025-09-04 14:13:13.598719,63,Kisumu,Tier_2,1,0
CUST_04465,2025-09-04 19:28:38.983796,67,Mombasa,Tier_2,0,0
CUST_04466,2025-09-05 00:44:04.368873,43,Nairobi,Tier_2,0,1
CUST_04467,2025-09-05 05:59:29.753950,66,Mombasa,Tier_2,0,0
CUST_04468,2025-09-05 11:14:55.139027,67,Mombasa,Tier_3,0,0
CUST_04469,2025-09-05 16:30:20.524104,22,Nakuru,Tier_2,1,0
CUST_04470,2025-09-05 21:45:45.909181,37,Kisumu,Tier_3,0,0
CUST_04471,2025-09-06 03:01:11.294258,69,Kisumu,Tier_2,0,0
CUST_04472,2025-09-06 08:16:36.679335,58,Nairobi,Tier_2,0,0
CUST_04473,2025-09-06 13:32:02.064412,28,Kisumu,Tier_3,0,0
CUST_04474,2025-09-06 18:47:27.449489,50,Mombasa,Tier_2,1,0
CUST_04475,2025-09-07 00:02:52.834566,67,Nakuru,Tier_3,0,0
CUST_04476,2025-09-07 05:18:18.219643,55,Eldoret,Tier_3,0,0
CUST_04477,2025-09-07 10:33:43.604720,44,Nairobi,Tier_1,1,1
CUST_04478,2025-09-07 15:49:08.989797,51,Nakuru,Tier_2,1,0
CUST_04479,2025-09-07 21:04:34.374874,32,Nairobi,Tier_1,1,1
CUST_04480,2025-09-08 02:19:59.759952,49,Nairobi,Tier_3,1,0
CUST_04481,2025-09-08 07:35:25.145029,38,Mombasa,Tier_3,1,0
CUST_04482,2025-09-08 12:50:50.530106,63,Nairobi,Tier_1,0,0
CUST_04483,2025-09-08 18:06:15.915183,22,Kisumu,Tier_1,0,0
CUST_04484,2025-09-08 23:21:41.300260,23,Nairobi,Tier_2,0,0
CUST_04485,2025-09-09 04:37:06.685337,55,Nairobi,Tier_2,1,1
CUST_04486,2025-09-09 09:52:32.070414,39,Mombasa,Tier_1,0,0
CUST_04487,2025-09-09 15:07:57.455491,35,Kisumu,Tier_2,0,0
CUST_04488,2025-09-09 20:23:22.840568,31,Eldoret,Tier_2,0,1
CUST_04489,2025-09-10 01:38:48.225645,27,Kisumu,Tier_1,1,0
CUST_04490,2025-09-10 06:54:13.610722,63,Kisumu,Tier_3,0,0
CUST_04491,2025-09-10 12:09:38.995799,30,Nairobi,Tier_3,0,0
CUST_04492,2025-09-10 17:25:04.380876,48,Nairobi,Tier_3,0,0
CUST_04493,2025-09-10 22:40:29.765953,47,Nairobi,Tier_3,1,0
CUST_04494,2025-09-11 03:55:55.151030,20,Mombasa,Tier_2,0,0
CUST_04495,2025-09-11 09:11:20.536107,47,Kisumu,Tier_2,0,0
CUST_04496,2025-09-11 14:26:45.921184,23,Mombasa,Tier_2,0,0
CUST_04497,2025-09-11 19:42:11.306261,46,Kisumu,Tier_3,0,0
CUST_04498,2025-09-12 00:57:36.691338,25,Mombasa,Tier_3,0,0
CUST_04499,2025-09-12 06:13:02.076415,61,Nairobi,Tier_3,0,1
CUST_04500,2025-09-12 11:28:27.461492,62,Nairobi,Tier_3,0,0
CUST_04501,2025-09-12 16:43:52.846569,60,Nakuru,Tier_2,1,1
CUST_04502,2025-09-12 21:59:18.231646,61,Kisumu,Tier_2,0,0
CUST_04503,2025-09-13 03:14:43.616723,50,Nakuru,Tier_2,0,0
CUST_04504,2025-09-13 08:30:09.001800,34,Nairobi,Tier_1,1,0
CUST_04505,2025-09-13 13:45:34.386877,65,Eldoret,Tier_1,1,0
CUST_04506,2025-09-13 19:00:59.771954,28,Nairobi,Tier_2,0,0
CUST_04507,2025-09-14 00:16:25.157031,30,Nairobi,Tier_2,0,1
CUST_04508,2025-09-14 05:31:50.542108,67,Eldoret,Tier_2,1,0
CUST_04509,2025-09-14 10:47:15.927185,28,Nairobi,Tier_2,1,0
CUST_04510,2025-09-14 16:02:41.312262,48,Kisumu,Tier_2,0,0
CUST_04511,2025-09-14 21:18:06.697339,45,Nairobi,Tier_2,0,0
CUST_04512,2025-09-15 02:33:32.082416,61,Mombasa,Tier_2,0,0
CUST_04513,2025-09-15 07:48:57.467493,23,Eldoret,Tier_2,0,0
CUST_04514,2025-09-15 13:04:22.852570,58,Nairobi,Tier_3,0,0
CUST_04515,2025-09-15 18:19:48.237647,33,Kisumu,Tier_2,0,0
CUST_04516,2025-09-15 23:35:13.622724,21,Nairobi,Tier_2,0,0
CUST_04517,2025-09-16 04:50:39.007801,52,Kisumu,Tier_3,0,0
CUST_04518,2025-09-16 10:06:04.392878,65,Nairobi,Tier_3,0,0
CUST_04519,2025-09-16 15:21:29.777955,43,Nairobi,Tier_3,0,0
CUST_04520,2025-09-16 20:36:55.163032,29,Nairobi,Tier_2,0,0
CUST_04521,2025-09-17 01:52:20.548109,28,Nairobi,Tier_1,0,0
CUST_04522,2025-09-17 07:07:45.933186,54,Eldoret,Tier_2,1,0
CUST_04523,2025-09-17 12:23:11.318263,42,Nairobi,Tier_2,0,1
CUST_04524,2025-09-17 17:38:36.703340,35,Nairobi,Tier_3,1,0
CUST_04525,2025-09-17 22:54:02.088417,36,Mombasa,Tier_2,0,1
CUST_04526,2025-09-18 04:09:27.473494,40,Nairobi,Tier_1,0,0
CUST_04527,2025-09-18 09:24:52.858571,55,Kisumu,Tier_1,0,0
CUST_04528,2025-09-18 14:40:18.243648,35,Eldoret,Tier_1,1,0
CUST_04529,2025-09-18 19:55:43.628725,43,Mombasa,Tier_2,0,0
CUST_04530,2025-09-19 01:11:09.013802,23,Nakuru,Tier_3,0,0
CUST_04531,2025-09-19 06:26:34.398879,21,Mombasa,Tier_3,0,0
CUST_04532,2025-09-19 11:41:59.783956,61,Nairobi,Tier_3,1,0
CUST_04533,2025-09-19 16:57:25.169033,68,Kisumu,Tier_2,1,0
CUST_04534,2025-09-19 22:12:50.554110,46,Mombasa,Tier_2,0,0
CUST_04535,2025-09-20 03:28:15.939187,51,Kisumu,Tier_2,0,0
CUST_04536,2025-09-20 08:43:41.324264,34,Nakuru,Tier_2,0,0
CUST_04537,2025-09-20 13:59:06.709341,60,Mombasa,Tier_3,0,0
CUST_04538,2025-09-20 19:14:32.094418,60,Eldoret,Tier_2,0,0
CUST_04539,2025-09-21 00:29:57.479495,33,Nakuru,Tier_3,1,0
CUST_04540,2025-09-21 05:45:22.864572,19,Mombasa,Tier_2,1,1
CUST_04541,2025-09-21 11:00:48.249649,51,Kisumu,Tier_1,0,0
CUST_04542,2025-09-21 16:16:13.634726,25,Nairobi,Tier_1,0,0
CUST_04543,2025-09-21 21:31:39.019803,30,Eldoret,Tier_2,0,0
CUST_04544,2025-09-22 02:47:04.404880,59,Kisumu,Tier_3,0,0
CUST_04545,2025-09-22 08:02:29.789958,25,Nairobi,Tier_2,0,0
CUST_04546,2025-09-22 13:17:55.175035,47,Nairobi,Tier_3,0,0
CUST_04547,2025-09-22 18:33:20.560112,49,Kisumu,Tier_3,0,0
CUST_04548,2025-09-22 23:48:45.945189,53,Nairobi,Tier_2,0,0
CUST_04549,2025-09-23 05:04:11.330266,64,Nairobi,Tier_3,1,0
CUST_04550,2025-09-23 10:19:36.715343,47,Mombasa,Tier_2,0,0
CUST_04551,2025-09-23 15:35:02.100420,18,Nairobi,Tier_2,0,0
CUST_04552,2025-09-23 20:50:27.485497,60,Mombasa,Tier_3,0,1
CUST_04553,2025-09-24 02:05:52.870574,56,Nairobi,Tier_3,0,0
CUST_04554,2025-09-24 07:21:18.255651,34,Nairobi,Tier_2,1,0
CUST_04555,2025-09-24 12:36:43.640728,37,Kisumu,Tier_2,1,0
CUST_04556,2025-09-24 17:52:09.025805,41,Mombasa,Tier_1,0,0
CUST_04557,2025-09-24 23:07:34.410882,67,Nairobi,Tier_2,1,0
CUST_04558,2025-09-25 04:22:59.795959,39,Nairobi,Tier_2,0,0
CUST_04559,2025-09-25 09:38:25.181036,46,Mombasa,Tier_3,1,0
CUST_04560,2025-09-25 14:53:50.566113,39,Nairobi,Tier_2,0,0
CUST_04561,2025-09-25 20:09:15.951190,61,Nairobi,Tier_1,0,0
CUST_04562,2025-09-26 01:24:41.336267,26,Nairobi,Tier_2,0,0
CUST_04563,2025-09-26 06:40:06.721344,54,Nakuru,Tier_2,1,0
CUST_04564,2025-09-26 11:55:32.106421,27,Nakuru,Tier_2,0,0
CUST_04565,2025-09-26 17:10:57.491498,53,Nakuru,Tier_2,1,0
CUST_04566,2025-09-26 22:26:22.876575,54,Kisumu,Tier_3,0,0
CUST_04567,2025-09-27 03:41:48.261652,45,Kisumu,Tier_1,1,0
CUST_04568,2025-09-27 08:57:13.646729,45,Mombasa,Tier_2,0,0
CUST_04569,2025-09-27 14:12:39.031806,59,Kisumu,Tier_3,1,0
CUST_04570,2025-09-27 19:28:04.416883,60,Nairobi,Tier_2,0,1
CUST_04571,2025-09-28 00:43:29.801960,38,Kisumu,Tier_2,0,0
CUST_04572,2025-09-28 05:58:55.187037,41,Nakuru,Tier_2,1,0
CUST_04573,2025-09-28 11:14:20.572114,59,Mombasa,Tier_2,1,0
CUST_04574,2025-09-28 16:29:45.957191,57,Nairobi,Tier_2,0,0
CUST_04575,2025-09-28 21:45:11.342268,19,Nairobi,Tier_2,0,0
CUST_04576,2025-09-29 03:00:36.727345,25,Kisumu,Tier_3,0,0
CUST_04577,2025-09-29 08:16:02.112422,65,Kisumu,Tier_3,0,0
CUST_04578,2025-09-29 13:31:27.497499,44,Nakuru,Tier_2,0,0
CUST_04579,2025-09-29 18:46:52.882576,39,Nairobi,Tier_1,0,0
CUST_04580,2025-09-30 00:02:18.267653,54,Nakuru,Tier_1,0,0
CUST_04581,2025-09-30 05:17:43.652730,44,Mombasa,Tier_1,1,0
CUST_04582,2025-09-30 10:33:09.037807,46,Nakuru,Tier_2,1,0
CUST_04583,2025-09-30 15:48:34.422884,20,Mombasa,Tier_1,0,0
CUST_04584,2025-09-30 21:03:59.807961,61,Mombasa,Tier_2,0,0
CUST_04585,2025-10-01 02:19:25.193038,30,Mombasa,Tier_3,0,0
CUST_04586,2025-10-01 07:34:50.578115,62,Kisumu,Tier_2,0,0
CUST_04587,2025-10-01 12:50:15.963192,27,Eldoret,Tier_3,0,0
CUST_04588,2025-10-01 18:05:41.348269,53,Nairobi,Tier_3,0,0
CUST_04589,2025-10-01 23:21:06.733346,26,Nairobi,Tier_2,0,1
CUST_04590,2025-10-02 04:36:32.118423,44,Eldoret,Tier_3,0,0
CUST_04591,2025-10-02 09:51:57.503500,51,Mombasa,Tier_3,1,0
CUST_04592,2025-10-02 15:07:22.888577,68,Kisumu,Tier_2,1,1
CUST_04593,2025-10-02 20:22:48.273654,18,Mombasa,Tier_2,0,0
CUST_04594,2025-10-03 01:38:13.658731,49,Nairobi,Tier_2,0,0
CUST_04595,2025-10-03 06:53:39.043808,42,Nakuru,Tier_3,1,0
CUST_04596,2025-10-03 12:09:04.428885,46,Kisumu,Tier_2,0,0
CUST_04597,2025-10-03 17:24:29.813962,24,Nairobi,Tier_1,1,0
CUST_04598,2025-10-03 22:39:55.199039,66,Nairobi,Tier_2,1,0
CUST_04599,2025-10-04 03:55:20.584116,20,Nakuru,Tier_2,1,1
CUST_04600,2025-10-04 09:10:45.969193,37,Nairobi,Tier_2,0,0
CUST_04601,2025-10-04 14:26:11.354270,37,Nakuru,Tier_3,0,0
CUST_04602,2025-10-04 19:41:36.739347,47,Nairobi,Tier_2,1,1
CUST_04603,2025-10-05 00:57:02.124424,52,Mombasa,Tier_3,0,0
CUST_04604,2025-10-05 06:12:27.509501,52,Eldoret,Tier_3,0,0
CUST_04605,2025-10-05 11:27:52.894578,66,Kisumu,Tier_2,0,0
CUST_04606,2025-10-05 16:43:18.279655,56,Mombasa,Tier_1,0,0
CUST_04607,2025-10-05 21:58:43.664732,44,Kisumu,Tier_3,1,0
CUST_04608,2025-10-06 03:14:09.049809,43,Nairobi,Tier_3,0,0
CUST_04609,2025-10-06 08:29:34.434886,31,Nairobi,Tier_1,1,0
CUST_04610,2025-10-06 13:44:59.819964,34,Eldoret,Tier_2,1,0
CUST_04611,2025-10-06 19:00:25.205041,35,Nakuru,Tier_2,0,0
CUST_04612,2025-10-07 00:15:50.590118,62,Kisumu,Tier_3,0,0
CUST_04613,2025-10-07 05:31:15.975195,69,Nairobi,Tier_3,1,0
CUST_04614,2025-10-07 10:46:41.360272,46,Nairobi,Tier_1,0,0
CUST_04615,2025-10-07 16:02:06.745349,37,Nairobi,Tier_3,1,0
CUST_04616,2025-10-07 21:17:32.130426,44,Mombasa,Tier_1,1,1
CUST_04617,2025-10-08 02:32:57.515503,35,Nakuru,Tier_3,0,0
CUST_04618,2025-10-08 07:48:22.900580,21,Mombasa,Tier_2,1,0
CUST_04619,2025-10-08 13:03:48.285657,18,Nakuru,Tier_2,0,0
CUST_04620,2025-10-08 18:19:13.670734,67,Nairobi,Tier_1,0,0
CUST_04621,2025-10-08 23:34:39.055811,18,Nairobi,Tier_1,1,0
CUST_04622,2025-10-09 04:50:04.440888,43,Nairobi,Tier_2,1,0
CUST_04623,2025-10-09 10:05:29.825965,62,Mombasa,Tier_2,0,0
CUST_04624,2025-10-09 15:20:55.211042,37,Nairobi,Tier_1,0,0
CUST_04625,2025-10-09 20:36:20.596119,69,Eldoret,Tier_1,0,0
CUST_04626,2025-10-10 01:51:45.981196,40,Nairobi,Tier_1,0,0
CUST_04627,2025-10-10 07:07:11.366273,27,Eldoret,Tier_3,0,0
CUST_04628,2025-10-10 12:22:36.751350,28,Mombasa,Tier_3,0,0
CUST_04629,2025-10-10 17:38:02.136427,58,Eldoret,Tier_1,0,0
CUST_04630,2025-10-10 22:53:27.521504,58,Mombasa,Tier_2,1,0
CUST_04631,2025-10-11 04:08:52.906581,22,Eldoret,Tier_1,0,0
CUST_04632,2025-10-11 09:24:18.291658,18,Nairobi,Tier_3,0,0
CUST_04633,2025-10-11 14:39:43.676735,34,Kisumu,Tier_3,1,0
CUST_04634,2025-10-11 19:55:09.061812,39,Eldoret,Tier_2,1,0
CUST_04635,2025-10-12 01:10:34.446889,51,Nairobi,Tier_3,1,1
CUST_04636,2025-10-12 06:25:59.831966,62,Nairobi,Tier_3,0,0
CUST_04637,2025-10-12 11:41:25.217043,58,Mombasa,Tier_3,0,0
CUST_04638,2025-10-12 16:56:50.602120,46,Eldoret,Tier_2,0,0
CUST_04639,2025-10-12 22:12:15.987197,21,Mombasa,Tier_2,0,0
CUST_04640,2025-10-13 03:27:41.372274,22,Mombasa,Tier_2,0,1
CUST_04641,2025-10-13 08:43:06.757351,28,Nairobi,Tier_2,0,0
CUST_04642,2025-10-13 13:58:32.142428,68,Nairobi,Tier_2,0,0
CUST_04643,2025-10-13 19:13:57.527505,38,Nakuru,Tier_1,0,0
CUST_04644,2025-10-14 00:29:22.912582,52,Nairobi,Tier_2,0,0
CUST_04645,2025-10-14 05:44:48.297659,29,Kisumu,Tier_2,0,0
CUST_04646,2025-10-14 11:00:13.682736,43,Eldoret,Tier_2,0,0
CUST_04647,2025-10-14 16:15:39.067813,68,Nairobi,Tier_2,0,0
CUST_04648,2025-10-14 21:31:04.452890,36,Kisumu,Tier_3,0,0
CUST_04649,2025-10-15 02:46:29.837967,62,Nairobi,Tier_3,0,0
CUST_04650,2025-10-15 08:01:55.223044,24,Kisumu,Tier_2,0,0
CUST_04651,2025-10-15 13:17:20.608121,64,Nairobi,Tier_2,0,0
CUST_04652,2025-10-15 18:32:45.993198,24,Kisumu,Tier_2,0,0
CUST_04653,2025-10-15 23:48:11.378275,43,Nairobi,Tier_1,1,0
CUST_04654,2025-10-16 05:03:36.763352,57,Mombasa,Tier_3,0,0
CUST_04655,2025-10-16 10:19:02.148429,22,Mombasa,Tier_2,0,0
CUST_04656,2025-10-16 15:34:27.533506,38,Nairobi,Tier_1,1,0
CUST_04657,2025-10-16 20:49:52.918583,31,Kisumu,Tier_3,0,0
CUST_04658,2025-10-17 02:05:18.303660,21,Nairobi,Tier_1,0,1
CUST_04659,2025-10-17 07:20:43.688737,40,Kisumu,Tier_2,0,0
CUST_04660,2025-10-17 12:36:09.073814,59,Nairobi,Tier_1,1,0
CUST_04661,2025-10-17 17:51:34.458891,37,Kisumu,Tier_1,0,0
CUST_04662,2025-10-17 23:06:59.843968,32,Nairobi,Tier_1,0,0
CUST_04663,2025-10-18 04:22:25.229045,67,Mombasa,Tier_1,0,0
CUST_04664,2025-10-18 09:37:50.614122,69,Nairobi,Tier_2,0,0
CUST_04665,2025-10-18 14:53:15.999199,62,Kisumu,Tier_3,0,0
CUST_04666,2025-10-18 20:08:41.384276,46,Nairobi,Tier_2,1,0
CUST_04667,2025-10-19 01:24:06.769353,25,Nakuru,Tier_3,0,0
CUST_04668,2025-10-19 06:39:32.154430,58,Nakuru,Tier_2,0,0
CUST_04669,2025-10-19 11:54:57.539507,65,Nairobi,Tier_2,0,0
CUST_04670,2025-10-19 17:10:22.924584,36,Kisumu,Tier_1,0,1
CUST_04671,2025-10-19 22:25:48.309661,65,Nairobi,Tier_2,1,0
CUST_04672,2025-10-20 03:41:13.694738,56,Nairobi,Tier_2,0,0
CUST_04673,2025-10-20 08:56:39.079815,63,Kisumu,Tier_2,0,1
CUST_04674,2025-10-20 14:12:04.464892,45,Kisumu,Tier_3,0,0
CUST_04675,2025-10-20 19:27:29.849970,63,Kisumu,Tier_2,0,0
CUST_04676,2025-10-21 00:42:55.235047,44,Nairobi,Tier_2,0,0
CUST_04677,2025-10-21 05:58:20.620124,21,Nairobi,Tier_3,1,0
CUST_04678,2025-10-21 11:13:46.005201,32,Nairobi,Tier_2,0,0
CUST_04679,2025-10-21 16:29:11.390278,52,Kisumu,Tier_2,1,0
CUST_04680,2025-10-21 21:44:36.775355,54,Mombasa,Tier_3,1,0
CUST_04681,2025-10-22 03:00:02.160432,18,Kisumu,Tier_2,1,0
CUST_04682,2025-10-22 08:15:27.545509,20,Nairobi,Tier_1,0,0
CUST_04683,2025-10-22 13:30:52.930586,64,Nairobi,Tier_2,0,0
CUST_04684,2025-10-22 18:46:18.315663,41,Nairobi,Tier_2,1,0
CUST_04685,2025-10-23 00:01:43.700740,44,Nairobi,Tier_2,1,1
CUST_04686,2025-10-23 05:17:09.085817,57,Nairobi,Tier_1,1,1
CUST_04687,2025-10-23 10:32:34.470894,53,Nakuru,Tier_3,0,0
CUST_04688,2025-10-23 15:47:59.855971,51,Nakuru,Tier_3,0,0
CUST_04689,2025-10-23 21:03:25.241048,46,Mombasa,Tier_2,1,0
CUST_04690,2025-10-24 02:18:50.626125,41,Mombasa,Tier_2,0,1
CUST_04691,2025-10-24 07:34:16.011202,41,Nairobi,Tier_3,0,0
CUST_04692,2025-10-24 12:49:41.396279,59,Nakuru,Tier_1,0,0
CUST_04693,2025-10-24 18:05:06.781356,21,Nairobi,Tier_2,0,0
CUST_04694,2025-10-24 23:20:32.166433,20,Eldoret,Tier_2,0,0
CUST_04695,2025-10-25 04:35:57.551510,51,Mombasa,Tier_3,0,0
CUST_04696,2025-10-25 09:51:22.936587,66,Nairobi,Tier_1,0,0
CUST_04697,2025-10-25 15:06:48.321664,40,Eldoret,Tier_3,0,0
CUST_04698,2025-10-25 20:22:13.706741,69,Nairobi,Tier_2,0,0
CUST_04699,2025-10-26 01:37:39.091818,40,Mombasa,Tier_2,0,0
CUST_04700,2025-10-26 06:53:04.476895,62,Mombasa,Tier_2,1,0
CUST_04701,2025-10-26 12:08:29.861972,22,Nairobi,Tier_1,0,0
CUST_04702,2025-10-26 17:23:55.247049,48,Mombasa,Tier_3,0,0
CUST_04703,2025-10-26 22:39:20.632126,58,Kisumu,Tier_3,1,0
CUST_04704,2025-10-27 03:54:46.017203,23,Kisumu,Tier_2,1,1
CUST_04705,2025-10-27 09:10:11.402280,54,Nairobi,Tier_3,0,0
CUST_04706,2025-10-27 14:25:36.787357,27,Eldoret,Tier_3,0,0
CUST_04707,2025-10-27 19:41:02.172434,57,Nairobi,Tier_2,0,0
CUST_04708,2025-10-28 00:56:27.557511,24,Nairobi,Tier_2,0,0
CUST_04709,2025-10-28 06:11:52.942588,56,Nairobi,Tier_2,1,0
CUST_04710,2025-10-28 11:27:18.327665,55,Nairobi,Tier_2,1,0
CUST_04711,2025-10-28 16:42:43.712742,38,Nairobi,Tier_1,1,0
CUST_04712,2025-10-28 21:58:09.097819,37,Eldoret,Tier_2,0,0
CUST_04713,2025-10-29 03:13:34.482896,20,Nairobi,Tier_1,0,0
CUST_04714,2025-10-29 08:28:59.867973,68,Nairobi,Tier_3,1,0
CUST_04715,2025-10-29 13:44:25.253050,39,Nairobi,Tier_3,0,0
CUST_04716,2025-10-29 18:59:50.638127,64,Kisumu,Tier_2,0,0
CUST_04717,2025-10-30 00:15:16.023204,21,Nakuru,Tier_2,1,0
CUST_04718,2025-10-30 05:30:41.408281,45,Nairobi,Tier_2,0,0
CUST_04719,2025-10-30 10:46:06.793358,29,Nairobi,Tier_2,0,0
CUST_04720,2025-10-30 16:01:32.178435,55,Nairobi,Tier_2,1,0
CUST_04721,2025-10-30 21:16:57.563512,68,Nairobi,Tier_2,0,0
CUST_04722,2025-10-31 02:32:22.948589,53,Nairobi,Tier_2,0,0
CUST_04723,2025-10-31 07:47:48.333666,64,Mombasa,Tier_1,0,0
CUST_04724,2025-10-31 13:03:13.718743,58,Nairobi,Tier_1,0,0
CUST_04725,2025-10-31 18:18:39.103820,22,Mombasa,Tier_1,0,0
CUST_04726,2025-10-31 23:34:04.488897,30,Nairobi,Tier_3,0,0
CUST_04727,2025-11-01 04:49:29.873974,40,Eldoret,Tier_3,0,0
CUST_04728,2025-11-01 10:04:55.259051,67,Eldoret,Tier_2,1,0
CUST_04729,2025-11-01 15:20:20.644128,47,Mombasa,Tier_2,0,0
CUST_04730,2025-11-01 20:35:46.029205,54,Nairobi,Tier_1,1,1
CUST_04731,2025-11-02 01:51:11.414282,42,Nairobi,Tier_2,0,0
CUST_04732,2025-11-02 07:06:36.799359,65,Mombasa,Tier_1,0,0
CUST_04733,2025-11-02 12:22:02.184436,44,Kisumu,Tier_2,0,0
CUST_04734,2025-11-02 17:37:27.569513,68,Mombasa,Tier_3,0,0
CUST_04735,2025-11-02 22:52:52.954590,31,Nakuru,Tier_1,1,0
CUST_04736,2025-11-03 04:08:18.339667,65,Eldoret,Tier_3,0,0
CUST_04737,2025-11-03 09:23:43.724744,64,Nairobi,Tier_1,0,0
CUST_04738,2025-11-03 14:39:09.109821,53,Mombasa,Tier_2,0,0
CUST_04739,2025-11-03 19:54:34.494898,56,Nairobi,Tier_1,0,0
CUST_04740,2025-11-04 01:09:59.879976,33,Nairobi,Tier_2,0,0
CUST_04741,2025-11-04 06:25:25.265053,39,Mombasa,Tier_1,0,1
CUST_04742,2025-11-04 11:40:50.650130,38,Nairobi,Tier_2,0,0
CUST_04743,2025-11-04 16:56:16.035207,38,Nakuru,Tier_2,0,0
CUST_04744,2025-11-04 22:11:41.420284,25,Nairobi,Tier_2,0,1
CUST_04745,2025-11-05 03:27:06.805361,66,Mombasa,Tier_2,0,0
CUST_04746,2025-11-05 08:42:32.190438,33,Kisumu,Tier_3,0,1
CUST_04747,2025-11-05 13:57:57.575515,48,Kisumu,Tier_2,0,1
CUST_04748,2025-11-05 19:13:22.960592,59,Nairobi,Tier_1,1,0
CUST_04749,2025-11-06 00:28:48.345669,27,Nakuru,Tier_2,1,0
CUST_04750,2025-11-06 05:44:13.730746,49,Mombasa,Tier_3,1,0
CUST_04751,2025-11-06 10:59:39.115823,51,Mombasa,Tier_2,0,0
CUST_04752,2025-11-06 16:15:04.500900,26,Nairobi,Tier_2,1,0
CUST_04753,2025-11-06 21:30:29.885977,34,Mombasa,Tier_1,0,0
CUST_04754,2025-11-07 02:45:55.271054,28,Nakuru,Tier_2,1,0
CUST_04755,2025-11-07 08:01:20.656131,49,Kisumu,Tier_2,0,0
CUST_04756,2025-11-07 13:16:46.041208,27,Nakuru,Tier_3,0,0
CUST_04757,2025-11-07 18:32:11.426285,39,Mombasa,Tier_3,0,0
CUST_04758,2025-11-07 23:47:36.811362,34,Nairobi,Tier_1,0,0
CUST_04759,2025-11-08 05:03:02.196439,21,Nairobi,Tier_2,1,1
CUST_04760,2025-11-08 10:18:27.581516,65,Nairobi,Tier_2,1,0
CUST_04761,2025-11-08 15:33:52.966593,69,Kisumu,Tier_2,1,0
CUST_04762,2025-11-08 20:49:18.351670,64,Nakuru,Tier_3,0,0
CUST_04763,2025-11-09 02:04:43.736747,42,Nairobi,Tier_2,0,0
CUST_04764,2025-11-09 07:20:09.121824,38,Mombasa,Tier_2,0,1
CUST_04765,2025-11-09 12:35:34.506901,54,Mombasa,Tier_2,1,0
CUST_04766,2025-11-09 17:50:59.891978,55,Mombasa,Tier_3,0,1
CUST_04767,2025-11-09 23:06:25.277055,66,Nairobi,Tier_2,1,0
CUST_04768,2025-11-10 04:21:50.662132,18,Nairobi,Tier_2,0,1
CUST_04769,2025-11-10 09:37:16.047209,42,Nairobi,Tier_2,0,0
CUST_04770,2025-11-10 14:52:41.432286,68,Nairobi,Tier_2,1,0
CUST_04771,2025-11-10 20:08:06.817363,53,Nairobi,Tier_3,0,0
CUST_04772,2025-11-11 01:23:32.202440,34,Nairobi,Tier_2,0,0
CUST_04773,2025-11-11 06:38:57.587517,58,Kisumu,Tier_2,0,1
CUST_04774,2025-11-11 11:54:22.972594,41,Nairobi,Tier_2,1,0
CUST_04775,2025-11-11 17:09:48.357671,19,Eldoret,Tier_3,0,0
CUST_04776,2025-11-11 22:25:13.742748,57,Nairobi,Tier_2,0,1
CUST_04777,2025-11-12 03:40:39.127825,32,Nairobi,Tier_1,0,0
CUST_04778,2025-11-12 08:56:04.512902,49,Nairobi,Tier_2,0,0
CUST_04779,2025-11-12 14:11:29.897979,56,Nairobi,Tier_2,0,0
CUST_04780,2025-11-12 19:26:55.283056,23,Nakuru,Tier_3,0,0
CUST_04781,2025-11-13 00:42:20.668133,18,Nairobi,Tier_3,1,0
CUST_04782,2025-11-13 05:57:46.053210,64,Eldoret,Tier_2,1,0
CUST_04783,2025-11-13 11:13:11.438287,40,Nakuru,Tier_1,0,1
CUST_04784,2025-11-13 16:28:36.823364,56,Mombasa,Tier_3,1,0
CUST_04785,2025-11-13 21:44:02.208441,34,Mombasa,Tier_2,0,1
CUST_04786,2025-11-14 02:59:27.593518,51,Kisumu,Tier_2,0,0
CUST_04787,2025-11-14 08:14:52.978595,58,Nairobi,Tier_2,0,0
CUST_04788,2025-11-14 13:30:18.363672,46,Kisumu,Tier_2,0,1
CUST_04789,2025-11-14 18:45:43.748749,26,Nairobi,Tier_2,0,0
CUST_04790,2025-11-15 00:01:09.133826,30,Nairobi,Tier_3,0,0
CUST_04791,2025-11-15 05:16:34.518903,23,Mombasa,Tier_3,1,0
CUST_04792,2025-11-15 10:31:59.903980,23,Mombasa,Tier_2,0,1
CUST_04793,2025-11-15 15:47:25.289057,37,Nakuru,Tier_2,0,0
CUST_04794,2025-11-15 21:02:50.674134,69,Nairobi,Tier_1,0,1
CUST_04795,2025-11-16 02:18:16.059211,20,Nakuru,Tier_1,0,0
CUST_04796,2025-11-16 07:33:41.444288,34,Nairobi,Tier_2,0,1
CUST_04797,2025-11-16 12:49:06.829365,66,Nairobi,Tier_2,0,0
CUST_04798,2025-11-16 18:04:32.214442,29,Nairobi,Tier_3,1,0
CUST_04799,2025-11-16 23:19:57.599519,65,Mombasa,Tier_3,1,0
CUST_04800,2025-11-17 04:35:22.984596,64,Nairobi,Tier_2,0,1
CUST_04801,2025-11-17 09:50:48.369673,62,Mombasa,Tier_2,0,0
CUST_04802,2025-11-17 15:06:13.754750,18,Nakuru,Tier_1,1,0
CUST_04803,2025-11-17 20:21:39.139827,34,Mombasa,Tier_3,0,0
CUST_04804,2025-11-18 01:37:04.524904,20,Mombasa,Tier_2,0,0
CUST_04805,2025-11-18 06:52:29.909982,43,Nakuru,Tier_1,0,0
CUST_04806,2025-11-18 12:07:55.295059,32,Kisumu,Tier_2,0,0
CUST_04807,2025-11-18 17:23:20.680136,53,Mombasa,Tier_3,1,0
CUST_04808,2025-11-18 22:38:46.065213,49,Nairobi,Tier_3,0,0
CUST_04809,2025-11-19 03:54:11.450290,49,Nakuru,Tier_1,0,0
CUST_04810,2025-11-19 09:09:36.835367,21,Mombasa,Tier_3,0,1
CUST_04811,2025-11-19 14:25:02.220444,35,Nairobi,Tier_2,0,0
CUST_04812,2025-11-19 19:40:27.605521,66,Nairobi,Tier_1,1,1
CUST_04813,2025-11-20 00:55:52.990598,36,Nakuru,Tier_3,0,0
CUST_04814,2025-11-20 06:11:18.375675,60,Nairobi,Tier_3,0,0
CUST_04815,2025-11-20 11:26:43.760752,69,Eldoret,Tier_2,1,0
CUST_04816,2025-11-20 16:42:09.145829,52,Nairobi,Tier_2,0,0
CUST_04817,2025-11-20 21:57:34.530906,57,Nakuru,Tier_3,0,0
CUST_04818,2025-11-21 03:12:59.915983,31,Nairobi,Tier_3,0,0
CUST_04819,2025-11-21 08:28:25.301060,50,Mombasa,Tier_3,0,0
CUST_04820,2025-11-21 13:43:50.686137,31,Nakuru,Tier_2,0,0
CUST_04821,2025-11-21 18:59:16.071214,51,Mombasa,Tier_3,0,0
CUST_04822,2025-11-22 00:14:41.456291,21,Mombasa,Tier_3,0,0
CUST_04823,2025-11-22 05:30:06.841368,41,Nairobi,Tier_1,1,0
CUST_04824,2025-11-22 10:45:32.226445,46,Nairobi,Tier_3,0,0
CUST_04825,2025-11-22 16:00:57.611522,36,Nairobi,Tier_2,0,0
CUST_04826,2025-11-22 21:16:22.996599,23,Kisumu,Tier_2,0,0
CUST_04827,2025-11-23 02:31:48.381676,50,Nairobi,Tier_2,1,0
CUST_04828,2025-11-23 07:47:13.766753,66,Nairobi,Tier_1,0,0
CUST_04829,2025-11-23 13:02:39.151830,57,Mombasa,Tier_2,1,0
CUST_04830,2025-11-23 18:18:04.536907,36,Kisumu,Tier_3,0,0
CUST_04831,2025-11-23 23:33:29.921984,18,Kisumu,Tier_2,1,0
CUST_04832,2025-11-24 04:48:55.307061,22,Nairobi,Tier_2,0,0
CUST_04833,2025-11-24 10:04:20.692138,44,Nairobi,Tier_3,0,0
CUST_04834,2025-11-24 15:19:46.077215,33,Eldoret,Tier_2,0,0
CUST_04835,2025-11-24 20:35:11.462292,23,Nairobi,Tier_2,1,0
CUST_04836,2025-11-25 01:50:36.847369,57,Nakuru,Tier_2,0,0
CUST_04837,2025-11-25 07:06:02.232446,30,Nakuru,Tier_2,0,0
CUST_04838,2025-11-25 12:21:27.617523,65,Nakuru,Tier_2,0,0
CUST_04839,2025-11-25 17:36:53.002600,52,Nairobi,Tier_3,1,0
CUST_04840,2025-11-25 22:52:18.387677,36,Nakuru,Tier_2,1,0
CUST_04841,2025-11-26 04:07:43.772754,29,Nakuru,Tier_3,0,0
CUST_04842,2025-11-26 09:23:09.157831,33,Mombasa,Tier_2,0,0
CUST_04843,2025-11-26 14:38:34.542908,60,Nairobi,Tier_2,0,0
CUST_04844,2025-11-26 19:53:59.927985,27,Nairobi,Tier_2,1,0
CUST_04845,2025-11-27 01:09:25.313062,42,Nairobi,Tier_3,1,0
CUST_04846,2025-11-27 06:24:50.698139,37,Mombasa,Tier_2,0,0
CUST_04847,2025-11-27 11:40:16.083216,48,Mombasa,Tier_1,0,0
CUST_04848,2025-11-27 16:55:41.468293,21,Nairobi,Tier_1,1,1
CUST_04849,2025-11-27 22:11:06.853370,61,Mombasa,Tier_2,1,0
CUST_04850,2025-11-28 03:26:32.238447,40,Nairobi,Tier_2,0,0
CUST_04851,2025-11-28 08:41:57.623524,19,Kisumu,Tier_2,0,1
CUST_04852,2025-11-28 13:57:23.008601,39,Eldoret,Tier_1,0,0
CUST_04853,2025-11-28 19:12:48.393678,68,Nairobi,Tier_3,0,0
CUST_04854,2025-11-29 00:28:13.778755,54,Nairobi,Tier_2,0,0
CUST_04855,2025-11-29 05:43:39.163832,25,Nairobi,Tier_2,0,0
CUST_04856,2025-11-29 10:59:04.548909,24,Kisumu,Tier_2,0,0
CUST_04857,2025-11-29 16:14:29.933986,31,Kisumu,Tier_2,0,0
CUST_04858,2025-11-29 21:29:55.319063,20,Eldoret,Tier_3,0,0
CUST_04859,2025-11-30 02:45:20.704140,67,Nairobi,Tier_1,0,0
CUST_04860,2025-11-30 08:00:46.089217,33,Eldoret,Tier_2,1,1
CUST_04861,2025-11-30 13:16:11.474294,36,Nairobi,Tier_3,0,0
CUST_04862,2025-11-30 18:31:36.859371,68,Kisumu,Tier_2,0,0
CUST_04863,2025-11-30 23:47:02.244448,35,Nairobi,Tier_2,0,0
CUST_04864,2025-12-01 05:02:27.629525,69,Nakuru,Tier_2,1,0
CUST_04865,2025-12-01 10:17:53.014602,33,Mombasa,Tier_3,1,0
CUST_04866,2025-12-01 15:33:18.399679,25,Kisumu,Tier_3,0,0
CUST_04867,2025-12-01 20:48:43.784756,50,Nakuru,Tier_3,1,0
CUST_04868,2025-12-02 02:04:09.169833,66,Nairobi,Tier_2,0,0
CUST_04869,2025-12-02 07:19:34.554910,29,Nairobi,Tier_3,1,0
CUST_04870,2025-12-02 12:34:59.939988,28,Nakuru,Tier_1,0,0
CUST_04871,2025-12-02 17:50:25.325065,22,Nairobi,Tier_1,0,0
CUST_04872,2025-12-02 23:05:50.710142,44,Nairobi,Tier_3,0,0
CUST_04873,2025-12-03 04:21:16.095219,29,Mombasa,Tier_1,0,0
CUST_04874,2025-12-03 09:36:41.480296,34,Mombasa,Tier_1,0,0
CUST_04875,2025-12-03 14:52:06.865373,23,Nairobi,Tier_2,1,0
CUST_04876,2025-12-03 20:07:32.250450,50,Nairobi,Tier_2,1,0
CUST_04877,2025-12-04 01:22:57.635527,22,Nairobi,Tier_3,0,0
CUST_04878,2025-12-04 06:38:23.020604,45,Mombasa,Tier_2,0,1
CUST_04879,2025-12-04 11:53:48.405681,31,Nakuru,Tier_2,0,0
CUST_04880,2025-12-04 17:09:13.790758,22,Eldoret,Tier_2,0,0
CUST_04881,2025-12-04 22:24:39.175835,50,Kisumu,Tier_3,0,0
CUST_04882,2025-12-05 03:40:04.560912,67,Nairobi,Tier_3,0,0
CUST_04883,2025-12-05 08:55:29.945989,65,Eldoret,Tier_2,1,0
CUST_04884,2025-12-05 14:10:55.331066,58,Mombasa,Tier_3,0,1
CUST_04885,2025-12-05 19:26:20.716143,36,Nairobi,Tier_3,0,0
CUST_04886,2025-12-06 00:41:46.101220,39,Eldoret,Tier_1,0,0
CUST_04887,2025-12-06 05:57:11.486297,22,Nakuru,Tier_1,0,0
CUST_04888,2025-12-06 11:12:36.871374,19,Kisumu,Tier_1,0,0
CUST_04889,2025-12-06 16:28:02.256451,47,Kisumu,Tier_3,1,0
CUST_04890,2025-12-06 21:43:27.641528,64,Nairobi,Tier_1,0,0
CUST_04891,2025-12-07 02:58:53.026605,56,Nairobi,Tier_2,0,0
CUST_04892,2025-12-07 08:14:18.411682,21,Kisumu,Tier_1,1,0
CUST_04893,2025-12-07 13:29:43.796759,50,Nairobi,Tier_3,0,0
CUST_04894,2025-12-07 18:45:09.181836,30,Mombasa,Tier_2,1,0
CUST_04895,2025-12-08 00:00:34.566913,37,Nakuru,Tier_3,0,0
CUST_04896,2025-12-08 05:15:59.951990,24,Nakuru,Tier_3,0,0
CUST_04897,2025-12-08 10:31:25.337067,32,Mombasa,Tier_1,1,0
CUST_04898,2025-12-08 15:46:50.722144,40,Nakuru,Tier_2,1,0
CUST_04899,2025-12-08 21:02:16.107221,31,Nakuru,Tier_1,0,1
CUST_04900,2025-12-09 02:17:41.492298,40,Kisumu,Tier_3,0,0
CUST_04901,2025-12-09 07:33:06.877375,36,Nairobi,Tier_2,1,0
CUST_04902,2025-12-09 12:48:32.262452,46,Nairobi,Tier_1,0,0
CUST_04903,2025-12-09 18:03:57.647529,37,Nairobi,Tier_1,0,0
CUST_04904,2025-12-09 23:19:23.032606,46,Nairobi,Tier_2,1,0
CUST_04905,2025-12-10 04:34:48.417683,41,Nairobi,Tier_3,0,0
CUST_04906,2025-12-10 09:50:13.802760,35,Nairobi,Tier_2,1,0
CUST_04907,2025-12-10 15:05:39.187837,27,Mombasa,Tier_3,1,0
CUST_04908,2025-12-10 20:21:04.572914,58,Eldoret,Tier_2,0,0
CUST_04909,2025-12-11 01:36:29.957991,25,Nairobi,Tier_1,1,0
CUST_04910,2025-12-11 06:51:55.343068,43,Kisumu,Tier_3,0,0
CUST_04911,2025-12-11 12:07:20.728145,46,Kisumu,Tier_1,0,0
CUST_04912,2025-12-11 17:22:46.113222,27,Nairobi,Tier_3,0,0
CUST_04913,2025-12-11 22:38:11.498299,34,Eldoret,Tier_2,1,0
CUST_04914,2025-12-12 03:53:36.883376,19,Mombasa,Tier_1,1,0
CUST_04915,2025-12-12 09:09:02.268453,23,Nairobi,Tier_2,0,0
CUST_04916,2025-12-12 14:24:27.653530,22,Nakuru,Tier_3,0,0
CUST_04917,2025-12-12 19:39:53.038607,45,Nairobi,Tier_3,1,0
CUST_04918,2025-12-13 00:55:18.423684,58,Kisumu,Tier_1,0,1
CUST_04919,2025-12-13 06:10:43.808761,22,Nairobi,Tier_1,0,1
CUST_04920,2025-12-13 11:26:09.193838,35,Nakuru,Tier_2,0,0
CUST_04921,2025-12-13 16:41:34.578915,43,Mombasa,Tier_2,1,1
CUST_04922,2025-12-13 21:56:59.963992,37,Kisumu,Tier_3,1,0
CUST_04923,2025-12-14 03:12:25.349069,58,Nairobi,Tier_1,1,0
CUST_04924,2025-12-14 08:27:50.734146,66,Kisumu,Tier_3,0,0
CUST_04925,2025-12-14 13:43:16.119223,44,Nakuru,Tier_2,1,0
CUST_04926,2025-12-14 18:58:41.504300,66,Mombasa,Tier_3,0,0
CUST_04927,2025-12-15 00:14:06.889377,29,Kisumu,Tier_2,1,0
CUST_04928,2025-12-15 05:29:32.274454,24,Mombasa,Tier_2,0,0
CUST_04929,2025-12-15 10:44:57.659531,20,Nakuru,Tier_3,0,0
CUST_04930,2025-12-15 16:00:23.044608,27,Mombasa,Tier_2,0,0
CUST_04931,2025-12-15 21:15:48.429685,51,Nakuru,Tier_3,0,0
CUST_04932,2025-12-16 02:31:13.814762,42,Nakuru,Tier_3,1,0
CUST_04933,2025-12-16 07:46:39.199839,52,Mombasa,Tier_2,1,0
CUST_04934,2025-12-16 13:02:04.584916,33,Nairobi,Tier_2,0,1
CUST_04935,2025-12-16 18:17:29.969994,19,Mombasa,Tier_1,1,0
CUST_04936,2025-12-16 23:32:55.355071,41,Nakuru,Tier_1,0,0
CUST_04937,2025-12-17 04:48:20.740148,27,Nairobi,Tier_2,1,0
CUST_04938,2025-12-17 10:03:46.125225,55,Mombasa,Tier_1,1,0
CUST_04939,2025-12-17 15:19:11.510302,39,Nakuru,Tier_2,1,0
CUST_04940,2025-12-17 20:34:36.895379,43,Nairobi,Tier_2,0,1
CUST_04941,2025-12-18 01:50:02.280456,60,Kisumu,Tier_2,0,0
CUST_04942,2025-12-18 07:05:27.665533,56,Nairobi,Tier_2,1,0
CUST_04943,2025-12-18 12:20:53.050610,44,Nairobi,Tier_1,0,0
CUST_04944,2025-12-18 17:36:18.435687,46,Nakuru,Tier_1,1,0
CUST_04945,2025-12-18 22:51:43.820764,64,Nairobi,Tier_2,1,0
CUST_04946,2025-12-19 04:07:09.205841,55,Nairobi,Tier_2,0,0
CUST_04947,2025-12-19 09:22:34.590918,37,Nakuru,Tier_2,1,0
CUST_04948,2025-12-19 14:37:59.975995,44,Nairobi,Tier_2,1,0
CUST_04949,2025-12-19 19:53:25.361072,58,Eldoret,Tier_3,0,0
CUST_04950,2025-12-20 01:08:50.746149,37,Eldoret,Tier_2,0,0
CUST_04951,2025-12-20 06:24:16.131226,61,Nairobi,Tier_2,1,0
CUST_04952,2025-12-20 11:39:41.516303,36,Nairobi,Tier_3,0,0
CUST_04953,2025-12-20 16:55:06.901380,37,Kisumu,Tier_3,0,0
CUST_04954,2025-12-20 22:10:32.286457,52,Mombasa,Tier_2,1,0
CUST_04955,2025-12-21 03:25:57.671534,64,Nairobi,Tier_2,0,0
CUST_04956,2025-12-21 08:41:23.056611,19,Kisumu,Tier_1,1,0
CUST_04957,2025-12-21 13:56:48.441688,47,Nairobi,Tier_2,0,0
CUST_04958,2025-12-21 19:12:13.826765,51,Nakuru,Tier_3,0,0
CUST_04959,2025-12-22 00:27:39.211842,39,Nairobi,Tier_2,1,0
CUST_04960,2025-12-22 05:43:04.596919,20,Nairobi,Tier_3,0,1
CUST_04961,2025-12-22 10:58:29.981996,23,Nairobi,Tier_2,1,1
CUST_04962,2025-12-22 16:13:55.367073,32,Eldoret,Tier_3,1,0
CUST_04963,2025-12-22 21:29:20.752150,44,Kisumu,Tier_2,1,0
CUST_04964,2025-12-23 02:44:46.137227,27,Nakuru,Tier_1,0,0
CUST_04965,2025-12-23 08:00:11.522304,26,Nairobi,Tier_2,0,0
CUST_04966,2025-12-23 13:15:36.907381,50,Nairobi,Tier_2,1,0
CUST_04967,2025-12-23 18:31:02.292458,49,Nairobi,Tier_1,0,0
CUST_04968,2025-12-23 23:46:27.677535,65,Mombasa,Tier_3,0,0
CUST_04969,2025-12-24 05:01:53.062612,23,Mombasa,Tier_2,0,0
CUST_04970,2025-12-24 10:17:18.447689,58,Kisumu,Tier_3,0,0
CUST_04971,2025-12-24 15:32:43.832766,53,Nairobi,Tier_2,1,1
CUST_04972,2025-12-24 20:48:09.217843,19,Eldoret,Tier_1,1,0
CUST_04973,2025-12-25 02:03:34.602920,46,Nairobi,Tier_3,1,0
CUST_04974,2025-12-25 07:18:59.987997,21,Eldoret,Tier_2,0,0
CUST_04975,2025-12-25 12:34:25.373074,18,Nairobi,Tier_2,1,0
CUST_04976,2025-12-25 17:49:50.758151,36,Mombasa,Tier_2,0,0
CUST_04977,2025-12-25 23:05:16.143228,43,Nairobi,Tier_2,0,1
CUST_04978,2025-12-26 04:20:41.528305,42,Mombasa,Tier_3,0,0
CUST_04979,2025-12-26 09:36:06.913382,27,Mombasa,Tier_2,1,0
CUST_04980,2025-12-26 14:51:32.298459,32,Mombasa,Tier_2,1,0
CUST_04981,2025-12-26 20:06:57.683536,39,Mombasa,Tier_3,1,0
CUST_04982,2025-12-27 01:22:23.068613,68,Kisumu,Tier_1,1,0
CUST_04983,2025-12-27 06:37:48.453690,65,Kisumu,Tier_2,1,0
CUST_04984,2025-12-27 11:53:13.838767,38,Nakuru,Tier_3,0,0
CUST_04985,2025-12-27 17:08:39.223844,39,Nairobi,Tier_2,1,0
CUST_04986,2025-12-27 22:24:04.608921,53,Kisumu,Tier_3,0,0
CUST_04987,2025-12-28 03:39:29.993998,51,Mombasa,Tier_2,0,0
CUST_04988,2025-12-28 08:54:55.379075,47,Nairobi,Tier_3,0,0
CUST_04989,2025-12-28 14:10:20.764152,42,Mombasa,Tier_3,0,0
CUST_04990,2025-12-28 19:25:46.149229,62,Nairobi,Tier_2,0,0
CUST_04991,2025-12-29 00:41:11.534306,45,Nairobi,Tier_1,0,0
CUST_04992,2025-12-29 05:56:36.919383,18,Nairobi,Tier_2,0,0
CUST_04993,2025-12-29 11:12:02.304460,66,Nairobi,Tier_3,1,0
CUST_04994,2025-12-29 16:27:27.689537,62,Kisumu,Tier_2,1,0
CUST_04995,2025-12-29 21:42:53.074614,21,Kisumu,Tier_1,0,0
CUST_04996,2025-12-30 02:58:18.459691,24,Eldoret,Tier_2,0,0
CUST_04997,2025-12-30 08:13:43.844768,66,Kisumu,Tier_3,0,0
CUST_04998,2025-12-30 13:29:09.229845,26,Nairobi,Tier_2,0,0
CUST_04999,2025-12-30 18:44:34.614922,53,Nakuru,Tier_2,0,0
CUST_05000,2025-12-31 00:00:00.000000,36,Nakuru,Tier_1,1,0
